[2m3:41:54 pm[22m [31m[1m[vite][22m[39m [31mws proxy error:[39m
Error: write ECONNABORTED
    at afterWriteDispatched (node:internal/stream_base_commons:159:15)
    at writeGeneric (node:internal/stream_base_commons:150:3)
    at Socket._writeGeneric (node:net:1025:11)
    at Socket._write (node:net:1037:8)
    at writeOrBuffer (node:internal/streams/writable:570:12)
    at _write (node:internal/streams/writable:499:10)
    at Writable.write (node:internal/streams/writable:508:10)
    at writeChunk (file:///C:/Users/NAKULSHARMA/Downloads/developmentsync-main/frontend/node_modules/vite/dist/node/chunks/config.js:21693:13)
    at IncomingMessage.<anonymous> (file:///C:/Users/NAKULSHARMA/Downloads/developmentsync-main/frontend/node_modules/vite/dist/node/chunks/config.js:21702:6)
    at IncomingMessage.emit (node:events:509:28)
[2m3:41:54 pm[22m [31m[1m[vite][22m[39m [31mws proxy socket error:[39m
Error: write ECONNABORTED
    at afterWriteDispatched (node:internal/stream_base_commons:159:15)
    at writeGeneric (node:internal/stream_base_commons:150:3)
    at Socket._writeGeneric (node:net:1025:11)
    at Socket._write (node:net:1037:8)
    at writeOrBuffer (node:internal/streams/writable:570:12)
    at _write (node:internal/streams/writable:499:10)
    at Writable.write (node:internal/streams/writable:508:10)
    at writeChunk (file:///C:/Users/NAKULSHARMA/Downloads/developmentsync-main/frontend/node_modules/vite/dist/node/chunks/config.js:21693:13)
    at IncomingMessage.<anonymous> (file:///C:/Users/NAKULSHARMA/Downloads/developmentsync-main/frontend/node_modules/vite/dist/node/chunks/config.js:21702:6)
    at IncomingMessage.emit (node:events:509:28)
[2m3:41:56 pm[22m [31m[1m[vite][22m[39m [31mws proxy error:[39m
Error: write ECONNABORTED
    at afterWriteDispatched (node:internal/stream_base_commons:159:15)
    at writeGeneric (node:internal/stream_base_commons:150:3)
    at Socket._writeGeneric (node:net:1025:11)
    at Socket._write (node:net:1037:8)
    at writeOrBuffer (node:internal/streams/writable:570:12)
    at _write (node:internal/streams/writable:499:10)
    at Writable.write (node:internal/streams/writable:508:10)
    at writeChunk (file:///C:/Users/NAKULSHARMA/Downloads/developmentsync-main/frontend/node_modules/vite/dist/node/chunks/config.js:21695:13)
    at IncomingMessage.<anonymous> (file:///C:/Users/NAKULSHARMA/Downloads/developmentsync-main/frontend/node_modules/vite/dist/node/chunks/config.js:21702:6)
    at IncomingMessage.emit (node:events:509:28)
[2m3:41:56 pm[22m [31m[1m[vite][22m[39m [31mws proxy socket error:[39m
Error: write ECONNABORTED
    at afterWriteDispatched (node:internal/stream_base_commons:159:15)
    at writeGeneric (node:internal/stream_base_commons:150:3)
    at Socket._writeGeneric (node:net:1025:11)
    at Socket._write (node:net:1037:8)
    at writeOrBuffer (node:internal/streams/writable:570:12)
    at _write (node:internal/streams/writable:499:10)
    at Writable.write (node:internal/streams/writable:508:10)
    at writeChunk (file:///C:/Users/NAKULSHARMA/Downloads/developmentsync-main/frontend/node_modules/vite/dist/node/chunks/config.js:21695:13)
    at IncomingMessage.<anonymous> (file:///C:/Users/NAKULSHARMA/Downloads/developmentsync-main/frontend/node_modules/vite/dist/node/chunks/config.js:21702:6)
    at IncomingMessage.emit (node:events:509:28)
[2m3:42:02 pm[22m [31m[1m[vite][22m[39m [31mws proxy error:[39m
Error: write ECONNABORTED
    at afterWriteDispatched (node:internal/stream_base_commons:159:15)
    at writeGeneric (node:internal/stream_base_commons:150:3)
    at Socket._writeGeneric (node:net:1025:11)
    at Socket._write (node:net:1037:8)
    at writeOrBuffer (node:internal/streams/writable:570:12)
    at _write (node:internal/streams/writable:499:10)
    at Writable.write (node:internal/streams/writable:508:10)
    at writeChunk (file:///C:/Users/NAKULSHARMA/Downloads/developmentsync-main/frontend/node_modules/vite/dist/node/chunks/config.js:21692:13)
    at IncomingMessage.<anonymous> (file:///C:/Users/NAKULSHARMA/Downloads/developmentsync-main/frontend/node_modules/vite/dist/node/chunks/config.js:21705:6)
    at IncomingMessage.emit (node:events:521:24)
[2m3:42:02 pm[22m [31m[1m[vite][22m[39m [31mws proxy socket error:[39m
Error: write ECONNABORTED
    at afterWriteDispatched (node:internal/stream_base_commons:159:15)
    at writeGeneric (node:internal/stream_base_commons:150:3)
    at Socket._writeGeneric (node:net:1025:11)
    at Socket._write (node:net:1037:8)
    at writeOrBuffer (node:internal/streams/writable:570:12)
    at _write (node:internal/streams/writable:499:10)
    at Writable.write (node:internal/streams/writable:508:10)
    at writeChunk (file:///C:/Users/NAKULSHARMA/Downloads/developmentsync-main/frontend/node_modules/vite/dist/node/chunks/config.js:21692:13)
    at IncomingMessage.<anonymous> (file:///C:/Users/NAKULSHARMA/Downloads/developmentsync-main/frontend/node_modules/vite/dist/node/chunks/config.js:21705:6)
    at IncomingMessage.emit (node:events:521:24)
[2m3:42:04 pm[22m [31m[1m[vite][22m[39m [31mws proxy error:[39m
Error: write ECONNABORTED
    at afterWriteDispatched (node:internal/stream_base_commons:159:15)
    at writeGeneric (node:internal/stream_base_commons:150:3)
    at Socket._writeGeneric (node:net:1025:11)
    at Socket._write (node:net:1037:8)
    at writeOrBuffer (node:internal/streams/writable:570:12)
    at _write (node:internal/streams/writable:499:10)
    at Writable.write (node:internal/streams/writable:508:10)
    at writeChunk (file:///C:/Users/NAKULSHARMA/Downloads/developmentsync-main/frontend/node_modules/vite/dist/node/chunks/config.js:21693:13)
    at IncomingMessage.<anonymous> (file:///C:/Users/NAKULSHARMA/Downloads/developmentsync-main/frontend/node_modules/vite/dist/node/chunks/config.js:21702:6)
    at IncomingMessage.emit (node:events:509:28)
[2m3:42:04 pm[22m [31m[1m[vite][22m[39m [31mws proxy socket error:[39m
Error: write ECONNABORTED
    at afterWriteDispatched (node:internal/stream_base_commons:159:15)
    at writeGeneric (node:internal/stream_base_commons:150:3)
    at Socket._writeGeneric (node:net:1025:11)
    at Socket._write (node:net:1037:8)
    at writeOrBuffer (node:internal/streams/writable:570:12)
    at _write (node:internal/streams/writable:499:10)
    at Writable.write (node:internal/streams/writable:508:10)
    at writeChunk (file:///C:/Users/NAKULSHARMA/Downloads/developmentsync-main/frontend/node_modules/vite/dist/node/chunks/config.js:21693:13)
    at IncomingMessage.<anonymous> (file:///C:/Users/NAKULSHARMA/Downloads/developmentsync-main/frontend/node_modules/vite/dist/node/chunks/config.js:21702:6)
    at IncomingMessage.emit (node:events:509:28)
[2m3:42:06 pm[22m [31m[1m[vite][22m[39m [31mws proxy error:[39m
Error: write ECONNABORTED
    at afterWriteDispatched (node:internal/stream_base_commons:159:15)
    at writeGeneric (node:internal/stream_base_commons:150:3)
    at Socket._writeGeneric (node:net:1025:11)
    at Socket._write (node:net:1037:8)
    at writeOrBuffer (node:internal/streams/writable:570:12)
    at _write (node:internal/streams/writable:499:10)
    at Writable.write (node:internal/streams/writable:508:10)
    at writeChunk (file:///C:/Users/NAKULSHARMA/Downloads/developmentsync-main/frontend/node_modules/vite/dist/node/chunks/config.js:21695:13)
    at IncomingMessage.<anonymous> (file:///C:/Users/NAKULSHARMA/Downloads/developmentsync-main/frontend/node_modules/vite/dist/node/chunks/config.js:21702:6)
    at IncomingMessage.emit (node:events:509:28)
[2m3:42:06 pm[22m [31m[1m[vite][22m[39m [31mws proxy socket error:[39m
Error: write ECONNABORTED
    at afterWriteDispatched (node:internal/stream_base_commons:159:15)
    at writeGeneric (node:internal/stream_base_commons:150:3)
    at Socket._writeGeneric (node:net:1025:11)
    at Socket._write (node:net:1037:8)
    at writeOrBuffer (node:internal/streams/writable:570:12)
    at _write (node:internal/streams/writable:499:10)
    at Writable.write (node:internal/streams/writable:508:10)
    at writeChunk (file:///C:/Users/NAKULSHARMA/Downloads/developmentsync-main/frontend/node_modules/vite/dist/node/chunks/config.js:21695:13)
    at IncomingMessage.<anonymous> (file:///C:/Users/NAKULSHARMA/Downloads/developmentsync-main/frontend/node_modules/vite/dist/node/chunks/config.js:21702:6)
    at IncomingMessage.emit (node:events:509:28)
[2m3:42:08 pm[22m [31m[1m[vite][22m[39m [31mws proxy error:[39m
Error: write ECONNABORTED
    at afterWriteDispatched (node:internal/stream_base_commons:159:15)
    at writeGeneric (node:internal/stream_base_commons:150:3)
    at Socket._writeGeneric (node:net:1025:11)
    at Socket._write (node:net:1037:8)
    at writeOrBuffer (node:internal/streams/writable:570:12)
    at _write (node:internal/streams/writable:499:10)
    at Writable.write (node:internal/streams/writable:508:10)
    at writeChunk (file:///C:/Users/NAKULSHARMA/Downloads/developmentsync-main/frontend/node_modules/vite/dist/node/chunks/config.js:21692:13)
    at IncomingMessage.<anonymous> (file:///C:/Users/NAKULSHARMA/Downloads/developmentsync-main/frontend/node_modules/vite/dist/node/chunks/config.js:21705:6)
    at IncomingMessage.emit (node:events:521:24)
[2m3:42:08 pm[22m [31m[1m[vite][22m[39m [31mws proxy socket error:[39m
Error: write ECONNABORTED
    at afterWriteDispatched (node:internal/stream_base_commons:159:15)
    at writeGeneric (node:internal/stream_base_commons:150:3)
    at Socket._writeGeneric (node:net:1025:11)
    at Socket._write (node:net:1037:8)
    at writeOrBuffer (node:internal/streams/writable:570:12)
    at _write (node:internal/streams/writable:499:10)
    at Writable.write (node:internal/streams/writable:508:10)
    at writeChunk (file:///C:/Users/NAKULSHARMA/Downloads/developmentsync-main/frontend/node_modules/vite/dist/node/chunks/config.js:21692:13)
    at IncomingMessage.<anonymous> (file:///C:/Users/NAKULSHARMA/Downloads/developmentsync-main/frontend/node_modules/vite/dist/node/chunks/config.js:21705:6)
    at IncomingMessage.emit (node:events:521:24)
[2m3:42:10 pm[22m [31m[1m[vite][22m[39m [31mws proxy error:[39m
Error: write ECONNABORTED
    at afterWriteDispatched (node:internal/stream_base_commons:159:15)
    at writeGeneric (node:internal/stream_base_commons:150:3)
    at Socket._writeGeneric (node:net:1025:11)
    at Socket._write (node:net:1037:8)
    at writeOrBuffer (node:internal/streams/writable:570:12)
    at _write (node:internal/streams/writable:499:10)
    at Writable.write (node:internal/streams/writable:508:10)
    at writeChunk (file:///C:/Users/NAKULSHARMA/Downloads/developmentsync-main/frontend/node_modules/vite/dist/node/chunks/config.js:21694:13)
    at IncomingMessage.<anonymous> (file:///C:/Users/NAKULSHARMA/Downloads/developmentsync-main/frontend/node_modules/vite/dist/node/chunks/config.js:21702:6)
    at IncomingMessage.emit (node:events:509:28)
[2m3:42:10 pm[22m [31m[1m[vite][22m[39m [31mws proxy socket error:[39m
Error: write ECONNABORTED
    at afterWriteDispatched (node:internal/stream_base_commons:159:15)
    at writeGeneric (node:internal/stream_base_commons:150:3)
    at Socket._writeGeneric (node:net:1025:11)
    at Socket._write (node:net:1037:8)
    at writeOrBuffer (node:internal/streams/writable:570:12)
    at _write (node:internal/streams/writable:499:10)
    at Writable.write (node:internal/streams/writable:508:10)
    at writeChunk (file:///C:/Users/NAKULSHARMA/Downloads/developmentsync-main/frontend/node_modules/vite/dist/node/chunks/config.js:21694:13)
    at IncomingMessage.<anonymous> (file:///C:/Users/NAKULSHARMA/Downloads/developmentsync-main/frontend/node_modules/vite/dist/node/chunks/config.js:21702:6)
    at IncomingMessage.emit (node:events:509:28)
[2m3:42:12 pm[22m [31m[1m[vite][22m[39m [31mws proxy error:[39m
Error: write ECONNABORTED
    at afterWriteDispatched (node:internal/stream_base_commons:159:15)
    at writeGeneric (node:internal/stream_base_commons:150:3)
    at Socket._writeGeneric (node:net:1025:11)
    at Socket._write (node:net:1037:8)
    at writeOrBuffer (node:internal/streams/writable:570:12)
    at _write (node:internal/streams/writable:499:10)
    at Writable.write (node:internal/streams/writable:508:10)
    at writeChunk (file:///C:/Users/NAKULSHARMA/Downloads/developmentsync-main/frontend/node_modules/vite/dist/node/chunks/config.js:21692:13)
    at IncomingMessage.<anonymous> (file:///C:/Users/NAKULSHARMA/Downloads/developmentsync-main/frontend/node_modules/vite/dist/node/chunks/config.js:21705:6)
    at IncomingMessage.emit (node:events:521:24)
[2m3:42:12 pm[22m [31m[1m[vite][22m[39m [31mws proxy socket error:[39m
Error: write ECONNABORTED
    at afterWriteDispatched (node:internal/stream_base_commons:159:15)
    at writeGeneric (node:internal/stream_base_commons:150:3)
    at Socket._writeGeneric (node:net:1025:11)
    at Socket._write (node:net:1037:8)
    at writeOrBuffer (node:internal/streams/writable:570:12)
    at _write (node:internal/streams/writable:499:10)
    at Writable.write (node:internal/streams/writable:508:10)
    at writeChunk (file:///C:/Users/NAKULSHARMA/Downloads/developmentsync-main/frontend/node_modules/vite/dist/node/chunks/config.js:21692:13)
    at IncomingMessage.<anonymous> (file:///C:/Users/NAKULSHARMA/Downloads/developmentsync-main/frontend/node_modules/vite/dist/node/chunks/config.js:21705:6)
    at IncomingMessage.emit (node:events:521:24)
[2m3:42:15 pm[22m [31m[1m[vite][22m[39m [31mws proxy error:[39m
Error: write ECONNABORTED
    at afterWriteDispatched (node:internal/stream_base_commons:159:15)
    at writeGeneric (node:internal/stream_base_commons:150:3)
    at Socket._writeGeneric (node:net:1025:11)
    at Socket._write (node:net:1037:8)
    at writeOrBuffer (node:internal/streams/writable:570:12)
    at _write (node:internal/streams/writable:499:10)
    at Writable.write (node:internal/streams/writable:508:10)
    at writeChunk (file:///C:/Users/NAKULSHARMA/Downloads/developmentsync-main/frontend/node_modules/vite/dist/node/chunks/config.js:21694:13)
    at IncomingMessage.<anonymous> (file:///C:/Users/NAKULSHARMA/Downloads/developmentsync-main/frontend/node_modules/vite/dist/node/chunks/config.js:21702:6)
    at IncomingMessage.emit (node:events:509:28)
[2m3:42:15 pm[22m [31m[1m[vite][22m[39m [31mws proxy socket error:[39m
Error: write ECONNABORTED
    at afterWriteDispatched (node:internal/stream_base_commons:159:15)
    at writeGeneric (node:internal/stream_base_commons:150:3)
    at Socket._writeGeneric (node:net:1025:11)
    at Socket._write (node:net:1037:8)
    at writeOrBuffer (node:internal/streams/writable:570:12)
    at _write (node:internal/streams/writable:499:10)
    at Writable.write (node:internal/streams/writable:508:10)
    at writeChunk (file:///C:/Users/NAKULSHARMA/Downloads/developmentsync-main/frontend/node_modules/vite/dist/node/chunks/config.js:21694:13)
    at IncomingMessage.<anonymous> (file:///C:/Users/NAKULSHARMA/Downloads/developmentsync-main/frontend/node_modules/vite/dist/node/chunks/config.js:21702:6)
    at IncomingMessage.emit (node:events:509:28)
[2m3:42:16 pm[22m [31m[1m[vite][22m[39m [31mws proxy error:[39m
Error: write ECONNABORTED
    at afterWriteDispatched (node:internal/stream_base_commons:159:15)
    at writeGeneric (node:internal/stream_base_commons:150:3)
    at Socket._writeGeneric (node:net:1025:11)
    at Socket._write (node:net:1037:8)
    at writeOrBuffer (node:internal/streams/writable:570:12)
    at _write (node:internal/streams/writable:499:10)
    at Writable.write (node:internal/streams/writable:508:10)
    at writeChunk (file:///C:/Users/NAKULSHARMA/Downloads/developmentsync-main/frontend/node_modules/vite/dist/node/chunks/config.js:21695:13)
    at IncomingMessage.<anonymous> (file:///C:/Users/NAKULSHARMA/Downloads/developmentsync-main/frontend/node_modules/vite/dist/node/chunks/config.js:21702:6)
    at IncomingMessage.emit (node:events:509:28)
[2m3:42:16 pm[22m [31m[1m[vite][22m[39m [31mws proxy socket error:[39m
Error: write ECONNABORTED
    at afterWriteDispatched (node:internal/stream_base_commons:159:15)
    at writeGeneric (node:internal/stream_base_commons:150:3)
    at Socket._writeGeneric (node:net:1025:11)
    at Socket._write (node:net:1037:8)
    at writeOrBuffer (node:internal/streams/writable:570:12)
    at _write (node:internal/streams/writable:499:10)
    at Writable.write (node:internal/streams/writable:508:10)
    at writeChunk (file:///C:/Users/NAKULSHARMA/Downloads/developmentsync-main/frontend/node_modules/vite/dist/node/chunks/config.js:21695:13)
    at IncomingMessage.<anonymous> (file:///C:/Users/NAKULSHARMA/Downloads/developmentsync-main/frontend/node_modules/vite/dist/node/chunks/config.js:21702:6)
    at IncomingMessage.emit (node:events:509:28)
[2m3:42:18 pm[22m [31m[1m[vite][22m[39m [31mws proxy error:[39m
Error: write ECONNABORTED
    at afterWriteDispatched (node:internal/stream_base_commons:159:15)
    at writeGeneric (node:internal/stream_base_commons:150:3)
    at Socket._writeGeneric (node:net:1025:11)
    at Socket._write (node:net:1037:8)
    at writeOrBuffer (node:internal/streams/writable:570:12)
    at _write (node:internal/streams/writable:499:10)
    at Writable.write (node:internal/streams/writable:508:10)
    at writeChunk (file:///C:/Users/NAKULSHARMA/Downloads/developmentsync-main/frontend/node_modules/vite/dist/node/chunks/config.js:21694:13)
    at IncomingMessage.<anonymous> (file:///C:/Users/NAKULSHARMA/Downloads/developmentsync-main/frontend/node_modules/vite/dist/node/chunks/config.js:21702:6)
    at IncomingMessage.emit (node:events:509:28)
[2m3:42:18 pm[22m [31m[1m[vite][22m[39m [31mws proxy socket error:[39m
Error: write ECONNABORTED
    at afterWriteDispatched (node:internal/stream_base_commons:159:15)
    at writeGeneric (node:internal/stream_base_commons:150:3)
    at Socket._writeGeneric (node:net:1025:11)
    at Socket._write (node:net:1037:8)
    at writeOrBuffer (node:internal/streams/writable:570:12)
    at _write (node:internal/streams/writable:499:10)
    at Writable.write (node:internal/streams/writable:508:10)
    at writeChunk (file:///C:/Users/NAKULSHARMA/Downloads/developmentsync-main/frontend/node_modules/vite/dist/node/chunks/config.js:21694:13)
    at IncomingMessage.<anonymous> (file:///C:/Users/NAKULSHARMA/Downloads/developmentsync-main/frontend/node_modules/vite/dist/node/chunks/config.js:21702:6)
    at IncomingMessage.emit (node:events:509:28)
[2m3:42:20 pm[22m [31m[1m[vite][22m[39m [31mws proxy error:[39m
Error: write ECONNABORTED
    at afterWriteDispatched (node:internal/stream_base_commons:159:15)
    at writeGeneric (node:internal/stream_base_commons:150:3)
    at Socket._writeGeneric (node:net:1025:11)
    at Socket._write (node:net:1037:8)
    at writeOrBuffer (node:internal/streams/writable:570:12)
    at _write (node:internal/streams/writable:499:10)
    at Writable.write (node:internal/streams/writable:508:10)
    at writeChunk (file:///C:/Users/NAKULSHARMA/Downloads/developmentsync-main/frontend/node_modules/vite/dist/node/chunks/config.js:21692:13)
    at IncomingMessage.<anonymous> (file:///C:/Users/NAKULSHARMA/Downloads/developmentsync-main/frontend/node_modules/vite/dist/node/chunks/config.js:21705:6)
    at IncomingMessage.emit (node:events:521:24)
[2m3:42:20 pm[22m [31m[1m[vite][22m[39m [31mws proxy socket error:[39m
Error: write ECONNABORTED
    at afterWriteDispatched (node:internal/stream_base_commons:159:15)
    at writeGeneric (node:internal/stream_base_commons:150:3)
    at Socket._writeGeneric (node:net:1025:11)
    at Socket._write (node:net:1037:8)
    at writeOrBuffer (node:internal/streams/writable:570:12)
    at _write (node:internal/streams/writable:499:10)
    at Writable.write (node:internal/streams/writable:508:10)
    at writeChunk (file:///C:/Users/NAKULSHARMA/Downloads/developmentsync-main/frontend/node_modules/vite/dist/node/chunks/config.js:21692:13)
    at IncomingMessage.<anonymous> (file:///C:/Users/NAKULSHARMA/Downloads/developmentsync-main/frontend/node_modules/vite/dist/node/chunks/config.js:21705:6)
    at IncomingMessage.emit (node:events:521:24)
[2m3:45:41 pm[22m [31m[1m[vite][22m[39m [31mws proxy error:[39m
Error: read ECONNRESET
    at TCP.onStreamRead (node:internal/stream_base_commons:216:20)
[2m3:45:41 pm[22m [31m[1m[vite][22m[39m [31mws proxy socket error:[39m
Error: read ECONNRESET
    at TCP.onStreamRead (node:internal/stream_base_commons:216:20)
[2m3:45:46 pm[22m [31m[1m[vite][22m[39m [31mws proxy error:[39m
Error: write ECONNABORTED
    at afterWriteDispatched (node:internal/stream_base_commons:159:15)
    at writeGeneric (node:internal/stream_base_commons:150:3)
    at Socket._writeGeneric (node:net:1025:11)
    at Socket._write (node:net:1037:8)
    at writeOrBuffer (node:internal/streams/writable:570:12)
    at _write (node:internal/streams/writable:499:10)
    at Writable.write (node:internal/streams/writable:508:10)
    at writeChunk (file:///C:/Users/NAKULSHARMA/Downloads/developmentsync-main/frontend/node_modules/vite/dist/node/chunks/config.js:21692:13)
    at IncomingMessage.<anonymous> (file:///C:/Users/NAKULSHARMA/Downloads/developmentsync-main/frontend/node_modules/vite/dist/node/chunks/config.js:21705:6)
    at IncomingMessage.emit (node:events:521:24)
[2m3:45:46 pm[22m [31m[1m[vite][22m[39m [31mws proxy socket error:[39m
Error: write ECONNABORTED
    at afterWriteDispatched (node:internal/stream_base_commons:159:15)
    at writeGeneric (node:internal/stream_base_commons:150:3)
    at Socket._writeGeneric (node:net:1025:11)
    at Socket._write (node:net:1037:8)
    at writeOrBuffer (node:internal/streams/writable:570:12)
    at _write (node:internal/streams/writable:499:10)
    at Writable.write (node:internal/streams/writable:508:10)
    at writeChunk (file:///C:/Users/NAKULSHARMA/Downloads/developmentsync-main/frontend/node_modules/vite/dist/node/chunks/config.js:21692:13)
    at IncomingMessage.<anonymous> (file:///C:/Users/NAKULSHARMA/Downloads/developmentsync-main/frontend/node_modules/vite/dist/node/chunks/config.js:21705:6)
    at IncomingMessage.emit (node:events:521:24)
[2m3:45:51 pm[22m [31m[1m[vite][22m[39m [31mws proxy error:[39m
Error: write ECONNABORTED
    at afterWriteDispatched (node:internal/stream_base_commons:159:15)
    at writeGeneric (node:internal/stream_base_commons:150:3)
    at Socket._writeGeneric (node:net:1025:11)
    at Socket._write (node:net:1037:8)
    at writeOrBuffer (node:internal/streams/writable:570:12)
    at _write (node:internal/streams/writable:499:10)
    at Writable.write (node:internal/streams/writable:508:10)
    at writeChunk (file:///C:/Users/NAKULSHARMA/Downloads/developmentsync-main/frontend/node_modules/vite/dist/node/chunks/config.js:21694:13)
    at IncomingMessage.<anonymous> (file:///C:/Users/NAKULSHARMA/Downloads/developmentsync-main/frontend/node_modules/vite/dist/node/chunks/config.js:21702:6)
    at IncomingMessage.emit (node:events:509:28)
[2m3:45:51 pm[22m [31m[1m[vite][22m[39m [31mws proxy socket error:[39m
Error: write ECONNABORTED
    at afterWriteDispatched (node:internal/stream_base_commons:159:15)
    at writeGeneric (node:internal/stream_base_commons:150:3)
    at Socket._writeGeneric (node:net:1025:11)
    at Socket._write (node:net:1037:8)
    at writeOrBuffer (node:internal/streams/writable:570:12)
    at _write (node:internal/streams/writable:499:10)
    at Writable.write (node:internal/streams/writable:508:10)
    at writeChunk (file:///C:/Users/NAKULSHARMA/Downloads/developmentsync-main/frontend/node_modules/vite/dist/node/chunks/config.js:21694:13)
    at IncomingMessage.<anonymous> (file:///C:/Users/NAKULSHARMA/Downloads/developmentsync-main/frontend/node_modules/vite/dist/node/chunks/config.js:21702:6)
    at IncomingMessage.emit (node:events:509:28)
[2m3:54:36 pm[22m [31m[1m[vite][22m[39m [31mws proxy error:[39m
Error: write ECONNABORTED
    at afterWriteDispatched (node:internal/stream_base_commons:159:15)
    at writeGeneric (node:internal/stream_base_commons:150:3)
    at Socket._writeGeneric (node:net:1025:11)
    at Socket._write (node:net:1037:8)
    at writeOrBuffer (node:internal/streams/writable:570:12)
    at _write (node:internal/streams/writable:499:10)
    at Writable.write (node:internal/streams/writable:508:10)
    at writeChunk (file:///C:/Users/NAKULSHARMA/Downloads/developmentsync-main/frontend/node_modules/vite/dist/node/chunks/config.js:21692:13)
    at IncomingMessage.<anonymous> (file:///C:/Users/NAKULSHARMA/Downloads/developmentsync-main/frontend/node_modules/vite/dist/node/chunks/config.js:21705:6)
    at IncomingMessage.emit (node:events:521:24)
[2m3:54:36 pm[22m [31m[1m[vite][22m[39m [31mws proxy socket error:[39m
Error: write ECONNABORTED
    at afterWriteDispatched (node:internal/stream_base_commons:159:15)
    at writeGeneric (node:internal/stream_base_commons:150:3)
    at Socket._writeGeneric (node:net:1025:11)
    at Socket._write (node:net:1037:8)
    at writeOrBuffer (node:internal/streams/writable:570:12)
    at _write (node:internal/streams/writable:499:10)
    at Writable.write (node:internal/streams/writable:508:10)
    at writeChunk (file:///C:/Users/NAKULSHARMA/Downloads/developmentsync-main/frontend/node_modules/vite/dist/node/chunks/config.js:21692:13)
    at IncomingMessage.<anonymous> (file:///C:/Users/NAKULSHARMA/Downloads/developmentsync-main/frontend/node_modules/vite/dist/node/chunks/config.js:21705:6)
    at IncomingMessage.emit (node:events:521:24)
[2m3:54:40 pm[22m [31m[1m[vite][22m[39m [31mws proxy error:[39m
Error: write ECONNABORTED
    at afterWriteDispatched (node:internal/stream_base_commons:159:15)
    at writeGeneric (node:internal/stream_base_commons:150:3)
    at Socket._writeGeneric (node:net:1025:11)
    at Socket._write (node:net:1037:8)
    at writeOrBuffer (node:internal/streams/writable:570:12)
    at _write (node:internal/streams/writable:499:10)
    at Writable.write (node:internal/streams/writable:508:10)
    at writeChunk (file:///C:/Users/NAKULSHARMA/Downloads/developmentsync-main/frontend/node_modules/vite/dist/node/chunks/config.js:21692:13)
    at IncomingMessage.<anonymous> (file:///C:/Users/NAKULSHARMA/Downloads/developmentsync-main/frontend/node_modules/vite/dist/node/chunks/config.js:21705:6)
    at IncomingMessage.emit (node:events:521:24)
[2m3:54:40 pm[22m [31m[1m[vite][22m[39m [31mws proxy socket error:[39m
Error: write ECONNABORTED
    at afterWriteDispatched (node:internal/stream_base_commons:159:15)
    at writeGeneric (node:internal/stream_base_commons:150:3)
    at Socket._writeGeneric (node:net:1025:11)
    at Socket._write (node:net:1037:8)
    at writeOrBuffer (node:internal/streams/writable:570:12)
    at _write (node:internal/streams/writable:499:10)
    at Writable.write (node:internal/streams/writable:508:10)
    at writeChunk (file:///C:/Users/NAKULSHARMA/Downloads/developmentsync-main/frontend/node_modules/vite/dist/node/chunks/config.js:21692:13)
    at IncomingMessage.<anonymous> (file:///C:/Users/NAKULSHARMA/Downloads/developmentsync-main/frontend/node_modules/vite/dist/node/chunks/config.js:21705:6)
    at IncomingMessage.emit (node:events:521:24)
[2m3:54:42 pm[22m [31m[1m[vite][22m[39m [31mws proxy error:[39m
Error: write ECONNABORTED
    at afterWriteDispatched (node:internal/stream_base_commons:159:15)
    at writeGeneric (node:internal/stream_base_commons:150:3)
    at Socket._writeGeneric (node:net:1025:11)
    at Socket._write (node:net:1037:8)
    at writeOrBuffer (node:internal/streams/writable:570:12)
    at _write (node:internal/streams/writable:499:10)
    at Writable.write (node:internal/streams/writable:508:10)
    at writeChunk (file:///C:/Users/NAKULSHARMA/Downloads/developmentsync-main/frontend/node_modules/vite/dist/node/chunks/config.js:21693:13)
    at IncomingMessage.<anonymous> (file:///C:/Users/NAKULSHARMA/Downloads/developmentsync-main/frontend/node_modules/vite/dist/node/chunks/config.js:21705:6)
    at IncomingMessage.emit (node:events:521:24)
[2m3:54:42 pm[22m [31m[1m[vite][22m[39m [31mws proxy socket error:[39m
Error: write ECONNABORTED
    at afterWriteDispatched (node:internal/stream_base_commons:159:15)
    at writeGeneric (node:internal/stream_base_commons:150:3)
    at Socket._writeGeneric (node:net:1025:11)
    at Socket._write (node:net:1037:8)
    at writeOrBuffer (node:internal/streams/writable:570:12)
    at _write (node:internal/streams/writable:499:10)
    at Writable.write (node:internal/streams/writable:508:10)
    at writeChunk (file:///C:/Users/NAKULSHARMA/Downloads/developmentsync-main/frontend/node_modules/vite/dist/node/chunks/config.js:21693:13)
    at IncomingMessage.<anonymous> (file:///C:/Users/NAKULSHARMA/Downloads/developmentsync-main/frontend/node_modules/vite/dist/node/chunks/config.js:21705:6)
    at IncomingMessage.emit (node:events:521:24)
[2m3:54:44 pm[22m [31m[1m[vite][22m[39m [31mws proxy error:[39m
Error: write ECONNABORTED
    at afterWriteDispatched (node:internal/stream_base_commons:159:15)
    at writeGeneric (node:internal/stream_base_commons:150:3)
    at Socket._writeGeneric (node:net:1025:11)
    at Socket._write (node:net:1037:8)
    at writeOrBuffer (node:internal/streams/writable:570:12)
    at _write (node:internal/streams/writable:499:10)
    at Writable.write (node:internal/streams/writable:508:10)
    at writeChunk (file:///C:/Users/NAKULSHARMA/Downloads/developmentsync-main/frontend/node_modules/vite/dist/node/chunks/config.js:21692:13)
    at IncomingMessage.<anonymous> (file:///C:/Users/NAKULSHARMA/Downloads/developmentsync-main/frontend/node_modules/vite/dist/node/chunks/config.js:21705:6)
    at IncomingMessage.emit (node:events:521:24)
[2m3:54:44 pm[22m [31m[1m[vite][22m[39m [31mws proxy socket error:[39m
Error: write ECONNABORTED
    at afterWriteDispatched (node:internal/stream_base_commons:159:15)
    at writeGeneric (node:internal/stream_base_commons:150:3)
    at Socket._writeGeneric (node:net:1025:11)
    at Socket._write (node:net:1037:8)
    at writeOrBuffer (node:internal/streams/writable:570:12)
    at _write (node:internal/streams/writable:499:10)
    at Writable.write (node:internal/streams/writable:508:10)
    at writeChunk (file:///C:/Users/NAKULSHARMA/Downloads/developmentsync-main/frontend/node_modules/vite/dist/node/chunks/config.js:21692:13)
    at IncomingMessage.<anonymous> (file:///C:/Users/NAKULSHARMA/Downloads/developmentsync-main/frontend/node_modules/vite/dist/node/chunks/config.js:21705:6)
    at IncomingMessage.emit (node:events:521:24)
[2m3:54:46 pm[22m [31m[1m[vite][22m[39m [31mws proxy error:[39m
Error: write ECONNABORTED
    at afterWriteDispatched (node:internal/stream_base_commons:159:15)
    at writeGeneric (node:internal/stream_base_commons:150:3)
    at Socket._writeGeneric (node:net:1025:11)
    at Socket._write (node:net:1037:8)
    at writeOrBuffer (node:internal/streams/writable:570:12)
    at _write (node:internal/streams/writable:499:10)
    at Writable.write (node:internal/streams/writable:508:10)
    at writeChunk (file:///C:/Users/NAKULSHARMA/Downloads/developmentsync-main/frontend/node_modules/vite/dist/node/chunks/config.js:21692:13)
    at IncomingMessage.<anonymous> (file:///C:/Users/NAKULSHARMA/Downloads/developmentsync-main/frontend/node_modules/vite/dist/node/chunks/config.js:21705:6)
    at IncomingMessage.emit (node:events:521:24)
[2m3:54:46 pm[22m [31m[1m[vite][22m[39m [31mws proxy socket error:[39m
Error: write ECONNABORTED
    at afterWriteDispatched (node:internal/stream_base_commons:159:15)
    at writeGeneric (node:internal/stream_base_commons:150:3)
    at Socket._writeGeneric (node:net:1025:11)
    at Socket._write (node:net:1037:8)
    at writeOrBuffer (node:internal/streams/writable:570:12)
    at _write (node:internal/streams/writable:499:10)
    at Writable.write (node:internal/streams/writable:508:10)
    at writeChunk (file:///C:/Users/NAKULSHARMA/Downloads/developmentsync-main/frontend/node_modules/vite/dist/node/chunks/config.js:21692:13)
    at IncomingMessage.<anonymous> (file:///C:/Users/NAKULSHARMA/Downloads/developmentsync-main/frontend/node_modules/vite/dist/node/chunks/config.js:21705:6)
    at IncomingMessage.emit (node:events:521:24)
[2m3:54:48 pm[22m [31m[1m[vite][22m[39m [31mws proxy error:[39m
Error: write ECONNABORTED
    at afterWriteDispatched (node:internal/stream_base_commons:159:15)
    at writeGeneric (node:internal/stream_base_commons:150:3)
    at Socket._writeGeneric (node:net:1025:11)
    at Socket._write (node:net:1037:8)
    at writeOrBuffer (node:internal/streams/writable:570:12)
    at _write (node:internal/streams/writable:499:10)
    at Writable.write (node:internal/streams/writable:508:10)
    at writeChunk (file:///C:/Users/NAKULSHARMA/Downloads/developmentsync-main/frontend/node_modules/vite/dist/node/chunks/config.js:21693:13)
    at IncomingMessage.<anonymous> (file:///C:/Users/NAKULSHARMA/Downloads/developmentsync-main/frontend/node_modules/vite/dist/node/chunks/config.js:21702:6)
    at IncomingMessage.emit (node:events:509:28)
[2m3:54:48 pm[22m [31m[1m[vite][22m[39m [31mws proxy socket error:[39m
Error: write ECONNABORTED
    at afterWriteDispatched (node:internal/stream_base_commons:159:15)
    at writeGeneric (node:internal/stream_base_commons:150:3)
    at Socket._writeGeneric (node:net:1025:11)
    at Socket._write (node:net:1037:8)
    at writeOrBuffer (node:internal/streams/writable:570:12)
    at _write (node:internal/streams/writable:499:10)
    at Writable.write (node:internal/streams/writable:508:10)
    at writeChunk (file:///C:/Users/NAKULSHARMA/Downloads/developmentsync-main/frontend/node_modules/vite/dist/node/chunks/config.js:21693:13)
    at IncomingMessage.<anonymous> (file:///C:/Users/NAKULSHARMA/Downloads/developmentsync-main/frontend/node_modules/vite/dist/node/chunks/config.js:21702:6)
    at IncomingMessage.emit (node:events:509:28)
[2m3:54:50 pm[22m [31m[1m[vite][22m[39m [31mws proxy error:[39m
Error: write ECONNABORTED
    at afterWriteDispatched (node:internal/stream_base_commons:159:15)
    at writeGeneric (node:internal/stream_base_commons:150:3)
    at Socket._writeGeneric (node:net:1025:11)
    at Socket._write (node:net:1037:8)
    at writeOrBuffer (node:internal/streams/writable:570:12)
    at _write (node:internal/streams/writable:499:10)
    at Writable.write (node:internal/streams/writable:508:10)
    at writeChunk (file:///C:/Users/NAKULSHARMA/Downloads/developmentsync-main/frontend/node_modules/vite/dist/node/chunks/config.js:21692:13)
    at IncomingMessage.<anonymous> (file:///C:/Users/NAKULSHARMA/Downloads/developmentsync-main/frontend/node_modules/vite/dist/node/chunks/config.js:21705:6)
    at IncomingMessage.emit (node:events:521:24)
[2m3:54:50 pm[22m [31m[1m[vite][22m[39m [31mws proxy socket error:[39m
Error: write ECONNABORTED
    at afterWriteDispatched (node:internal/stream_base_commons:159:15)
    at writeGeneric (node:internal/stream_base_commons:150:3)
    at Socket._writeGeneric (node:net:1025:11)
    at Socket._write (node:net:1037:8)
    at writeOrBuffer (node:internal/streams/writable:570:12)
    at _write (node:internal/streams/writable:499:10)
    at Writable.write (node:internal/streams/writable:508:10)
    at writeChunk (file:///C:/Users/NAKULSHARMA/Downloads/developmentsync-main/frontend/node_modules/vite/dist/node/chunks/config.js:21692:13)
    at IncomingMessage.<anonymous> (file:///C:/Users/NAKULSHARMA/Downloads/developmentsync-main/frontend/node_modules/vite/dist/node/chunks/config.js:21705:6)
    at IncomingMessage.emit (node:events:521:24)
[2m3:54:52 pm[22m [31m[1m[vite][22m[39m [31mws proxy error:[39m
Error: write ECONNABORTED
    at afterWriteDispatched (node:internal/stream_base_commons:159:15)
    at writeGeneric (node:internal/stream_base_commons:150:3)
    at Socket._writeGeneric (node:net:1025:11)
    at Socket._write (node:net:1037:8)
    at writeOrBuffer (node:internal/streams/writable:570:12)
    at _write (node:internal/streams/writable:499:10)
    at Writable.write (node:internal/streams/writable:508:10)
    at writeChunk (file:///C:/Users/NAKULSHARMA/Downloads/developmentsync-main/frontend/node_modules/vite/dist/node/chunks/config.js:21692:13)
    at IncomingMessage.<anonymous> (file:///C:/Users/NAKULSHARMA/Downloads/developmentsync-main/frontend/node_modules/vite/dist/node/chunks/config.js:21705:6)
    at IncomingMessage.emit (node:events:521:24)
[2m3:54:52 pm[22m [31m[1m[vite][22m[39m [31mws proxy socket error:[39m
Error: write ECONNABORTED
    at afterWriteDispatched (node:internal/stream_base_commons:159:15)
    at writeGeneric (node:internal/stream_base_commons:150:3)
    at Socket._writeGeneric (node:net:1025:11)
    at Socket._write (node:net:1037:8)
    at writeOrBuffer (node:internal/streams/writable:570:12)
    at _write (node:internal/streams/writable:499:10)
    at Writable.write (node:internal/streams/writable:508:10)
    at writeChunk (file:///C:/Users/NAKULSHARMA/Downloads/developmentsync-main/frontend/node_modules/vite/dist/node/chunks/config.js:21692:13)
    at IncomingMessage.<anonymous> (file:///C:/Users/NAKULSHARMA/Downloads/developmentsync-main/frontend/node_modules/vite/dist/node/chunks/config.js:21705:6)
    at IncomingMessage.emit (node:events:521:24)
[2m3:54:54 pm[22m [31m[1m[vite][22m[39m [31mws proxy error:[39m
Error: write ECONNABORTED
    at afterWriteDispatched (node:internal/stream_base_commons:159:15)
    at writeGeneric (node:internal/stream_base_commons:150:3)
    at Socket._writeGeneric (node:net:1025:11)
    at Socket._write (node:net:1037:8)
    at writeOrBuffer (node:internal/streams/writable:570:12)
    at _write (node:internal/streams/writable:499:10)
    at Writable.write (node:internal/streams/writable:508:10)
    at writeChunk (file:///C:/Users/NAKULSHARMA/Downloads/developmentsync-main/frontend/node_modules/vite/dist/node/chunks/config.js:21693:13)
    at IncomingMessage.<anonymous> (file:///C:/Users/NAKULSHARMA/Downloads/developmentsync-main/frontend/node_modules/vite/dist/node/chunks/config.js:21702:6)
    at IncomingMessage.emit (node:events:509:28)
[2m3:54:54 pm[22m [31m[1m[vite][22m[39m [31mws proxy socket error:[39m
Error: write ECONNABORTED
    at afterWriteDispatched (node:internal/stream_base_commons:159:15)
    at writeGeneric (node:internal/stream_base_commons:150:3)
    at Socket._writeGeneric (node:net:1025:11)
    at Socket._write (node:net:1037:8)
    at writeOrBuffer (node:internal/streams/writable:570:12)
    at _write (node:internal/streams/writable:499:10)
    at Writable.write (node:internal/streams/writable:508:10)
    at writeChunk (file:///C:/Users/NAKULSHARMA/Downloads/developmentsync-main/frontend/node_modules/vite/dist/node/chunks/config.js:21693:13)
    at IncomingMessage.<anonymous> (file:///C:/Users/NAKULSHARMA/Downloads/developmentsync-main/frontend/node_modules/vite/dist/node/chunks/config.js:21702:6)
    at IncomingMessage.emit (node:events:509:28)
[2m3:54:56 pm[22m [31m[1m[vite][22m[39m [31mws proxy error:[39m
Error: write ECONNABORTED
    at afterWriteDispatched (node:internal/stream_base_commons:159:15)
    at writeGeneric (node:internal/stream_base_commons:150:3)
    at Socket._writeGeneric (node:net:1025:11)
    at Socket._write (node:net:1037:8)
    at writeOrBuffer (node:internal/streams/writable:570:12)
    at _write (node:internal/streams/writable:499:10)
    at Writable.write (node:internal/streams/writable:508:10)
    at writeChunk (file:///C:/Users/NAKULSHARMA/Downloads/developmentsync-main/frontend/node_modules/vite/dist/node/chunks/config.js:21693:13)
    at IncomingMessage.<anonymous> (file:///C:/Users/NAKULSHARMA/Downloads/developmentsync-main/frontend/node_modules/vite/dist/node/chunks/config.js:21702:6)
    at IncomingMessage.emit (node:events:509:28)
[2m3:54:56 pm[22m [31m[1m[vite][22m[39m [31mws proxy socket error:[39m
Error: write ECONNABORTED
    at afterWriteDispatched (node:internal/stream_base_commons:159:15)
    at writeGeneric (node:internal/stream_base_commons:150:3)
    at Socket._writeGeneric (node:net:1025:11)
    at Socket._write (node:net:1037:8)
    at writeOrBuffer (node:internal/streams/writable:570:12)
    at _write (node:internal/streams/writable:499:10)
    at Writable.write (node:internal/streams/writable:508:10)
    at writeChunk (file:///C:/Users/NAKULSHARMA/Downloads/developmentsync-main/frontend/node_modules/vite/dist/node/chunks/config.js:21693:13)
    at IncomingMessage.<anonymous> (file:///C:/Users/NAKULSHARMA/Downloads/developmentsync-main/frontend/node_modules/vite/dist/node/chunks/config.js:21702:6)
    at IncomingMessage.emit (node:events:509:28)
[2m3:54:58 pm[22m [31m[1m[vite][22m[39m [31mws proxy error:[39m
Error: read ECONNRESET
    at TCP.onStreamRead (node:internal/stream_base_commons:216:20)
[2m3:54:58 pm[22m [31m[1m[vite][22m[39m [31mws proxy socket error:[39m
Error: read ECONNRESET
    at TCP.onStreamRead (node:internal/stream_base_commons:216:20)
[2m3:55:00 pm[22m [31m[1m[vite][22m[39m [31mws proxy error:[39m
Error: write ECONNABORTED
    at afterWriteDispatched (node:internal/stream_base_commons:159:15)
    at writeGeneric (node:internal/stream_base_commons:150:3)
    at Socket._writeGeneric (node:net:1025:11)
    at Socket._write (node:net:1037:8)
    at writeOrBuffer (node:internal/streams/writable:570:12)
    at _write (node:internal/streams/writable:499:10)
    at Writable.write (node:internal/streams/writable:508:10)
    at writeChunk (file:///C:/Users/NAKULSHARMA/Downloads/developmentsync-main/frontend/node_modules/vite/dist/node/chunks/config.js:21692:13)
    at IncomingMessage.<anonymous> (file:///C:/Users/NAKULSHARMA/Downloads/developmentsync-main/frontend/node_modules/vite/dist/node/chunks/config.js:21705:6)
    at IncomingMessage.emit (node:events:521:24)
[2m3:55:00 pm[22m [31m[1m[vite][22m[39m [31mws proxy socket error:[39m
Error: write ECONNABORTED
    at afterWriteDispatched (node:internal/stream_base_commons:159:15)
    at writeGeneric (node:internal/stream_base_commons:150:3)
    at Socket._writeGeneric (node:net:1025:11)
    at Socket._write (node:net:1037:8)
    at writeOrBuffer (node:internal/streams/writable:570:12)
    at _write (node:internal/streams/writable:499:10)
    at Writable.write (node:internal/streams/writable:508:10)
    at writeChunk (file:///C:/Users/NAKULSHARMA/Downloads/developmentsync-main/frontend/node_modules/vite/dist/node/chunks/config.js:21692:13)
    at IncomingMessage.<anonymous> (file:///C:/Users/NAKULSHARMA/Downloads/developmentsync-main/frontend/node_modules/vite/dist/node/chunks/config.js:21705:6)
    at IncomingMessage.emit (node:events:521:24)
[2m3:55:02 pm[22m [31m[1m[vite][22m[39m [31mws proxy error:[39m
Error: write ECONNABORTED
    at afterWriteDispatched (node:internal/stream_base_commons:159:15)
    at writeGeneric (node:internal/stream_base_commons:150:3)
    at Socket._writeGeneric (node:net:1025:11)
    at Socket._write (node:net:1037:8)
    at writeOrBuffer (node:internal/streams/writable:570:12)
    at _write (node:internal/streams/writable:499:10)
    at Writable.write (node:internal/streams/writable:508:10)
    at writeChunk (file:///C:/Users/NAKULSHARMA/Downloads/developmentsync-main/frontend/node_modules/vite/dist/node/chunks/config.js:21694:13)
    at IncomingMessage.<anonymous> (file:///C:/Users/NAKULSHARMA/Downloads/developmentsync-main/frontend/node_modules/vite/dist/node/chunks/config.js:21702:6)
    at IncomingMessage.emit (node:events:509:28)
[2m3:55:02 pm[22m [31m[1m[vite][22m[39m [31mws proxy socket error:[39m
Error: write ECONNABORTED
    at afterWriteDispatched (node:internal/stream_base_commons:159:15)
    at writeGeneric (node:internal/stream_base_commons:150:3)
    at Socket._writeGeneric (node:net:1025:11)
    at Socket._write (node:net:1037:8)
    at writeOrBuffer (node:internal/streams/writable:570:12)
    at _write (node:internal/streams/writable:499:10)
    at Writable.write (node:internal/streams/writable:508:10)
    at writeChunk (file:///C:/Users/NAKULSHARMA/Downloads/developmentsync-main/frontend/node_modules/vite/dist/node/chunks/config.js:21694:13)
    at IncomingMessage.<anonymous> (file:///C:/Users/NAKULSHARMA/Downloads/developmentsync-main/frontend/node_modules/vite/dist/node/chunks/config.js:21702:6)
    at IncomingMessage.emit (node:events:509:28)
[2m3:55:04 pm[22m [31m[1m[vite][22m[39m [31mws proxy error:[39m
Error: write ECONNABORTED
    at afterWriteDispatched (node:internal/stream_base_commons:159:15)
    at writeGeneric (node:internal/stream_base_commons:150:3)
    at Socket._writeGeneric (node:net:1025:11)
    at Socket._write (node:net:1037:8)
    at writeOrBuffer (node:internal/streams/writable:570:12)
    at _write (node:internal/streams/writable:499:10)
    at Writable.write (node:internal/streams/writable:508:10)
    at writeChunk (file:///C:/Users/NAKULSHARMA/Downloads/developmentsync-main/frontend/node_modules/vite/dist/node/chunks/config.js:21692:13)
    at IncomingMessage.<anonymous> (file:///C:/Users/NAKULSHARMA/Downloads/developmentsync-main/frontend/node_modules/vite/dist/node/chunks/config.js:21705:6)
    at IncomingMessage.emit (node:events:521:24)
[2m3:55:04 pm[22m [31m[1m[vite][22m[39m [31mws proxy socket error:[39m
Error: write ECONNABORTED
    at afterWriteDispatched (node:internal/stream_base_commons:159:15)
    at writeGeneric (node:internal/stream_base_commons:150:3)
    at Socket._writeGeneric (node:net:1025:11)
    at Socket._write (node:net:1037:8)
    at writeOrBuffer (node:internal/streams/writable:570:12)
    at _write (node:internal/streams/writable:499:10)
    at Writable.write (node:internal/streams/writable:508:10)
    at writeChunk (file:///C:/Users/NAKULSHARMA/Downloads/developmentsync-main/frontend/node_modules/vite/dist/node/chunks/config.js:21692:13)
    at IncomingMessage.<anonymous> (file:///C:/Users/NAKULSHARMA/Downloads/developmentsync-main/frontend/node_modules/vite/dist/node/chunks/config.js:21705:6)
    at IncomingMessage.emit (node:events:521:24)
[2m3:55:06 pm[22m [31m[1m[vite][22m[39m [31mws proxy error:[39m
Error: write ECONNABORTED
    at afterWriteDispatched (node:internal/stream_base_commons:159:15)
    at writeGeneric (node:internal/stream_base_commons:150:3)
    at Socket._writeGeneric (node:net:1025:11)
    at Socket._write (node:net:1037:8)
    at writeOrBuffer (node:internal/streams/writable:570:12)
    at _write (node:internal/streams/writable:499:10)
    at Writable.write (node:internal/streams/writable:508:10)
    at writeChunk (file:///C:/Users/NAKULSHARMA/Downloads/developmentsync-main/frontend/node_modules/vite/dist/node/chunks/config.js:21692:13)
    at IncomingMessage.<anonymous> (file:///C:/Users/NAKULSHARMA/Downloads/developmentsync-main/frontend/node_modules/vite/dist/node/chunks/config.js:21705:6)
    at IncomingMessage.emit (node:events:521:24)
[2m3:55:06 pm[22m [31m[1m[vite][22m[39m [31mws proxy socket error:[39m
Error: write ECONNABORTED
    at afterWriteDispatched (node:internal/stream_base_commons:159:15)
    at writeGeneric (node:internal/stream_base_commons:150:3)
    at Socket._writeGeneric (node:net:1025:11)
    at Socket._write (node:net:1037:8)
    at writeOrBuffer (node:internal/streams/writable:570:12)
    at _write (node:internal/streams/writable:499:10)
    at Writable.write (node:internal/streams/writable:508:10)
    at writeChunk (file:///C:/Users/NAKULSHARMA/Downloads/developmentsync-main/frontend/node_modules/vite/dist/node/chunks/config.js:21692:13)
    at IncomingMessage.<anonymous> (file:///C:/Users/NAKULSHARMA/Downloads/developmentsync-main/frontend/node_modules/vite/dist/node/chunks/config.js:21705:6)
    at IncomingMessage.emit (node:events:521:24)
[2m3:55:08 pm[22m [31m[1m[vite][22m[39m [31mws proxy error:[39m
Error: write ECONNABORTED
    at afterWriteDispatched (node:internal/stream_base_commons:159:15)
    at writeGeneric (node:internal/stream_base_commons:150:3)
    at Socket._writeGeneric (node:net:1025:11)
    at Socket._write (node:net:1037:8)
    at writeOrBuffer (node:internal/streams/writable:570:12)
    at _write (node:internal/streams/writable:499:10)
    at Writable.write (node:internal/streams/writable:508:10)
    at writeChunk (file:///C:/Users/NAKULSHARMA/Downloads/developmentsync-main/frontend/node_modules/vite/dist/node/chunks/config.js:21692:13)
    at IncomingMessage.<anonymous> (file:///C:/Users/NAKULSHARMA/Downloads/developmentsync-main/frontend/node_modules/vite/dist/node/chunks/config.js:21705:6)
    at IncomingMessage.emit (node:events:521:24)
[2m3:55:08 pm[22m [31m[1m[vite][22m[39m [31mws proxy socket error:[39m
Error: write ECONNABORTED
    at afterWriteDispatched (node:internal/stream_base_commons:159:15)
    at writeGeneric (node:internal/stream_base_commons:150:3)
    at Socket._writeGeneric (node:net:1025:11)
    at Socket._write (node:net:1037:8)
    at writeOrBuffer (node:internal/streams/writable:570:12)
    at _write (node:internal/streams/writable:499:10)
    at Writable.write (node:internal/streams/writable:508:10)
    at writeChunk (file:///C:/Users/NAKULSHARMA/Downloads/developmentsync-main/frontend/node_modules/vite/dist/node/chunks/config.js:21692:13)
    at IncomingMessage.<anonymous> (file:///C:/Users/NAKULSHARMA/Downloads/developmentsync-main/frontend/node_modules/vite/dist/node/chunks/config.js:21705:6)
    at IncomingMessage.emit (node:events:521:24)
[2m3:55:10 pm[22m [31m[1m[vite][22m[39m [31mws proxy error:[39m
Error: write ECONNABORTED
    at afterWriteDispatched (node:internal/stream_base_commons:159:15)
    at writeGeneric (node:internal/stream_base_commons:150:3)
    at Socket._writeGeneric (node:net:1025:11)
    at Socket._write (node:net:1037:8)
    at writeOrBuffer (node:internal/streams/writable:570:12)
    at _write (node:internal/streams/writable:499:10)
    at Writable.write (node:internal/streams/writable:508:10)
    at writeChunk (file:///C:/Users/NAKULSHARMA/Downloads/developmentsync-main/frontend/node_modules/vite/dist/node/chunks/config.js:21695:13)
    at IncomingMessage.<anonymous> (file:///C:/Users/NAKULSHARMA/Downloads/developmentsync-main/frontend/node_modules/vite/dist/node/chunks/config.js:21702:6)
    at IncomingMessage.emit (node:events:509:28)
[2m3:55:10 pm[22m [31m[1m[vite][22m[39m [31mws proxy socket error:[39m
Error: write ECONNABORTED
    at afterWriteDispatched (node:internal/stream_base_commons:159:15)
    at writeGeneric (node:internal/stream_base_commons:150:3)
    at Socket._writeGeneric (node:net:1025:11)
    at Socket._write (node:net:1037:8)
    at writeOrBuffer (node:internal/streams/writable:570:12)
    at _write (node:internal/streams/writable:499:10)
    at Writable.write (node:internal/streams/writable:508:10)
    at writeChunk (file:///C:/Users/NAKULSHARMA/Downloads/developmentsync-main/frontend/node_modules/vite/dist/node/chunks/config.js:21695:13)
    at IncomingMessage.<anonymous> (file:///C:/Users/NAKULSHARMA/Downloads/developmentsync-main/frontend/node_modules/vite/dist/node/chunks/config.js:21702:6)
    at IncomingMessage.emit (node:events:509:28)
[2m3:55:12 pm[22m [31m[1m[vite][22m[39m [31mws proxy error:[39m
Error: write ECONNABORTED
    at afterWriteDispatched (node:internal/stream_base_commons:159:15)
    at writeGeneric (node:internal/stream_base_commons:150:3)
    at Socket._writeGeneric (node:net:1025:11)
    at Socket._write (node:net:1037:8)
    at writeOrBuffer (node:internal/streams/writable:570:12)
    at _write (node:internal/streams/writable:499:10)
    at Writable.write (node:internal/streams/writable:508:10)
    at writeChunk (file:///C:/Users/NAKULSHARMA/Downloads/developmentsync-main/frontend/node_modules/vite/dist/node/chunks/config.js:21692:13)
    at IncomingMessage.<anonymous> (file:///C:/Users/NAKULSHARMA/Downloads/developmentsync-main/frontend/node_modules/vite/dist/node/chunks/config.js:21705:6)
    at IncomingMessage.emit (node:events:521:24)
[2m3:55:12 pm[22m [31m[1m[vite][22m[39m [31mws proxy socket error:[39m
Error: write ECONNABORTED
    at afterWriteDispatched (node:internal/stream_base_commons:159:15)
    at writeGeneric (node:internal/stream_base_commons:150:3)
    at Socket._writeGeneric (node:net:1025:11)
    at Socket._write (node:net:1037:8)
    at writeOrBuffer (node:internal/streams/writable:570:12)
    at _write (node:internal/streams/writable:499:10)
    at Writable.write (node:internal/streams/writable:508:10)
    at writeChunk (file:///C:/Users/NAKULSHARMA/Downloads/developmentsync-main/frontend/node_modules/vite/dist/node/chunks/config.js:21692:13)
    at IncomingMessage.<anonymous> (file:///C:/Users/NAKULSHARMA/Downloads/developmentsync-main/frontend/node_modules/vite/dist/node/chunks/config.js:21705:6)
    at IncomingMessage.emit (node:events:521:24)
[2m3:55:14 pm[22m [31m[1m[vite][22m[39m [31mws proxy error:[39m
Error: write ECONNABORTED
    at afterWriteDispatched (node:internal/stream_base_commons:159:15)
    at writeGeneric (node:internal/stream_base_commons:150:3)
    at Socket._writeGeneric (node:net:1025:11)
    at Socket._write (node:net:1037:8)
    at writeOrBuffer (node:internal/streams/writable:570:12)
    at _write (node:internal/streams/writable:499:10)
    at Writable.write (node:internal/streams/writable:508:10)
    at writeChunk (file:///C:/Users/NAKULSHARMA/Downloads/developmentsync-main/frontend/node_modules/vite/dist/node/chunks/config.js:21694:13)
    at IncomingMessage.<anonymous> (file:///C:/Users/NAKULSHARMA/Downloads/developmentsync-main/frontend/node_modules/vite/dist/node/chunks/config.js:21702:6)
    at IncomingMessage.emit (node:events:509:28)
[2m3:55:14 pm[22m [31m[1m[vite][22m[39m [31mws proxy socket error:[39m
Error: write ECONNABORTED
    at afterWriteDispatched (node:internal/stream_base_commons:159:15)
    at writeGeneric (node:internal/stream_base_commons:150:3)
    at Socket._writeGeneric (node:net:1025:11)
    at Socket._write (node:net:1037:8)
    at writeOrBuffer (node:internal/streams/writable:570:12)
    at _write (node:internal/streams/writable:499:10)
    at Writable.write (node:internal/streams/writable:508:10)
    at writeChunk (file:///C:/Users/NAKULSHARMA/Downloads/developmentsync-main/frontend/node_modules/vite/dist/node/chunks/config.js:21694:13)
    at IncomingMessage.<anonymous> (file:///C:/Users/NAKULSHARMA/Downloads/developmentsync-main/frontend/node_modules/vite/dist/node/chunks/config.js:21702:6)
    at IncomingMessage.emit (node:events:509:28)
[2m3:55:16 pm[22m [31m[1m[vite][22m[39m [31mws proxy error:[39m
Error: write ECONNABORTED
    at afterWriteDispatched (node:internal/stream_base_commons:159:15)
    at writeGeneric (node:internal/stream_base_commons:150:3)
    at Socket._writeGeneric (node:net:1025:11)
    at Socket._write (node:net:1037:8)
    at writeOrBuffer (node:internal/streams/writable:570:12)
    at _write (node:internal/streams/writable:499:10)
    at Writable.write (node:internal/streams/writable:508:10)
    at writeChunk (file:///C:/Users/NAKULSHARMA/Downloads/developmentsync-main/frontend/node_modules/vite/dist/node/chunks/config.js:21692:13)
    at IncomingMessage.<anonymous> (file:///C:/Users/NAKULSHARMA/Downloads/developmentsync-main/frontend/node_modules/vite/dist/node/chunks/config.js:21705:6)
    at IncomingMessage.emit (node:events:521:24)
[2m3:55:16 pm[22m [31m[1m[vite][22m[39m [31mws proxy socket error:[39m
Error: write ECONNABORTED
    at afterWriteDispatched (node:internal/stream_base_commons:159:15)
    at writeGeneric (node:internal/stream_base_commons:150:3)
    at Socket._writeGeneric (node:net:1025:11)
    at Socket._write (node:net:1037:8)
    at writeOrBuffer (node:internal/streams/writable:570:12)
    at _write (node:internal/streams/writable:499:10)
    at Writable.write (node:internal/streams/writable:508:10)
    at writeChunk (file:///C:/Users/NAKULSHARMA/Downloads/developmentsync-main/frontend/node_modules/vite/dist/node/chunks/config.js:21692:13)
    at IncomingMessage.<anonymous> (file:///C:/Users/NAKULSHARMA/Downloads/developmentsync-main/frontend/node_modules/vite/dist/node/chunks/config.js:21705:6)
    at IncomingMessage.emit (node:events:521:24)
[2m3:55:18 pm[22m [31m[1m[vite][22m[39m [31mws proxy error:[39m
Error: write ECONNABORTED
    at afterWriteDispatched (node:internal/stream_base_commons:159:15)
    at writeGeneric (node:internal/stream_base_commons:150:3)
    at Socket._writeGeneric (node:net:1025:11)
    at Socket._write (node:net:1037:8)
    at writeOrBuffer (node:internal/streams/writable:570:12)
    at _write (node:internal/streams/writable:499:10)
    at Writable.write (node:internal/streams/writable:508:10)
    at writeChunk (file:///C:/Users/NAKULSHARMA/Downloads/developmentsync-main/frontend/node_modules/vite/dist/node/chunks/config.js:21695:13)
    at IncomingMessage.<anonymous> (file:///C:/Users/NAKULSHARMA/Downloads/developmentsync-main/frontend/node_modules/vite/dist/node/chunks/config.js:21702:6)
    at IncomingMessage.emit (node:events:509:28)
[2m3:55:18 pm[22m [31m[1m[vite][22m[39m [31mws proxy socket error:[39m
Error: write ECONNABORTED
    at afterWriteDispatched (node:internal/stream_base_commons:159:15)
    at writeGeneric (node:internal/stream_base_commons:150:3)
    at Socket._writeGeneric (node:net:1025:11)
    at Socket._write (node:net:1037:8)
    at writeOrBuffer (node:internal/streams/writable:570:12)
    at _write (node:internal/streams/writable:499:10)
    at Writable.write (node:internal/streams/writable:508:10)
    at writeChunk (file:///C:/Users/NAKULSHARMA/Downloads/developmentsync-main/frontend/node_modules/vite/dist/node/chunks/config.js:21695:13)
    at IncomingMessage.<anonymous> (file:///C:/Users/NAKULSHARMA/Downloads/developmentsync-main/frontend/node_modules/vite/dist/node/chunks/config.js:21702:6)
    at IncomingMessage.emit (node:events:509:28)
[2m3:55:20 pm[22m [31m[1m[vite][22m[39m [31mws proxy error:[39m
Error: write ECONNABORTED
    at afterWriteDispatched (node:internal/stream_base_commons:159:15)
    at writeGeneric (node:internal/stream_base_commons:150:3)
    at Socket._writeGeneric (node:net:1025:11)
    at Socket._write (node:net:1037:8)
    at writeOrBuffer (node:internal/streams/writable:570:12)
    at _write (node:internal/streams/writable:499:10)
    at Writable.write (node:internal/streams/writable:508:10)
    at writeChunk (file:///C:/Users/NAKULSHARMA/Downloads/developmentsync-main/frontend/node_modules/vite/dist/node/chunks/config.js:21692:13)
    at IncomingMessage.<anonymous> (file:///C:/Users/NAKULSHARMA/Downloads/developmentsync-main/frontend/node_modules/vite/dist/node/chunks/config.js:21705:6)
    at IncomingMessage.emit (node:events:521:24)
[2m3:55:20 pm[22m [31m[1m[vite][22m[39m [31mws proxy socket error:[39m
Error: write ECONNABORTED
    at afterWriteDispatched (node:internal/stream_base_commons:159:15)
    at writeGeneric (node:internal/stream_base_commons:150:3)
    at Socket._writeGeneric (node:net:1025:11)
    at Socket._write (node:net:1037:8)
    at writeOrBuffer (node:internal/streams/writable:570:12)
    at _write (node:internal/streams/writable:499:10)
    at Writable.write (node:internal/streams/writable:508:10)
    at writeChunk (file:///C:/Users/NAKULSHARMA/Downloads/developmentsync-main/frontend/node_modules/vite/dist/node/chunks/config.js:21692:13)
    at IncomingMessage.<anonymous> (file:///C:/Users/NAKULSHARMA/Downloads/developmentsync-main/frontend/node_modules/vite/dist/node/chunks/config.js:21705:6)
    at IncomingMessage.emit (node:events:521:24)
[2m3:55:22 pm[22m [31m[1m[vite][22m[39m [31mws proxy error:[39m
Error: write ECONNABORTED
    at afterWriteDispatched (node:internal/stream_base_commons:159:15)
    at writeGeneric (node:internal/stream_base_commons:150:3)
    at Socket._writeGeneric (node:net:1025:11)
    at Socket._write (node:net:1037:8)
    at writeOrBuffer (node:internal/streams/writable:570:12)
    at _write (node:internal/streams/writable:499:10)
    at Writable.write (node:internal/streams/writable:508:10)
    at writeChunk (file:///C:/Users/NAKULSHARMA/Downloads/developmentsync-main/frontend/node_modules/vite/dist/node/chunks/config.js:21692:13)
    at IncomingMessage.<anonymous> (file:///C:/Users/NAKULSHARMA/Downloads/developmentsync-main/frontend/node_modules/vite/dist/node/chunks/config.js:21705:6)
    at IncomingMessage.emit (node:events:521:24)
[2m3:55:22 pm[22m [31m[1m[vite][22m[39m [31mws proxy socket error:[39m
Error: write ECONNABORTED
    at afterWriteDispatched (node:internal/stream_base_commons:159:15)
    at writeGeneric (node:internal/stream_base_commons:150:3)
    at Socket._writeGeneric (node:net:1025:11)
    at Socket._write (node:net:1037:8)
    at writeOrBuffer (node:internal/streams/writable:570:12)
    at _write (node:internal/streams/writable:499:10)
    at Writable.write (node:internal/streams/writable:508:10)
    at writeChunk (file:///C:/Users/NAKULSHARMA/Downloads/developmentsync-main/frontend/node_modules/vite/dist/node/chunks/config.js:21692:13)
    at IncomingMessage.<anonymous> (file:///C:/Users/NAKULSHARMA/Downloads/developmentsync-main/frontend/node_modules/vite/dist/node/chunks/config.js:21705:6)
    at IncomingMessage.emit (node:events:521:24)
[2m3:55:24 pm[22m [31m[1m[vite][22m[39m [31mws proxy error:[39m
Error: read ECONNRESET
    at TCP.onStreamRead (node:internal/stream_base_commons:216:20)
[2m3:55:24 pm[22m [31m[1m[vite][22m[39m [31mws proxy socket error:[39m
Error: read ECONNRESET
    at TCP.onStreamRead (node:internal/stream_base_commons:216:20)
[2m3:55:26 pm[22m [31m[1m[vite][22m[39m [31mws proxy error:[39m
Error: write ECONNABORTED
    at afterWriteDispatched (node:internal/stream_base_commons:159:15)
    at writeGeneric (node:internal/stream_base_commons:150:3)
    at Socket._writeGeneric (node:net:1025:11)
    at Socket._write (node:net:1037:8)
    at writeOrBuffer (node:internal/streams/writable:570:12)
    at _write (node:internal/streams/writable:499:10)
    at Writable.write (node:internal/streams/writable:508:10)
    at writeChunk (file:///C:/Users/NAKULSHARMA/Downloads/developmentsync-main/frontend/node_modules/vite/dist/node/chunks/config.js:21692:13)
    at IncomingMessage.<anonymous> (file:///C:/Users/NAKULSHARMA/Downloads/developmentsync-main/frontend/node_modules/vite/dist/node/chunks/config.js:21705:6)
    at IncomingMessage.emit (node:events:521:24)
[2m3:55:26 pm[22m [31m[1m[vite][22m[39m [31mws proxy socket error:[39m
Error: write ECONNABORTED
    at afterWriteDispatched (node:internal/stream_base_commons:159:15)
    at writeGeneric (node:internal/stream_base_commons:150:3)
    at Socket._writeGeneric (node:net:1025:11)
    at Socket._write (node:net:1037:8)
    at writeOrBuffer (node:internal/streams/writable:570:12)
    at _write (node:internal/streams/writable:499:10)
    at Writable.write (node:internal/streams/writable:508:10)
    at writeChunk (file:///C:/Users/NAKULSHARMA/Downloads/developmentsync-main/frontend/node_modules/vite/dist/node/chunks/config.js:21692:13)
    at IncomingMessage.<anonymous> (file:///C:/Users/NAKULSHARMA/Downloads/developmentsync-main/frontend/node_modules/vite/dist/node/chunks/config.js:21705:6)
    at IncomingMessage.emit (node:events:521:24)
[2m3:55:28 pm[22m [31m[1m[vite][22m[39m [31mws proxy error:[39m
Error: write ECONNABORTED
    at afterWriteDispatched (node:internal/stream_base_commons:159:15)
    at writeGeneric (node:internal/stream_base_commons:150:3)
    at Socket._writeGeneric (node:net:1025:11)
    at Socket._write (node:net:1037:8)
    at writeOrBuffer (node:internal/streams/writable:570:12)
    at _write (node:internal/streams/writable:499:10)
    at Writable.write (node:internal/streams/writable:508:10)
    at writeChunk (file:///C:/Users/NAKULSHARMA/Downloads/developmentsync-main/frontend/node_modules/vite/dist/node/chunks/config.js:21693:13)
    at IncomingMessage.<anonymous> (file:///C:/Users/NAKULSHARMA/Downloads/developmentsync-main/frontend/node_modules/vite/dist/node/chunks/config.js:21702:6)
    at IncomingMessage.emit (node:events:509:28)
[2m3:55:28 pm[22m [31m[1m[vite][22m[39m [31mws proxy socket error:[39m
Error: write ECONNABORTED
    at afterWriteDispatched (node:internal/stream_base_commons:159:15)
    at writeGeneric (node:internal/stream_base_commons:150:3)
    at Socket._writeGeneric (node:net:1025:11)
    at Socket._write (node:net:1037:8)
    at writeOrBuffer (node:internal/streams/writable:570:12)
    at _write (node:internal/streams/writable:499:10)
    at Writable.write (node:internal/streams/writable:508:10)
    at writeChunk (file:///C:/Users/NAKULSHARMA/Downloads/developmentsync-main/frontend/node_modules/vite/dist/node/chunks/config.js:21693:13)
    at IncomingMessage.<anonymous> (file:///C:/Users/NAKULSHARMA/Downloads/developmentsync-main/frontend/node_modules/vite/dist/node/chunks/config.js:21702:6)
    at IncomingMessage.emit (node:events:509:28)
[2m3:55:30 pm[22m [31m[1m[vite][22m[39m [31mws proxy error:[39m
Error: write ECONNABORTED
    at afterWriteDispatched (node:internal/stream_base_commons:159:15)
    at writeGeneric (node:internal/stream_base_commons:150:3)
    at Socket._writeGeneric (node:net:1025:11)
    at Socket._write (node:net:1037:8)
    at writeOrBuffer (node:internal/streams/writable:570:12)
    at _write (node:internal/streams/writable:499:10)
    at Writable.write (node:internal/streams/writable:508:10)
    at writeChunk (file:///C:/Users/NAKULSHARMA/Downloads/developmentsync-main/frontend/node_modules/vite/dist/node/chunks/config.js:21692:13)
    at IncomingMessage.<anonymous> (file:///C:/Users/NAKULSHARMA/Downloads/developmentsync-main/frontend/node_modules/vite/dist/node/chunks/config.js:21705:6)
    at IncomingMessage.emit (node:events:521:24)
[2m3:55:30 pm[22m [31m[1m[vite][22m[39m [31mws proxy socket error:[39m
Error: write ECONNABORTED
    at afterWriteDispatched (node:internal/stream_base_commons:159:15)
    at writeGeneric (node:internal/stream_base_commons:150:3)
    at Socket._writeGeneric (node:net:1025:11)
    at Socket._write (node:net:1037:8)
    at writeOrBuffer (node:internal/streams/writable:570:12)
    at _write (node:internal/streams/writable:499:10)
    at Writable.write (node:internal/streams/writable:508:10)
    at writeChunk (file:///C:/Users/NAKULSHARMA/Downloads/developmentsync-main/frontend/node_modules/vite/dist/node/chunks/config.js:21692:13)
    at IncomingMessage.<anonymous> (file:///C:/Users/NAKULSHARMA/Downloads/developmentsync-main/frontend/node_modules/vite/dist/node/chunks/config.js:21705:6)
    at IncomingMessage.emit (node:events:521:24)
[2m3:55:32 pm[22m [31m[1m[vite][22m[39m [31mws proxy error:[39m
Error: write ECONNABORTED
    at afterWriteDispatched (node:internal/stream_base_commons:159:15)
    at writeGeneric (node:internal/stream_base_commons:150:3)
    at Socket._writeGeneric (node:net:1025:11)
    at Socket._write (node:net:1037:8)
    at writeOrBuffer (node:internal/streams/writable:570:12)
    at _write (node:internal/streams/writable:499:10)
    at Writable.write (node:internal/streams/writable:508:10)
    at writeChunk (file:///C:/Users/NAKULSHARMA/Downloads/developmentsync-main/frontend/node_modules/vite/dist/node/chunks/config.js:21692:13)
    at IncomingMessage.<anonymous> (file:///C:/Users/NAKULSHARMA/Downloads/developmentsync-main/frontend/node_modules/vite/dist/node/chunks/config.js:21705:6)
    at IncomingMessage.emit (node:events:521:24)
[2m3:55:32 pm[22m [31m[1m[vite][22m[39m [31mws proxy socket error:[39m
Error: write ECONNABORTED
    at afterWriteDispatched (node:internal/stream_base_commons:159:15)
    at writeGeneric (node:internal/stream_base_commons:150:3)
    at Socket._writeGeneric (node:net:1025:11)
    at Socket._write (node:net:1037:8)
    at writeOrBuffer (node:internal/streams/writable:570:12)
    at _write (node:internal/streams/writable:499:10)
    at Writable.write (node:internal/streams/writable:508:10)
    at writeChunk (file:///C:/Users/NAKULSHARMA/Downloads/developmentsync-main/frontend/node_modules/vite/dist/node/chunks/config.js:21692:13)
    at IncomingMessage.<anonymous> (file:///C:/Users/NAKULSHARMA/Downloads/developmentsync-main/frontend/node_modules/vite/dist/node/chunks/config.js:21705:6)
    at IncomingMessage.emit (node:events:521:24)
[2m3:55:34 pm[22m [31m[1m[vite][22m[39m [31mws proxy error:[39m
Error: read ECONNRESET
    at TCP.onStreamRead (node:internal/stream_base_commons:216:20)
[2m3:55:34 pm[22m [31m[1m[vite][22m[39m [31mws proxy socket error:[39m
Error: read ECONNRESET
    at TCP.onStreamRead (node:internal/stream_base_commons:216:20)
[2m3:55:36 pm[22m [31m[1m[vite][22m[39m [31mws proxy error:[39m
Error: write ECONNABORTED
    at afterWriteDispatched (node:internal/stream_base_commons:159:15)
    at writeGeneric (node:internal/stream_base_commons:150:3)
    at Socket._writeGeneric (node:net:1025:11)
    at Socket._write (node:net:1037:8)
    at writeOrBuffer (node:internal/streams/writable:570:12)
    at _write (node:internal/streams/writable:499:10)
    at Writable.write (node:internal/streams/writable:508:10)
    at writeChunk (file:///C:/Users/NAKULSHARMA/Downloads/developmentsync-main/frontend/node_modules/vite/dist/node/chunks/config.js:21692:13)
    at IncomingMessage.<anonymous> (file:///C:/Users/NAKULSHARMA/Downloads/developmentsync-main/frontend/node_modules/vite/dist/node/chunks/config.js:21705:6)
    at IncomingMessage.emit (node:events:521:24)
[2m3:55:36 pm[22m [31m[1m[vite][22m[39m [31mws proxy socket error:[39m
Error: write ECONNABORTED
    at afterWriteDispatched (node:internal/stream_base_commons:159:15)
    at writeGeneric (node:internal/stream_base_commons:150:3)
    at Socket._writeGeneric (node:net:1025:11)
    at Socket._write (node:net:1037:8)
    at writeOrBuffer (node:internal/streams/writable:570:12)
    at _write (node:internal/streams/writable:499:10)
    at Writable.write (node:internal/streams/writable:508:10)
    at writeChunk (file:///C:/Users/NAKULSHARMA/Downloads/developmentsync-main/frontend/node_modules/vite/dist/node/chunks/config.js:21692:13)
    at IncomingMessage.<anonymous> (file:///C:/Users/NAKULSHARMA/Downloads/developmentsync-main/frontend/node_modules/vite/dist/node/chunks/config.js:21705:6)
    at IncomingMessage.emit (node:events:521:24)
[2m3:55:39 pm[22m [31m[1m[vite][22m[39m [31mws proxy error:[39m
Error: write ECONNABORTED
    at afterWriteDispatched (node:internal/stream_base_commons:159:15)
    at writeGeneric (node:internal/stream_base_commons:150:3)
    at Socket._writeGeneric (node:net:1025:11)
    at Socket._write (node:net:1037:8)
    at writeOrBuffer (node:internal/streams/writable:570:12)
    at _write (node:internal/streams/writable:499:10)
    at Writable.write (node:internal/streams/writable:508:10)
    at writeChunk (file:///C:/Users/NAKULSHARMA/Downloads/developmentsync-main/frontend/node_modules/vite/dist/node/chunks/config.js:21692:13)
    at IncomingMessage.<anonymous> (file:///C:/Users/NAKULSHARMA/Downloads/developmentsync-main/frontend/node_modules/vite/dist/node/chunks/config.js:21705:6)
    at IncomingMessage.emit (node:events:521:24)
[2m3:55:39 pm[22m [31m[1m[vite][22m[39m [31mws proxy socket error:[39m
Error: write ECONNABORTED
    at afterWriteDispatched (node:internal/stream_base_commons:159:15)
    at writeGeneric (node:internal/stream_base_commons:150:3)
    at Socket._writeGeneric (node:net:1025:11)
    at Socket._write (node:net:1037:8)
    at writeOrBuffer (node:internal/streams/writable:570:12)
    at _write (node:internal/streams/writable:499:10)
    at Writable.write (node:internal/streams/writable:508:10)
    at writeChunk (file:///C:/Users/NAKULSHARMA/Downloads/developmentsync-main/frontend/node_modules/vite/dist/node/chunks/config.js:21692:13)
    at IncomingMessage.<anonymous> (file:///C:/Users/NAKULSHARMA/Downloads/developmentsync-main/frontend/node_modules/vite/dist/node/chunks/config.js:21705:6)
    at IncomingMessage.emit (node:events:521:24)
[2m3:55:41 pm[22m [31m[1m[vite][22m[39m [31mws proxy error:[39m
Error: write ECONNABORTED
    at afterWriteDispatched (node:internal/stream_base_commons:159:15)
    at writeGeneric (node:internal/stream_base_commons:150:3)
    at Socket._writeGeneric (node:net:1025:11)
    at Socket._write (node:net:1037:8)
    at writeOrBuffer (node:internal/streams/writable:570:12)
    at _write (node:internal/streams/writable:499:10)
    at Writable.write (node:internal/streams/writable:508:10)
    at writeChunk (file:///C:/Users/NAKULSHARMA/Downloads/developmentsync-main/frontend/node_modules/vite/dist/node/chunks/config.js:21694:13)
    at IncomingMessage.<anonymous> (file:///C:/Users/NAKULSHARMA/Downloads/developmentsync-main/frontend/node_modules/vite/dist/node/chunks/config.js:21702:6)
    at IncomingMessage.emit (node:events:509:28)
[2m3:55:41 pm[22m [31m[1m[vite][22m[39m [31mws proxy socket error:[39m
Error: write ECONNABORTED
    at afterWriteDispatched (node:internal/stream_base_commons:159:15)
    at writeGeneric (node:internal/stream_base_commons:150:3)
    at Socket._writeGeneric (node:net:1025:11)
    at Socket._write (node:net:1037:8)
    at writeOrBuffer (node:internal/streams/writable:570:12)
    at _write (node:internal/streams/writable:499:10)
    at Writable.write (node:internal/streams/writable:508:10)
    at writeChunk (file:///C:/Users/NAKULSHARMA/Downloads/developmentsync-main/frontend/node_modules/vite/dist/node/chunks/config.js:21694:13)
    at IncomingMessage.<anonymous> (file:///C:/Users/NAKULSHARMA/Downloads/developmentsync-main/frontend/node_modules/vite/dist/node/chunks/config.js:21702:6)
    at IncomingMessage.emit (node:events:509:28)
[2m3:55:43 pm[22m [31m[1m[vite][22m[39m [31mws proxy error:[39m
Error: write ECONNABORTED
    at afterWriteDispatched (node:internal/stream_base_commons:159:15)
    at writeGeneric (node:internal/stream_base_commons:150:3)
    at Socket._writeGeneric (node:net:1025:11)
    at Socket._write (node:net:1037:8)
    at writeOrBuffer (node:internal/streams/writable:570:12)
    at _write (node:internal/streams/writable:499:10)
    at Writable.write (node:internal/streams/writable:508:10)
    at writeChunk (file:///C:/Users/NAKULSHARMA/Downloads/developmentsync-main/frontend/node_modules/vite/dist/node/chunks/config.js:21692:13)
    at IncomingMessage.<anonymous> (file:///C:/Users/NAKULSHARMA/Downloads/developmentsync-main/frontend/node_modules/vite/dist/node/chunks/config.js:21705:6)
    at IncomingMessage.emit (node:events:521:24)
[2m3:55:43 pm[22m [31m[1m[vite][22m[39m [31mws proxy socket error:[39m
Error: write ECONNABORTED
    at afterWriteDispatched (node:internal/stream_base_commons:159:15)
    at writeGeneric (node:internal/stream_base_commons:150:3)
    at Socket._writeGeneric (node:net:1025:11)
    at Socket._write (node:net:1037:8)
    at writeOrBuffer (node:internal/streams/writable:570:12)
    at _write (node:internal/streams/writable:499:10)
    at Writable.write (node:internal/streams/writable:508:10)
    at writeChunk (file:///C:/Users/NAKULSHARMA/Downloads/developmentsync-main/frontend/node_modules/vite/dist/node/chunks/config.js:21692:13)
    at IncomingMessage.<anonymous> (file:///C:/Users/NAKULSHARMA/Downloads/developmentsync-main/frontend/node_modules/vite/dist/node/chunks/config.js:21705:6)
    at IncomingMessage.emit (node:events:521:24)
[2m3:55:45 pm[22m [31m[1m[vite][22m[39m [31mws proxy error:[39m
Error: write ECONNABORTED
    at afterWriteDispatched (node:internal/stream_base_commons:159:15)
    at writeGeneric (node:internal/stream_base_commons:150:3)
    at Socket._writeGeneric (node:net:1025:11)
    at Socket._write (node:net:1037:8)
    at writeOrBuffer (node:internal/streams/writable:570:12)
    at _write (node:internal/streams/writable:499:10)
    at Writable.write (node:internal/streams/writable:508:10)
    at writeChunk (file:///C:/Users/NAKULSHARMA/Downloads/developmentsync-main/frontend/node_modules/vite/dist/node/chunks/config.js:21692:13)
    at IncomingMessage.<anonymous> (file:///C:/Users/NAKULSHARMA/Downloads/developmentsync-main/frontend/node_modules/vite/dist/node/chunks/config.js:21705:6)
    at IncomingMessage.emit (node:events:521:24)
[2m3:55:45 pm[22m [31m[1m[vite][22m[39m [31mws proxy socket error:[39m
Error: write ECONNABORTED
    at afterWriteDispatched (node:internal/stream_base_commons:159:15)
    at writeGeneric (node:internal/stream_base_commons:150:3)
    at Socket._writeGeneric (node:net:1025:11)
    at Socket._write (node:net:1037:8)
    at writeOrBuffer (node:internal/streams/writable:570:12)
    at _write (node:internal/streams/writable:499:10)
    at Writable.write (node:internal/streams/writable:508:10)
    at writeChunk (file:///C:/Users/NAKULSHARMA/Downloads/developmentsync-main/frontend/node_modules/vite/dist/node/chunks/config.js:21692:13)
    at IncomingMessage.<anonymous> (file:///C:/Users/NAKULSHARMA/Downloads/developmentsync-main/frontend/node_modules/vite/dist/node/chunks/config.js:21705:6)
    at IncomingMessage.emit (node:events:521:24)
[2m3:55:47 pm[22m [31m[1m[vite][22m[39m [31mws proxy error:[39m
Error: write ECONNABORTED
    at afterWriteDispatched (node:internal/stream_base_commons:159:15)
    at writeGeneric (node:internal/stream_base_commons:150:3)
    at Socket._writeGeneric (node:net:1025:11)
    at Socket._write (node:net:1037:8)
    at writeOrBuffer (node:internal/streams/writable:570:12)
    at _write (node:internal/streams/writable:499:10)
    at Writable.write (node:internal/streams/writable:508:10)
    at writeChunk (file:///C:/Users/NAKULSHARMA/Downloads/developmentsync-main/frontend/node_modules/vite/dist/node/chunks/config.js:21692:13)
    at IncomingMessage.<anonymous> (file:///C:/Users/NAKULSHARMA/Downloads/developmentsync-main/frontend/node_modules/vite/dist/node/chunks/config.js:21705:6)
    at IncomingMessage.emit (node:events:521:24)
[2m3:55:47 pm[22m [31m[1m[vite][22m[39m [31mws proxy socket error:[39m
Error: write ECONNABORTED
    at afterWriteDispatched (node:internal/stream_base_commons:159:15)
    at writeGeneric (node:internal/stream_base_commons:150:3)
    at Socket._writeGeneric (node:net:1025:11)
    at Socket._write (node:net:1037:8)
    at writeOrBuffer (node:internal/streams/writable:570:12)
    at _write (node:internal/streams/writable:499:10)
    at Writable.write (node:internal/streams/writable:508:10)
    at writeChunk (file:///C:/Users/NAKULSHARMA/Downloads/developmentsync-main/frontend/node_modules/vite/dist/node/chunks/config.js:21692:13)
    at IncomingMessage.<anonymous> (file:///C:/Users/NAKULSHARMA/Downloads/developmentsync-main/frontend/node_modules/vite/dist/node/chunks/config.js:21705:6)
    at IncomingMessage.emit (node:events:521:24)
[2m3:55:49 pm[22m [31m[1m[vite][22m[39m [31mws proxy error:[39m
Error: write ECONNABORTED
    at afterWriteDispatched (node:internal/stream_base_commons:159:15)
    at writeGeneric (node:internal/stream_base_commons:150:3)
    at Socket._writeGeneric (node:net:1025:11)
    at Socket._write (node:net:1037:8)
    at writeOrBuffer (node:internal/streams/writable:570:12)
    at _write (node:internal/streams/writable:499:10)
    at Writable.write (node:internal/streams/writable:508:10)
    at writeChunk (file:///C:/Users/NAKULSHARMA/Downloads/developmentsync-main/frontend/node_modules/vite/dist/node/chunks/config.js:21692:13)
    at IncomingMessage.<anonymous> (file:///C:/Users/NAKULSHARMA/Downloads/developmentsync-main/frontend/node_modules/vite/dist/node/chunks/config.js:21705:6)
    at IncomingMessage.emit (node:events:521:24)
[2m3:55:49 pm[22m [31m[1m[vite][22m[39m [31mws proxy socket error:[39m
Error: write ECONNABORTED
    at afterWriteDispatched (node:internal/stream_base_commons:159:15)
    at writeGeneric (node:internal/stream_base_commons:150:3)
    at Socket._writeGeneric (node:net:1025:11)
    at Socket._write (node:net:1037:8)
    at writeOrBuffer (node:internal/streams/writable:570:12)
    at _write (node:internal/streams/writable:499:10)
    at Writable.write (node:internal/streams/writable:508:10)
    at writeChunk (file:///C:/Users/NAKULSHARMA/Downloads/developmentsync-main/frontend/node_modules/vite/dist/node/chunks/config.js:21692:13)
    at IncomingMessage.<anonymous> (file:///C:/Users/NAKULSHARMA/Downloads/developmentsync-main/frontend/node_modules/vite/dist/node/chunks/config.js:21705:6)
    at IncomingMessage.emit (node:events:521:24)
[2m3:55:51 pm[22m [31m[1m[vite][22m[39m [31mws proxy error:[39m
Error: write ECONNABORTED
    at afterWriteDispatched (node:internal/stream_base_commons:159:15)
    at writeGeneric (node:internal/stream_base_commons:150:3)
    at Socket._writeGeneric (node:net:1025:11)
    at Socket._write (node:net:1037:8)
    at writeOrBuffer (node:internal/streams/writable:570:12)
    at _write (node:internal/streams/writable:499:10)
    at Writable.write (node:internal/streams/writable:508:10)
    at writeChunk (file:///C:/Users/NAKULSHARMA/Downloads/developmentsync-main/frontend/node_modules/vite/dist/node/chunks/config.js:21694:13)
    at IncomingMessage.<anonymous> (file:///C:/Users/NAKULSHARMA/Downloads/developmentsync-main/frontend/node_modules/vite/dist/node/chunks/config.js:21702:6)
    at IncomingMessage.emit (node:events:509:28)
[2m3:55:51 pm[22m [31m[1m[vite][22m[39m [31mws proxy socket error:[39m
Error: write ECONNABORTED
    at afterWriteDispatched (node:internal/stream_base_commons:159:15)
    at writeGeneric (node:internal/stream_base_commons:150:3)
    at Socket._writeGeneric (node:net:1025:11)
    at Socket._write (node:net:1037:8)
    at writeOrBuffer (node:internal/streams/writable:570:12)
    at _write (node:internal/streams/writable:499:10)
    at Writable.write (node:internal/streams/writable:508:10)
    at writeChunk (file:///C:/Users/NAKULSHARMA/Downloads/developmentsync-main/frontend/node_modules/vite/dist/node/chunks/config.js:21694:13)
    at IncomingMessage.<anonymous> (file:///C:/Users/NAKULSHARMA/Downloads/developmentsync-main/frontend/node_modules/vite/dist/node/chunks/config.js:21702:6)
    at IncomingMessage.emit (node:events:509:28)
[2m3:55:53 pm[22m [31m[1m[vite][22m[39m [31mws proxy error:[39m
Error: write ECONNABORTED
    at afterWriteDispatched (node:internal/stream_base_commons:159:15)
    at writeGeneric (node:internal/stream_base_commons:150:3)
    at Socket._writeGeneric (node:net:1025:11)
    at Socket._write (node:net:1037:8)
    at writeOrBuffer (node:internal/streams/writable:570:12)
    at _write (node:internal/streams/writable:499:10)
    at Writable.write (node:internal/streams/writable:508:10)
    at writeChunk (file:///C:/Users/NAKULSHARMA/Downloads/developmentsync-main/frontend/node_modules/vite/dist/node/chunks/config.js:21693:13)
    at IncomingMessage.<anonymous> (file:///C:/Users/NAKULSHARMA/Downloads/developmentsync-main/frontend/node_modules/vite/dist/node/chunks/config.js:21702:6)
    at IncomingMessage.emit (node:events:509:28)
[2m3:55:53 pm[22m [31m[1m[vite][22m[39m [31mws proxy socket error:[39m
Error: write ECONNABORTED
    at afterWriteDispatched (node:internal/stream_base_commons:159:15)
    at writeGeneric (node:internal/stream_base_commons:150:3)
    at Socket._writeGeneric (node:net:1025:11)
    at Socket._write (node:net:1037:8)
    at writeOrBuffer (node:internal/streams/writable:570:12)
    at _write (node:internal/streams/writable:499:10)
    at Writable.write (node:internal/streams/writable:508:10)
    at writeChunk (file:///C:/Users/NAKULSHARMA/Downloads/developmentsync-main/frontend/node_modules/vite/dist/node/chunks/config.js:21693:13)
    at IncomingMessage.<anonymous> (file:///C:/Users/NAKULSHARMA/Downloads/developmentsync-main/frontend/node_modules/vite/dist/node/chunks/config.js:21702:6)
    at IncomingMessage.emit (node:events:509:28)
[2m3:55:55 pm[22m [31m[1m[vite][22m[39m [31mws proxy error:[39m
Error: write ECONNABORTED
    at afterWriteDispatched (node:internal/stream_base_commons:159:15)
    at writeGeneric (node:internal/stream_base_commons:150:3)
    at Socket._writeGeneric (node:net:1025:11)
    at Socket._write (node:net:1037:8)
    at writeOrBuffer (node:internal/streams/writable:570:12)
    at _write (node:internal/streams/writable:499:10)
    at Writable.write (node:internal/streams/writable:508:10)
    at writeChunk (file:///C:/Users/NAKULSHARMA/Downloads/developmentsync-main/frontend/node_modules/vite/dist/node/chunks/config.js:21692:13)
    at IncomingMessage.<anonymous> (file:///C:/Users/NAKULSHARMA/Downloads/developmentsync-main/frontend/node_modules/vite/dist/node/chunks/config.js:21705:6)
    at IncomingMessage.emit (node:events:521:24)
[2m3:55:55 pm[22m [31m[1m[vite][22m[39m [31mws proxy socket error:[39m
Error: write ECONNABORTED
    at afterWriteDispatched (node:internal/stream_base_commons:159:15)
    at writeGeneric (node:internal/stream_base_commons:150:3)
    at Socket._writeGeneric (node:net:1025:11)
    at Socket._write (node:net:1037:8)
    at writeOrBuffer (node:internal/streams/writable:570:12)
    at _write (node:internal/streams/writable:499:10)
    at Writable.write (node:internal/streams/writable:508:10)
    at writeChunk (file:///C:/Users/NAKULSHARMA/Downloads/developmentsync-main/frontend/node_modules/vite/dist/node/chunks/config.js:21692:13)
    at IncomingMessage.<anonymous> (file:///C:/Users/NAKULSHARMA/Downloads/developmentsync-main/frontend/node_modules/vite/dist/node/chunks/config.js:21705:6)
    at IncomingMessage.emit (node:events:521:24)
[2m3:55:57 pm[22m [31m[1m[vite][22m[39m [31mws proxy error:[39m
Error: write ECONNABORTED
    at afterWriteDispatched (node:internal/stream_base_commons:159:15)
    at writeGeneric (node:internal/stream_base_commons:150:3)
    at Socket._writeGeneric (node:net:1025:11)
    at Socket._write (node:net:1037:8)
    at writeOrBuffer (node:internal/streams/writable:570:12)
    at _write (node:internal/streams/writable:499:10)
    at Writable.write (node:internal/streams/writable:508:10)
    at writeChunk (file:///C:/Users/NAKULSHARMA/Downloads/developmentsync-main/frontend/node_modules/vite/dist/node/chunks/config.js:21692:13)
    at IncomingMessage.<anonymous> (file:///C:/Users/NAKULSHARMA/Downloads/developmentsync-main/frontend/node_modules/vite/dist/node/chunks/config.js:21705:6)
    at IncomingMessage.emit (node:events:521:24)
[2m3:55:57 pm[22m [31m[1m[vite][22m[39m [31mws proxy socket error:[39m
Error: write ECONNABORTED
    at afterWriteDispatched (node:internal/stream_base_commons:159:15)
    at writeGeneric (node:internal/stream_base_commons:150:3)
    at Socket._writeGeneric (node:net:1025:11)
    at Socket._write (node:net:1037:8)
    at writeOrBuffer (node:internal/streams/writable:570:12)
    at _write (node:internal/streams/writable:499:10)
    at Writable.write (node:internal/streams/writable:508:10)
    at writeChunk (file:///C:/Users/NAKULSHARMA/Downloads/developmentsync-main/frontend/node_modules/vite/dist/node/chunks/config.js:21692:13)
    at IncomingMessage.<anonymous> (file:///C:/Users/NAKULSHARMA/Downloads/developmentsync-main/frontend/node_modules/vite/dist/node/chunks/config.js:21705:6)
    at IncomingMessage.emit (node:events:521:24)
[2m3:55:59 pm[22m [31m[1m[vite][22m[39m [31mws proxy error:[39m
Error: write ECONNABORTED
    at afterWriteDispatched (node:internal/stream_base_commons:159:15)
    at writeGeneric (node:internal/stream_base_commons:150:3)
    at Socket._writeGeneric (node:net:1025:11)
    at Socket._write (node:net:1037:8)
    at writeOrBuffer (node:internal/streams/writable:570:12)
    at _write (node:internal/streams/writable:499:10)
    at Writable.write (node:internal/streams/writable:508:10)
    at writeChunk (file:///C:/Users/NAKULSHARMA/Downloads/developmentsync-main/frontend/node_modules/vite/dist/node/chunks/config.js:21692:13)
    at IncomingMessage.<anonymous> (file:///C:/Users/NAKULSHARMA/Downloads/developmentsync-main/frontend/node_modules/vite/dist/node/chunks/config.js:21705:6)
    at IncomingMessage.emit (node:events:521:24)
[2m3:55:59 pm[22m [31m[1m[vite][22m[39m [31mws proxy socket error:[39m
Error: write ECONNABORTED
    at afterWriteDispatched (node:internal/stream_base_commons:159:15)
    at writeGeneric (node:internal/stream_base_commons:150:3)
    at Socket._writeGeneric (node:net:1025:11)
    at Socket._write (node:net:1037:8)
    at writeOrBuffer (node:internal/streams/writable:570:12)
    at _write (node:internal/streams/writable:499:10)
    at Writable.write (node:internal/streams/writable:508:10)
    at writeChunk (file:///C:/Users/NAKULSHARMA/Downloads/developmentsync-main/frontend/node_modules/vite/dist/node/chunks/config.js:21692:13)
    at IncomingMessage.<anonymous> (file:///C:/Users/NAKULSHARMA/Downloads/developmentsync-main/frontend/node_modules/vite/dist/node/chunks/config.js:21705:6)
    at IncomingMessage.emit (node:events:521:24)
[2m3:56:01 pm[22m [31m[1m[vite][22m[39m [31mws proxy error:[39m
Error: write ECONNABORTED
    at afterWriteDispatched (node:internal/stream_base_commons:159:15)
    at writeGeneric (node:internal/stream_base_commons:150:3)
    at Socket._writeGeneric (node:net:1025:11)
    at Socket._write (node:net:1037:8)
    at writeOrBuffer (node:internal/streams/writable:570:12)
    at _write (node:internal/streams/writable:499:10)
    at Writable.write (node:internal/streams/writable:508:10)
    at writeChunk (file:///C:/Users/NAKULSHARMA/Downloads/developmentsync-main/frontend/node_modules/vite/dist/node/chunks/config.js:21692:13)
    at IncomingMessage.<anonymous> (file:///C:/Users/NAKULSHARMA/Downloads/developmentsync-main/frontend/node_modules/vite/dist/node/chunks/config.js:21705:6)
    at IncomingMessage.emit (node:events:521:24)
[2m3:56:01 pm[22m [31m[1m[vite][22m[39m [31mws proxy socket error:[39m
Error: write ECONNABORTED
    at afterWriteDispatched (node:internal/stream_base_commons:159:15)
    at writeGeneric (node:internal/stream_base_commons:150:3)
    at Socket._writeGeneric (node:net:1025:11)
    at Socket._write (node:net:1037:8)
    at writeOrBuffer (node:internal/streams/writable:570:12)
    at _write (node:internal/streams/writable:499:10)
    at Writable.write (node:internal/streams/writable:508:10)
    at writeChunk (file:///C:/Users/NAKULSHARMA/Downloads/developmentsync-main/frontend/node_modules/vite/dist/node/chunks/config.js:21692:13)
    at IncomingMessage.<anonymous> (file:///C:/Users/NAKULSHARMA/Downloads/developmentsync-main/frontend/node_modules/vite/dist/node/chunks/config.js:21705:6)
    at IncomingMessage.emit (node:events:521:24)
[2m3:56:03 pm[22m [31m[1m[vite][22m[39m [31mws proxy error:[39m
Error: write ECONNABORTED
    at afterWriteDispatched (node:internal/stream_base_commons:159:15)
    at writeGeneric (node:internal/stream_base_commons:150:3)
    at Socket._writeGeneric (node:net:1025:11)
    at Socket._write (node:net:1037:8)
    at writeOrBuffer (node:internal/streams/writable:570:12)
    at _write (node:internal/streams/writable:499:10)
    at Writable.write (node:internal/streams/writable:508:10)
    at writeChunk (file:///C:/Users/NAKULSHARMA/Downloads/developmentsync-main/frontend/node_modules/vite/dist/node/chunks/config.js:21692:13)
    at IncomingMessage.<anonymous> (file:///C:/Users/NAKULSHARMA/Downloads/developmentsync-main/frontend/node_modules/vite/dist/node/chunks/config.js:21705:6)
    at IncomingMessage.emit (node:events:521:24)
[2m3:56:03 pm[22m [31m[1m[vite][22m[39m [31mws proxy socket error:[39m
Error: write ECONNABORTED
    at afterWriteDispatched (node:internal/stream_base_commons:159:15)
    at writeGeneric (node:internal/stream_base_commons:150:3)
    at Socket._writeGeneric (node:net:1025:11)
    at Socket._write (node:net:1037:8)
    at writeOrBuffer (node:internal/streams/writable:570:12)
    at _write (node:internal/streams/writable:499:10)
    at Writable.write (node:internal/streams/writable:508:10)
    at writeChunk (file:///C:/Users/NAKULSHARMA/Downloads/developmentsync-main/frontend/node_modules/vite/dist/node/chunks/config.js:21692:13)
    at IncomingMessage.<anonymous> (file:///C:/Users/NAKULSHARMA/Downloads/developmentsync-main/frontend/node_modules/vite/dist/node/chunks/config.js:21705:6)
    at IncomingMessage.emit (node:events:521:24)
[2m3:56:05 pm[22m [31m[1m[vite][22m[39m [31mws proxy error:[39m
Error: write ECONNABORTED
    at afterWriteDispatched (node:internal/stream_base_commons:159:15)
    at writeGeneric (node:internal/stream_base_commons:150:3)
    at Socket._writeGeneric (node:net:1025:11)
    at Socket._write (node:net:1037:8)
    at writeOrBuffer (node:internal/streams/writable:570:12)
    at _write (node:internal/streams/writable:499:10)
    at Writable.write (node:internal/streams/writable:508:10)
    at writeChunk (file:///C:/Users/NAKULSHARMA/Downloads/developmentsync-main/frontend/node_modules/vite/dist/node/chunks/config.js:21694:13)
    at IncomingMessage.<anonymous> (file:///C:/Users/NAKULSHARMA/Downloads/developmentsync-main/frontend/node_modules/vite/dist/node/chunks/config.js:21702:6)
    at IncomingMessage.emit (node:events:509:28)
[2m3:56:05 pm[22m [31m[1m[vite][22m[39m [31mws proxy socket error:[39m
Error: write ECONNABORTED
    at afterWriteDispatched (node:internal/stream_base_commons:159:15)
    at writeGeneric (node:internal/stream_base_commons:150:3)
    at Socket._writeGeneric (node:net:1025:11)
    at Socket._write (node:net:1037:8)
    at writeOrBuffer (node:internal/streams/writable:570:12)
    at _write (node:internal/streams/writable:499:10)
    at Writable.write (node:internal/streams/writable:508:10)
    at writeChunk (file:///C:/Users/NAKULSHARMA/Downloads/developmentsync-main/frontend/node_modules/vite/dist/node/chunks/config.js:21694:13)
    at IncomingMessage.<anonymous> (file:///C:/Users/NAKULSHARMA/Downloads/developmentsync-main/frontend/node_modules/vite/dist/node/chunks/config.js:21702:6)
    at IncomingMessage.emit (node:events:509:28)
[2m3:56:07 pm[22m [31m[1m[vite][22m[39m [31mws proxy error:[39m
Error: write ECONNABORTED
    at afterWriteDispatched (node:internal/stream_base_commons:159:15)
    at writeGeneric (node:internal/stream_base_commons:150:3)
    at Socket._writeGeneric (node:net:1025:11)
    at Socket._write (node:net:1037:8)
    at writeOrBuffer (node:internal/streams/writable:570:12)
    at _write (node:internal/streams/writable:499:10)
    at Writable.write (node:internal/streams/writable:508:10)
    at writeChunk (file:///C:/Users/NAKULSHARMA/Downloads/developmentsync-main/frontend/node_modules/vite/dist/node/chunks/config.js:21692:13)
    at IncomingMessage.<anonymous> (file:///C:/Users/NAKULSHARMA/Downloads/developmentsync-main/frontend/node_modules/vite/dist/node/chunks/config.js:21705:6)
    at IncomingMessage.emit (node:events:521:24)
[2m3:56:07 pm[22m [31m[1m[vite][22m[39m [31mws proxy socket error:[39m
Error: write ECONNABORTED
    at afterWriteDispatched (node:internal/stream_base_commons:159:15)
    at writeGeneric (node:internal/stream_base_commons:150:3)
    at Socket._writeGeneric (node:net:1025:11)
    at Socket._write (node:net:1037:8)
    at writeOrBuffer (node:internal/streams/writable:570:12)
    at _write (node:internal/streams/writable:499:10)
    at Writable.write (node:internal/streams/writable:508:10)
    at writeChunk (file:///C:/Users/NAKULSHARMA/Downloads/developmentsync-main/frontend/node_modules/vite/dist/node/chunks/config.js:21692:13)
    at IncomingMessage.<anonymous> (file:///C:/Users/NAKULSHARMA/Downloads/developmentsync-main/frontend/node_modules/vite/dist/node/chunks/config.js:21705:6)
    at IncomingMessage.emit (node:events:521:24)
[2m3:56:10 pm[22m [31m[1m[vite][22m[39m [31mws proxy error:[39m
Error: write ECONNABORTED
    at afterWriteDispatched (node:internal/stream_base_commons:159:15)
    at writeGeneric (node:internal/stream_base_commons:150:3)
    at Socket._writeGeneric (node:net:1025:11)
    at Socket._write (node:net:1037:8)
    at writeOrBuffer (node:internal/streams/writable:570:12)
    at _write (node:internal/streams/writable:499:10)
    at Writable.write (node:internal/streams/writable:508:10)
    at writeChunk (file:///C:/Users/NAKULSHARMA/Downloads/developmentsync-main/frontend/node_modules/vite/dist/node/chunks/config.js:21692:13)
    at IncomingMessage.<anonymous> (file:///C:/Users/NAKULSHARMA/Downloads/developmentsync-main/frontend/node_modules/vite/dist/node/chunks/config.js:21705:6)
    at IncomingMessage.emit (node:events:521:24)
[2m3:56:10 pm[22m [31m[1m[vite][22m[39m [31mws proxy socket error:[39m
Error: write ECONNABORTED
    at afterWriteDispatched (node:internal/stream_base_commons:159:15)
    at writeGeneric (node:internal/stream_base_commons:150:3)
    at Socket._writeGeneric (node:net:1025:11)
    at Socket._write (node:net:1037:8)
    at writeOrBuffer (node:internal/streams/writable:570:12)
    at _write (node:internal/streams/writable:499:10)
    at Writable.write (node:internal/streams/writable:508:10)
    at writeChunk (file:///C:/Users/NAKULSHARMA/Downloads/developmentsync-main/frontend/node_modules/vite/dist/node/chunks/config.js:21692:13)
    at IncomingMessage.<anonymous> (file:///C:/Users/NAKULSHARMA/Downloads/developmentsync-main/frontend/node_modules/vite/dist/node/chunks/config.js:21705:6)
    at IncomingMessage.emit (node:events:521:24)
[2m3:56:12 pm[22m [31m[1m[vite][22m[39m [31mws proxy error:[39m
Error: write ECONNABORTED
    at afterWriteDispatched (node:internal/stream_base_commons:159:15)
    at writeGeneric (node:internal/stream_base_commons:150:3)
    at Socket._writeGeneric (node:net:1025:11)
    at Socket._write (node:net:1037:8)
    at writeOrBuffer (node:internal/streams/writable:570:12)
    at _write (node:internal/streams/writable:499:10)
    at Writable.write (node:internal/streams/writable:508:10)
    at writeChunk (file:///C:/Users/NAKULSHARMA/Downloads/developmentsync-main/frontend/node_modules/vite/dist/node/chunks/config.js:21694:13)
    at IncomingMessage.<anonymous> (file:///C:/Users/NAKULSHARMA/Downloads/developmentsync-main/frontend/node_modules/vite/dist/node/chunks/config.js:21702:6)
    at IncomingMessage.emit (node:events:509:28)
[2m3:56:12 pm[22m [31m[1m[vite][22m[39m [31mws proxy socket error:[39m
Error: write ECONNABORTED
    at afterWriteDispatched (node:internal/stream_base_commons:159:15)
    at writeGeneric (node:internal/stream_base_commons:150:3)
    at Socket._writeGeneric (node:net:1025:11)
    at Socket._write (node:net:1037:8)
    at writeOrBuffer (node:internal/streams/writable:570:12)
    at _write (node:internal/streams/writable:499:10)
    at Writable.write (node:internal/streams/writable:508:10)
    at writeChunk (file:///C:/Users/NAKULSHARMA/Downloads/developmentsync-main/frontend/node_modules/vite/dist/node/chunks/config.js:21694:13)
    at IncomingMessage.<anonymous> (file:///C:/Users/NAKULSHARMA/Downloads/developmentsync-main/frontend/node_modules/vite/dist/node/chunks/config.js:21702:6)
    at IncomingMessage.emit (node:events:509:28)
[2m3:56:14 pm[22m [31m[1m[vite][22m[39m [31mws proxy error:[39m
Error: write ECONNABORTED
    at afterWriteDispatched (node:internal/stream_base_commons:159:15)
    at writeGeneric (node:internal/stream_base_commons:150:3)
    at Socket._writeGeneric (node:net:1025:11)
    at Socket._write (node:net:1037:8)
    at writeOrBuffer (node:internal/streams/writable:570:12)
    at _write (node:internal/streams/writable:499:10)
    at Writable.write (node:internal/streams/writable:508:10)
    at writeChunk (file:///C:/Users/NAKULSHARMA/Downloads/developmentsync-main/frontend/node_modules/vite/dist/node/chunks/config.js:21692:13)
    at IncomingMessage.<anonymous> (file:///C:/Users/NAKULSHARMA/Downloads/developmentsync-main/frontend/node_modules/vite/dist/node/chunks/config.js:21705:6)
    at IncomingMessage.emit (node:events:521:24)
[2m3:56:14 pm[22m [31m[1m[vite][22m[39m [31mws proxy socket error:[39m
Error: write ECONNABORTED
    at afterWriteDispatched (node:internal/stream_base_commons:159:15)
    at writeGeneric (node:internal/stream_base_commons:150:3)
    at Socket._writeGeneric (node:net:1025:11)
    at Socket._write (node:net:1037:8)
    at writeOrBuffer (node:internal/streams/writable:570:12)
    at _write (node:internal/streams/writable:499:10)
    at Writable.write (node:internal/streams/writable:508:10)
    at writeChunk (file:///C:/Users/NAKULSHARMA/Downloads/developmentsync-main/frontend/node_modules/vite/dist/node/chunks/config.js:21692:13)
    at IncomingMessage.<anonymous> (file:///C:/Users/NAKULSHARMA/Downloads/developmentsync-main/frontend/node_modules/vite/dist/node/chunks/config.js:21705:6)
    at IncomingMessage.emit (node:events:521:24)
[2m3:56:16 pm[22m [31m[1m[vite][22m[39m [31mws proxy error:[39m
Error: write ECONNABORTED
    at afterWriteDispatched (node:internal/stream_base_commons:159:15)
    at writeGeneric (node:internal/stream_base_commons:150:3)
    at Socket._writeGeneric (node:net:1025:11)
    at Socket._write (node:net:1037:8)
    at writeOrBuffer (node:internal/streams/writable:570:12)
    at _write (node:internal/streams/writable:499:10)
    at Writable.write (node:internal/streams/writable:508:10)
    at writeChunk (file:///C:/Users/NAKULSHARMA/Downloads/developmentsync-main/frontend/node_modules/vite/dist/node/chunks/config.js:21693:13)
    at IncomingMessage.<anonymous> (file:///C:/Users/NAKULSHARMA/Downloads/developmentsync-main/frontend/node_modules/vite/dist/node/chunks/config.js:21702:6)
    at IncomingMessage.emit (node:events:509:28)
[2m3:56:16 pm[22m [31m[1m[vite][22m[39m [31mws proxy socket error:[39m
Error: write ECONNABORTED
    at afterWriteDispatched (node:internal/stream_base_commons:159:15)
    at writeGeneric (node:internal/stream_base_commons:150:3)
    at Socket._writeGeneric (node:net:1025:11)
    at Socket._write (node:net:1037:8)
    at writeOrBuffer (node:internal/streams/writable:570:12)
    at _write (node:internal/streams/writable:499:10)
    at Writable.write (node:internal/streams/writable:508:10)
    at writeChunk (file:///C:/Users/NAKULSHARMA/Downloads/developmentsync-main/frontend/node_modules/vite/dist/node/chunks/config.js:21693:13)
    at IncomingMessage.<anonymous> (file:///C:/Users/NAKULSHARMA/Downloads/developmentsync-main/frontend/node_modules/vite/dist/node/chunks/config.js:21702:6)
    at IncomingMessage.emit (node:events:509:28)
[2m3:56:18 pm[22m [31m[1m[vite][22m[39m [31mws proxy error:[39m
Error: write ECONNABORTED
    at afterWriteDispatched (node:internal/stream_base_commons:159:15)
    at writeGeneric (node:internal/stream_base_commons:150:3)
    at Socket._writeGeneric (node:net:1025:11)
    at Socket._write (node:net:1037:8)
    at writeOrBuffer (node:internal/streams/writable:570:12)
    at _write (node:internal/streams/writable:499:10)
    at Writable.write (node:internal/streams/writable:508:10)
    at writeChunk (file:///C:/Users/NAKULSHARMA/Downloads/developmentsync-main/frontend/node_modules/vite/dist/node/chunks/config.js:21692:13)
    at IncomingMessage.<anonymous> (file:///C:/Users/NAKULSHARMA/Downloads/developmentsync-main/frontend/node_modules/vite/dist/node/chunks/config.js:21705:6)
    at IncomingMessage.emit (node:events:521:24)
[2m3:56:18 pm[22m [31m[1m[vite][22m[39m [31mws proxy socket error:[39m
Error: write ECONNABORTED
    at afterWriteDispatched (node:internal/stream_base_commons:159:15)
    at writeGeneric (node:internal/stream_base_commons:150:3)
    at Socket._writeGeneric (node:net:1025:11)
    at Socket._write (node:net:1037:8)
    at writeOrBuffer (node:internal/streams/writable:570:12)
    at _write (node:internal/streams/writable:499:10)
    at Writable.write (node:internal/streams/writable:508:10)
    at writeChunk (file:///C:/Users/NAKULSHARMA/Downloads/developmentsync-main/frontend/node_modules/vite/dist/node/chunks/config.js:21692:13)
    at IncomingMessage.<anonymous> (file:///C:/Users/NAKULSHARMA/Downloads/developmentsync-main/frontend/node_modules/vite/dist/node/chunks/config.js:21705:6)
    at IncomingMessage.emit (node:events:521:24)
[2m3:56:20 pm[22m [31m[1m[vite][22m[39m [31mws proxy error:[39m
Error: write ECONNABORTED
    at afterWriteDispatched (node:internal/stream_base_commons:159:15)
    at writeGeneric (node:internal/stream_base_commons:150:3)
    at Socket._writeGeneric (node:net:1025:11)
    at Socket._write (node:net:1037:8)
    at writeOrBuffer (node:internal/streams/writable:570:12)
    at _write (node:internal/streams/writable:499:10)
    at Writable.write (node:internal/streams/writable:508:10)
    at writeChunk (file:///C:/Users/NAKULSHARMA/Downloads/developmentsync-main/frontend/node_modules/vite/dist/node/chunks/config.js:21692:13)
    at IncomingMessage.<anonymous> (file:///C:/Users/NAKULSHARMA/Downloads/developmentsync-main/frontend/node_modules/vite/dist/node/chunks/config.js:21705:6)
    at IncomingMessage.emit (node:events:521:24)
[2m3:56:20 pm[22m [31m[1m[vite][22m[39m [31mws proxy socket error:[39m
Error: write ECONNABORTED
    at afterWriteDispatched (node:internal/stream_base_commons:159:15)
    at writeGeneric (node:internal/stream_base_commons:150:3)
    at Socket._writeGeneric (node:net:1025:11)
    at Socket._write (node:net:1037:8)
    at writeOrBuffer (node:internal/streams/writable:570:12)
    at _write (node:internal/streams/writable:499:10)
    at Writable.write (node:internal/streams/writable:508:10)
    at writeChunk (file:///C:/Users/NAKULSHARMA/Downloads/developmentsync-main/frontend/node_modules/vite/dist/node/chunks/config.js:21692:13)
    at IncomingMessage.<anonymous> (file:///C:/Users/NAKULSHARMA/Downloads/developmentsync-main/frontend/node_modules/vite/dist/node/chunks/config.js:21705:6)
    at IncomingMessage.emit (node:events:521:24)
[2m3:56:23 pm[22m [31m[1m[vite][22m[39m [31mws proxy error:[39m
Error: write ECONNABORTED
    at afterWriteDispatched (node:internal/stream_base_commons:159:15)
    at writeGeneric (node:internal/stream_base_commons:150:3)
    at Socket._writeGeneric (node:net:1025:11)
    at Socket._write (node:net:1037:8)
    at writeOrBuffer (node:internal/streams/writable:570:12)
    at _write (node:internal/streams/writable:499:10)
    at Writable.write (node:internal/streams/writable:508:10)
    at writeChunk (file:///C:/Users/NAKULSHARMA/Downloads/developmentsync-main/frontend/node_modules/vite/dist/node/chunks/config.js:21694:13)
    at IncomingMessage.<anonymous> (file:///C:/Users/NAKULSHARMA/Downloads/developmentsync-main/frontend/node_modules/vite/dist/node/chunks/config.js:21702:6)
    at IncomingMessage.emit (node:events:509:28)
[2m3:56:23 pm[22m [31m[1m[vite][22m[39m [31mws proxy socket error:[39m
Error: write ECONNABORTED
    at afterWriteDispatched (node:internal/stream_base_commons:159:15)
    at writeGeneric (node:internal/stream_base_commons:150:3)
    at Socket._writeGeneric (node:net:1025:11)
    at Socket._write (node:net:1037:8)
    at writeOrBuffer (node:internal/streams/writable:570:12)
    at _write (node:internal/streams/writable:499:10)
    at Writable.write (node:internal/streams/writable:508:10)
    at writeChunk (file:///C:/Users/NAKULSHARMA/Downloads/developmentsync-main/frontend/node_modules/vite/dist/node/chunks/config.js:21694:13)
    at IncomingMessage.<anonymous> (file:///C:/Users/NAKULSHARMA/Downloads/developmentsync-main/frontend/node_modules/vite/dist/node/chunks/config.js:21702:6)
    at IncomingMessage.emit (node:events:509:28)
[2m3:56:25 pm[22m [31m[1m[vite][22m[39m [31mws proxy error:[39m
Error: write ECONNABORTED
    at afterWriteDispatched (node:internal/stream_base_commons:159:15)
    at writeGeneric (node:internal/stream_base_commons:150:3)
    at Socket._writeGeneric (node:net:1025:11)
    at Socket._write (node:net:1037:8)
    at writeOrBuffer (node:internal/streams/writable:570:12)
    at _write (node:internal/streams/writable:499:10)
    at Writable.write (node:internal/streams/writable:508:10)
    at writeChunk (file:///C:/Users/NAKULSHARMA/Downloads/developmentsync-main/frontend/node_modules/vite/dist/node/chunks/config.js:21693:13)
    at IncomingMessage.<anonymous> (file:///C:/Users/NAKULSHARMA/Downloads/developmentsync-main/frontend/node_modules/vite/dist/node/chunks/config.js:21705:6)
    at IncomingMessage.emit (node:events:521:24)
[2m3:56:25 pm[22m [31m[1m[vite][22m[39m [31mws proxy socket error:[39m
Error: write ECONNABORTED
    at afterWriteDispatched (node:internal/stream_base_commons:159:15)
    at writeGeneric (node:internal/stream_base_commons:150:3)
    at Socket._writeGeneric (node:net:1025:11)
    at Socket._write (node:net:1037:8)
    at writeOrBuffer (node:internal/streams/writable:570:12)
    at _write (node:internal/streams/writable:499:10)
    at Writable.write (node:internal/streams/writable:508:10)
    at writeChunk (file:///C:/Users/NAKULSHARMA/Downloads/developmentsync-main/frontend/node_modules/vite/dist/node/chunks/config.js:21693:13)
    at IncomingMessage.<anonymous> (file:///C:/Users/NAKULSHARMA/Downloads/developmentsync-main/frontend/node_modules/vite/dist/node/chunks/config.js:21705:6)
    at IncomingMessage.emit (node:events:521:24)
[2m3:56:27 pm[22m [31m[1m[vite][22m[39m [31mws proxy error:[39m
Error: write ECONNABORTED
    at afterWriteDispatched (node:internal/stream_base_commons:159:15)
    at writeGeneric (node:internal/stream_base_commons:150:3)
    at Socket._writeGeneric (node:net:1025:11)
    at Socket._write (node:net:1037:8)
    at writeOrBuffer (node:internal/streams/writable:570:12)
    at _write (node:internal/streams/writable:499:10)
    at Writable.write (node:internal/streams/writable:508:10)
    at writeChunk (file:///C:/Users/NAKULSHARMA/Downloads/developmentsync-main/frontend/node_modules/vite/dist/node/chunks/config.js:21692:13)
    at IncomingMessage.<anonymous> (file:///C:/Users/NAKULSHARMA/Downloads/developmentsync-main/frontend/node_modules/vite/dist/node/chunks/config.js:21705:6)
    at IncomingMessage.emit (node:events:521:24)
[2m3:56:27 pm[22m [31m[1m[vite][22m[39m [31mws proxy socket error:[39m
Error: write ECONNABORTED
    at afterWriteDispatched (node:internal/stream_base_commons:159:15)
    at writeGeneric (node:internal/stream_base_commons:150:3)
    at Socket._writeGeneric (node:net:1025:11)
    at Socket._write (node:net:1037:8)
    at writeOrBuffer (node:internal/streams/writable:570:12)
    at _write (node:internal/streams/writable:499:10)
    at Writable.write (node:internal/streams/writable:508:10)
    at writeChunk (file:///C:/Users/NAKULSHARMA/Downloads/developmentsync-main/frontend/node_modules/vite/dist/node/chunks/config.js:21692:13)
    at IncomingMessage.<anonymous> (file:///C:/Users/NAKULSHARMA/Downloads/developmentsync-main/frontend/node_modules/vite/dist/node/chunks/config.js:21705:6)
    at IncomingMessage.emit (node:events:521:24)
[2m3:56:30 pm[22m [31m[1m[vite][22m[39m [31mws proxy error:[39m
Error: write ECONNABORTED
    at afterWriteDispatched (node:internal/stream_base_commons:159:15)
    at writeGeneric (node:internal/stream_base_commons:150:3)
    at Socket._writeGeneric (node:net:1025:11)
    at Socket._write (node:net:1037:8)
    at writeOrBuffer (node:internal/streams/writable:570:12)
    at _write (node:internal/streams/writable:499:10)
    at Writable.write (node:internal/streams/writable:508:10)
    at writeChunk (file:///C:/Users/NAKULSHARMA/Downloads/developmentsync-main/frontend/node_modules/vite/dist/node/chunks/config.js:21692:13)
    at IncomingMessage.<anonymous> (file:///C:/Users/NAKULSHARMA/Downloads/developmentsync-main/frontend/node_modules/vite/dist/node/chunks/config.js:21705:6)
    at IncomingMessage.emit (node:events:521:24)
[2m3:56:30 pm[22m [31m[1m[vite][22m[39m [31mws proxy socket error:[39m
Error: write ECONNABORTED
    at afterWriteDispatched (node:internal/stream_base_commons:159:15)
    at writeGeneric (node:internal/stream_base_commons:150:3)
    at Socket._writeGeneric (node:net:1025:11)
    at Socket._write (node:net:1037:8)
    at writeOrBuffer (node:internal/streams/writable:570:12)
    at _write (node:internal/streams/writable:499:10)
    at Writable.write (node:internal/streams/writable:508:10)
    at writeChunk (file:///C:/Users/NAKULSHARMA/Downloads/developmentsync-main/frontend/node_modules/vite/dist/node/chunks/config.js:21692:13)
    at IncomingMessage.<anonymous> (file:///C:/Users/NAKULSHARMA/Downloads/developmentsync-main/frontend/node_modules/vite/dist/node/chunks/config.js:21705:6)
    at IncomingMessage.emit (node:events:521:24)
[2m3:56:33 pm[22m [31m[1m[vite][22m[39m [31mws proxy error:[39m
Error: write ECONNABORTED
    at afterWriteDispatched (node:internal/stream_base_commons:159:15)
    at writeGeneric (node:internal/stream_base_commons:150:3)
    at Socket._writeGeneric (node:net:1025:11)
    at Socket._write (node:net:1037:8)
    at writeOrBuffer (node:internal/streams/writable:570:12)
    at _write (node:internal/streams/writable:499:10)
    at Writable.write (node:internal/streams/writable:508:10)
    at writeChunk (file:///C:/Users/NAKULSHARMA/Downloads/developmentsync-main/frontend/node_modules/vite/dist/node/chunks/config.js:21692:13)
    at IncomingMessage.<anonymous> (file:///C:/Users/NAKULSHARMA/Downloads/developmentsync-main/frontend/node_modules/vite/dist/node/chunks/config.js:21705:6)
    at IncomingMessage.emit (node:events:521:24)
[2m3:56:33 pm[22m [31m[1m[vite][22m[39m [31mws proxy socket error:[39m
Error: write ECONNABORTED
    at afterWriteDispatched (node:internal/stream_base_commons:159:15)
    at writeGeneric (node:internal/stream_base_commons:150:3)
    at Socket._writeGeneric (node:net:1025:11)
    at Socket._write (node:net:1037:8)
    at writeOrBuffer (node:internal/streams/writable:570:12)
    at _write (node:internal/streams/writable:499:10)
    at Writable.write (node:internal/streams/writable:508:10)
    at writeChunk (file:///C:/Users/NAKULSHARMA/Downloads/developmentsync-main/frontend/node_modules/vite/dist/node/chunks/config.js:21692:13)
    at IncomingMessage.<anonymous> (file:///C:/Users/NAKULSHARMA/Downloads/developmentsync-main/frontend/node_modules/vite/dist/node/chunks/config.js:21705:6)
    at IncomingMessage.emit (node:events:521:24)
[2m3:56:35 pm[22m [31m[1m[vite][22m[39m [31mws proxy error:[39m
Error: write ECONNABORTED
    at afterWriteDispatched (node:internal/stream_base_commons:159:15)
    at writeGeneric (node:internal/stream_base_commons:150:3)
    at Socket._writeGeneric (node:net:1025:11)
    at Socket._write (node:net:1037:8)
    at writeOrBuffer (node:internal/streams/writable:570:12)
    at _write (node:internal/streams/writable:499:10)
    at Writable.write (node:internal/streams/writable:508:10)
    at writeChunk (file:///C:/Users/NAKULSHARMA/Downloads/developmentsync-main/frontend/node_modules/vite/dist/node/chunks/config.js:21692:13)
    at IncomingMessage.<anonymous> (file:///C:/Users/NAKULSHARMA/Downloads/developmentsync-main/frontend/node_modules/vite/dist/node/chunks/config.js:21705:6)
    at IncomingMessage.emit (node:events:521:24)
[2m3:56:35 pm[22m [31m[1m[vite][22m[39m [31mws proxy socket error:[39m
Error: write ECONNABORTED
    at afterWriteDispatched (node:internal/stream_base_commons:159:15)
    at writeGeneric (node:internal/stream_base_commons:150:3)
    at Socket._writeGeneric (node:net:1025:11)
    at Socket._write (node:net:1037:8)
    at writeOrBuffer (node:internal/streams/writable:570:12)
    at _write (node:internal/streams/writable:499:10)
    at Writable.write (node:internal/streams/writable:508:10)
    at writeChunk (file:///C:/Users/NAKULSHARMA/Downloads/developmentsync-main/frontend/node_modules/vite/dist/node/chunks/config.js:21692:13)
    at IncomingMessage.<anonymous> (file:///C:/Users/NAKULSHARMA/Downloads/developmentsync-main/frontend/node_modules/vite/dist/node/chunks/config.js:21705:6)
    at IncomingMessage.emit (node:events:521:24)
[2m3:56:38 pm[22m [31m[1m[vite][22m[39m [31mws proxy error:[39m
Error: write ECONNABORTED
    at afterWriteDispatched (node:internal/stream_base_commons:159:15)
    at writeGeneric (node:internal/stream_base_commons:150:3)
    at Socket._writeGeneric (node:net:1025:11)
    at Socket._write (node:net:1037:8)
    at writeOrBuffer (node:internal/streams/writable:570:12)
    at _write (node:internal/streams/writable:499:10)
    at Writable.write (node:internal/streams/writable:508:10)
    at writeChunk (file:///C:/Users/NAKULSHARMA/Downloads/developmentsync-main/frontend/node_modules/vite/dist/node/chunks/config.js:21692:13)
    at IncomingMessage.<anonymous> (file:///C:/Users/NAKULSHARMA/Downloads/developmentsync-main/frontend/node_modules/vite/dist/node/chunks/config.js:21705:6)
    at IncomingMessage.emit (node:events:521:24)
[2m3:56:38 pm[22m [31m[1m[vite][22m[39m [31mws proxy socket error:[39m
Error: write ECONNABORTED
    at afterWriteDispatched (node:internal/stream_base_commons:159:15)
    at writeGeneric (node:internal/stream_base_commons:150:3)
    at Socket._writeGeneric (node:net:1025:11)
    at Socket._write (node:net:1037:8)
    at writeOrBuffer (node:internal/streams/writable:570:12)
    at _write (node:internal/streams/writable:499:10)
    at Writable.write (node:internal/streams/writable:508:10)
    at writeChunk (file:///C:/Users/NAKULSHARMA/Downloads/developmentsync-main/frontend/node_modules/vite/dist/node/chunks/config.js:21692:13)
    at IncomingMessage.<anonymous> (file:///C:/Users/NAKULSHARMA/Downloads/developmentsync-main/frontend/node_modules/vite/dist/node/chunks/config.js:21705:6)
    at IncomingMessage.emit (node:events:521:24)
[2m3:56:41 pm[22m [31m[1m[vite][22m[39m [31mws proxy error:[39m
Error: write ECONNABORTED
    at afterWriteDispatched (node:internal/stream_base_commons:159:15)
    at writeGeneric (node:internal/stream_base_commons:150:3)
    at Socket._writeGeneric (node:net:1025:11)
    at Socket._write (node:net:1037:8)
    at writeOrBuffer (node:internal/streams/writable:570:12)
    at _write (node:internal/streams/writable:499:10)
    at Writable.write (node:internal/streams/writable:508:10)
    at writeChunk (file:///C:/Users/NAKULSHARMA/Downloads/developmentsync-main/frontend/node_modules/vite/dist/node/chunks/config.js:21692:13)
    at IncomingMessage.<anonymous> (file:///C:/Users/NAKULSHARMA/Downloads/developmentsync-main/frontend/node_modules/vite/dist/node/chunks/config.js:21705:6)
    at IncomingMessage.emit (node:events:521:24)
[2m3:56:41 pm[22m [31m[1m[vite][22m[39m [31mws proxy socket error:[39m
Error: write ECONNABORTED
    at afterWriteDispatched (node:internal/stream_base_commons:159:15)
    at writeGeneric (node:internal/stream_base_commons:150:3)
    at Socket._writeGeneric (node:net:1025:11)
    at Socket._write (node:net:1037:8)
    at writeOrBuffer (node:internal/streams/writable:570:12)
    at _write (node:internal/streams/writable:499:10)
    at Writable.write (node:internal/streams/writable:508:10)
    at writeChunk (file:///C:/Users/NAKULSHARMA/Downloads/developmentsync-main/frontend/node_modules/vite/dist/node/chunks/config.js:21692:13)
    at IncomingMessage.<anonymous> (file:///C:/Users/NAKULSHARMA/Downloads/developmentsync-main/frontend/node_modules/vite/dist/node/chunks/config.js:21705:6)
    at IncomingMessage.emit (node:events:521:24)
[2m3:56:49 pm[22m [31m[1m[vite][22m[39m [31mws proxy error:[39m
Error: write ECONNABORTED
    at afterWriteDispatched (node:internal/stream_base_commons:159:15)
    at writeGeneric (node:internal/stream_base_commons:150:3)
    at Socket._writeGeneric (node:net:1025:11)
    at Socket._write (node:net:1037:8)
    at writeOrBuffer (node:internal/streams/writable:570:12)
    at _write (node:internal/streams/writable:499:10)
    at Writable.write (node:internal/streams/writable:508:10)
    at writeChunk (file:///C:/Users/NAKULSHARMA/Downloads/developmentsync-main/frontend/node_modules/vite/dist/node/chunks/config.js:21692:13)
    at IncomingMessage.<anonymous> (file:///C:/Users/NAKULSHARMA/Downloads/developmentsync-main/frontend/node_modules/vite/dist/node/chunks/config.js:21705:6)
    at IncomingMessage.emit (node:events:521:24)
[2m3:56:49 pm[22m [31m[1m[vite][22m[39m [31mws proxy socket error:[39m
Error: write ECONNABORTED
    at afterWriteDispatched (node:internal/stream_base_commons:159:15)
    at writeGeneric (node:internal/stream_base_commons:150:3)
    at Socket._writeGeneric (node:net:1025:11)
    at Socket._write (node:net:1037:8)
    at writeOrBuffer (node:internal/streams/writable:570:12)
    at _write (node:internal/streams/writable:499:10)
    at Writable.write (node:internal/streams/writable:508:10)
    at writeChunk (file:///C:/Users/NAKULSHARMA/Downloads/developmentsync-main/frontend/node_modules/vite/dist/node/chunks/config.js:21692:13)
    at IncomingMessage.<anonymous> (file:///C:/Users/NAKULSHARMA/Downloads/developmentsync-main/frontend/node_modules/vite/dist/node/chunks/config.js:21705:6)
    at IncomingMessage.emit (node:events:521:24)
[2m3:56:53 pm[22m [31m[1m[vite][22m[39m [31mws proxy error:[39m
Error: write ECONNABORTED
    at afterWriteDispatched (node:internal/stream_base_commons:159:15)
    at writeGeneric (node:internal/stream_base_commons:150:3)
    at Socket._writeGeneric (node:net:1025:11)
    at Socket._write (node:net:1037:8)
    at writeOrBuffer (node:internal/streams/writable:570:12)
    at _write (node:internal/streams/writable:499:10)
    at Writable.write (node:internal/streams/writable:508:10)
    at writeChunk (file:///C:/Users/NAKULSHARMA/Downloads/developmentsync-main/frontend/node_modules/vite/dist/node/chunks/config.js:21693:13)
    at IncomingMessage.<anonymous> (file:///C:/Users/NAKULSHARMA/Downloads/developmentsync-main/frontend/node_modules/vite/dist/node/chunks/config.js:21705:6)
    at IncomingMessage.emit (node:events:521:24)
[2m3:56:53 pm[22m [31m[1m[vite][22m[39m [31mws proxy socket error:[39m
Error: write ECONNABORTED
    at afterWriteDispatched (node:internal/stream_base_commons:159:15)
    at writeGeneric (node:internal/stream_base_commons:150:3)
    at Socket._writeGeneric (node:net:1025:11)
    at Socket._write (node:net:1037:8)
    at writeOrBuffer (node:internal/streams/writable:570:12)
    at _write (node:internal/streams/writable:499:10)
    at Writable.write (node:internal/streams/writable:508:10)
    at writeChunk (file:///C:/Users/NAKULSHARMA/Downloads/developmentsync-main/frontend/node_modules/vite/dist/node/chunks/config.js:21693:13)
    at IncomingMessage.<anonymous> (file:///C:/Users/NAKULSHARMA/Downloads/developmentsync-main/frontend/node_modules/vite/dist/node/chunks/config.js:21705:6)
    at IncomingMessage.emit (node:events:521:24)
[2m3:56:57 pm[22m [31m[1m[vite][22m[39m [31mws proxy error:[39m
Error: write ECONNABORTED
    at afterWriteDispatched (node:internal/stream_base_commons:159:15)
    at writeGeneric (node:internal/stream_base_commons:150:3)
    at Socket._writeGeneric (node:net:1025:11)
    at Socket._write (node:net:1037:8)
    at writeOrBuffer (node:internal/streams/writable:570:12)
    at _write (node:internal/streams/writable:499:10)
    at Writable.write (node:internal/streams/writable:508:10)
    at writeChunk (file:///C:/Users/NAKULSHARMA/Downloads/developmentsync-main/frontend/node_modules/vite/dist/node/chunks/config.js:21692:13)
    at IncomingMessage.<anonymous> (file:///C:/Users/NAKULSHARMA/Downloads/developmentsync-main/frontend/node_modules/vite/dist/node/chunks/config.js:21705:6)
    at IncomingMessage.emit (node:events:521:24)
[2m3:56:57 pm[22m [31m[1m[vite][22m[39m [31mws proxy socket error:[39m
Error: write ECONNABORTED
    at afterWriteDispatched (node:internal/stream_base_commons:159:15)
    at writeGeneric (node:internal/stream_base_commons:150:3)
    at Socket._writeGeneric (node:net:1025:11)
    at Socket._write (node:net:1037:8)
    at writeOrBuffer (node:internal/streams/writable:570:12)
    at _write (node:internal/streams/writable:499:10)
    at Writable.write (node:internal/streams/writable:508:10)
    at writeChunk (file:///C:/Users/NAKULSHARMA/Downloads/developmentsync-main/frontend/node_modules/vite/dist/node/chunks/config.js:21692:13)
    at IncomingMessage.<anonymous> (file:///C:/Users/NAKULSHARMA/Downloads/developmentsync-main/frontend/node_modules/vite/dist/node/chunks/config.js:21705:6)
    at IncomingMessage.emit (node:events:521:24)
[2m3:57:01 pm[22m [31m[1m[vite][22m[39m [31mws proxy error:[39m
Error: write ECONNABORTED
    at afterWriteDispatched (node:internal/stream_base_commons:159:15)
    at writeGeneric (node:internal/stream_base_commons:150:3)
    at Socket._writeGeneric (node:net:1025:11)
    at Socket._write (node:net:1037:8)
    at writeOrBuffer (node:internal/streams/writable:570:12)
    at _write (node:internal/streams/writable:499:10)
    at Writable.write (node:internal/streams/writable:508:10)
    at writeChunk (file:///C:/Users/NAKULSHARMA/Downloads/developmentsync-main/frontend/node_modules/vite/dist/node/chunks/config.js:21695:13)
    at IncomingMessage.<anonymous> (file:///C:/Users/NAKULSHARMA/Downloads/developmentsync-main/frontend/node_modules/vite/dist/node/chunks/config.js:21702:6)
    at IncomingMessage.emit (node:events:509:28)
[2m3:57:01 pm[22m [31m[1m[vite][22m[39m [31mws proxy socket error:[39m
Error: write ECONNABORTED
    at afterWriteDispatched (node:internal/stream_base_commons:159:15)
    at writeGeneric (node:internal/stream_base_commons:150:3)
    at Socket._writeGeneric (node:net:1025:11)
    at Socket._write (node:net:1037:8)
    at writeOrBuffer (node:internal/streams/writable:570:12)
    at _write (node:internal/streams/writable:499:10)
    at Writable.write (node:internal/streams/writable:508:10)
    at writeChunk (file:///C:/Users/NAKULSHARMA/Downloads/developmentsync-main/frontend/node_modules/vite/dist/node/chunks/config.js:21695:13)
    at IncomingMessage.<anonymous> (file:///C:/Users/NAKULSHARMA/Downloads/developmentsync-main/frontend/node_modules/vite/dist/node/chunks/config.js:21702:6)
    at IncomingMessage.emit (node:events:509:28)
[2m3:57:11 pm[22m [31m[1m[vite][22m[39m [31mws proxy error:[39m
Error: write ECONNABORTED
    at afterWriteDispatched (node:internal/stream_base_commons:159:15)
    at writeGeneric (node:internal/stream_base_commons:150:3)
    at Socket._writeGeneric (node:net:1025:11)
    at Socket._write (node:net:1037:8)
    at writeOrBuffer (node:internal/streams/writable:570:12)
    at _write (node:internal/streams/writable:499:10)
    at Writable.write (node:internal/streams/writable:508:10)
    at writeChunk (file:///C:/Users/NAKULSHARMA/Downloads/developmentsync-main/frontend/node_modules/vite/dist/node/chunks/config.js:21692:13)
    at IncomingMessage.<anonymous> (file:///C:/Users/NAKULSHARMA/Downloads/developmentsync-main/frontend/node_modules/vite/dist/node/chunks/config.js:21705:6)
    at IncomingMessage.emit (node:events:521:24)
[2m3:57:11 pm[22m [31m[1m[vite][22m[39m [31mws proxy socket error:[39m
Error: write ECONNABORTED
    at afterWriteDispatched (node:internal/stream_base_commons:159:15)
    at writeGeneric (node:internal/stream_base_commons:150:3)
    at Socket._writeGeneric (node:net:1025:11)
    at Socket._write (node:net:1037:8)
    at writeOrBuffer (node:internal/streams/writable:570:12)
    at _write (node:internal/streams/writable:499:10)
    at Writable.write (node:internal/streams/writable:508:10)
    at writeChunk (file:///C:/Users/NAKULSHARMA/Downloads/developmentsync-main/frontend/node_modules/vite/dist/node/chunks/config.js:21692:13)
    at IncomingMessage.<anonymous> (file:///C:/Users/NAKULSHARMA/Downloads/developmentsync-main/frontend/node_modules/vite/dist/node/chunks/config.js:21705:6)
    at IncomingMessage.emit (node:events:521:24)
[2m3:57:16 pm[22m [31m[1m[vite][22m[39m [31mws proxy error:[39m
Error: write ECONNABORTED
    at afterWriteDispatched (node:internal/stream_base_commons:159:15)
    at writeGeneric (node:internal/stream_base_commons:150:3)
    at Socket._writeGeneric (node:net:1025:11)
    at Socket._write (node:net:1037:8)
    at writeOrBuffer (node:internal/streams/writable:570:12)
    at _write (node:internal/streams/writable:499:10)
    at Writable.write (node:internal/streams/writable:508:10)
    at writeChunk (file:///C:/Users/NAKULSHARMA/Downloads/developmentsync-main/frontend/node_modules/vite/dist/node/chunks/config.js:21692:13)
    at IncomingMessage.<anonymous> (file:///C:/Users/NAKULSHARMA/Downloads/developmentsync-main/frontend/node_modules/vite/dist/node/chunks/config.js:21705:6)
    at IncomingMessage.emit (node:events:521:24)
[2m3:57:16 pm[22m [31m[1m[vite][22m[39m [31mws proxy socket error:[39m
Error: write ECONNABORTED
    at afterWriteDispatched (node:internal/stream_base_commons:159:15)
    at writeGeneric (node:internal/stream_base_commons:150:3)
    at Socket._writeGeneric (node:net:1025:11)
    at Socket._write (node:net:1037:8)
    at writeOrBuffer (node:internal/streams/writable:570:12)
    at _write (node:internal/streams/writable:499:10)
    at Writable.write (node:internal/streams/writable:508:10)
    at writeChunk (file:///C:/Users/NAKULSHARMA/Downloads/developmentsync-main/frontend/node_modules/vite/dist/node/chunks/config.js:21692:13)
    at IncomingMessage.<anonymous> (file:///C:/Users/NAKULSHARMA/Downloads/developmentsync-main/frontend/node_modules/vite/dist/node/chunks/config.js:21705:6)
    at IncomingMessage.emit (node:events:521:24)
[2m3:57:28 pm[22m [31m[1m[vite][22m[39m [31mws proxy error:[39m
Error: write ECONNABORTED
    at afterWriteDispatched (node:internal/stream_base_commons:159:15)
    at writeGeneric (node:internal/stream_base_commons:150:3)
    at Socket._writeGeneric (node:net:1025:11)
    at Socket._write (node:net:1037:8)
    at writeOrBuffer (node:internal/streams/writable:570:12)
    at _write (node:internal/streams/writable:499:10)
    at Writable.write (node:internal/streams/writable:508:10)
    at writeChunk (file:///C:/Users/NAKULSHARMA/Downloads/developmentsync-main/frontend/node_modules/vite/dist/node/chunks/config.js:21692:13)
    at IncomingMessage.<anonymous> (file:///C:/Users/NAKULSHARMA/Downloads/developmentsync-main/frontend/node_modules/vite/dist/node/chunks/config.js:21705:6)
    at IncomingMessage.emit (node:events:521:24)
[2m3:57:28 pm[22m [31m[1m[vite][22m[39m [31mws proxy socket error:[39m
Error: write ECONNABORTED
    at afterWriteDispatched (node:internal/stream_base_commons:159:15)
    at writeGeneric (node:internal/stream_base_commons:150:3)
    at Socket._writeGeneric (node:net:1025:11)
    at Socket._write (node:net:1037:8)
    at writeOrBuffer (node:internal/streams/writable:570:12)
    at _write (node:internal/streams/writable:499:10)
    at Writable.write (node:internal/streams/writable:508:10)
    at writeChunk (file:///C:/Users/NAKULSHARMA/Downloads/developmentsync-main/frontend/node_modules/vite/dist/node/chunks/config.js:21692:13)
    at IncomingMessage.<anonymous> (file:///C:/Users/NAKULSHARMA/Downloads/developmentsync-main/frontend/node_modules/vite/dist/node/chunks/config.js:21705:6)
    at IncomingMessage.emit (node:events:521:24)
[2m3:57:33 pm[22m [31m[1m[vite][22m[39m [31mws proxy error:[39m
Error: write ECONNABORTED
    at afterWriteDispatched (node:internal/stream_base_commons:159:15)
    at writeGeneric (node:internal/stream_base_commons:150:3)
    at Socket._writeGeneric (node:net:1025:11)
    at Socket._write (node:net:1037:8)
    at writeOrBuffer (node:internal/streams/writable:570:12)
    at _write (node:internal/streams/writable:499:10)
    at Writable.write (node:internal/streams/writable:508:10)
    at writeChunk (file:///C:/Users/NAKULSHARMA/Downloads/developmentsync-main/frontend/node_modules/vite/dist/node/chunks/config.js:21692:13)
    at IncomingMessage.<anonymous> (file:///C:/Users/NAKULSHARMA/Downloads/developmentsync-main/frontend/node_modules/vite/dist/node/chunks/config.js:21705:6)
    at IncomingMessage.emit (node:events:521:24)
[2m3:57:33 pm[22m [31m[1m[vite][22m[39m [31mws proxy socket error:[39m
Error: write ECONNABORTED
    at afterWriteDispatched (node:internal/stream_base_commons:159:15)
    at writeGeneric (node:internal/stream_base_commons:150:3)
    at Socket._writeGeneric (node:net:1025:11)
    at Socket._write (node:net:1037:8)
    at writeOrBuffer (node:internal/streams/writable:570:12)
    at _write (node:internal/streams/writable:499:10)
    at Writable.write (node:internal/streams/writable:508:10)
    at writeChunk (file:///C:/Users/NAKULSHARMA/Downloads/developmentsync-main/frontend/node_modules/vite/dist/node/chunks/config.js:21692:13)
    at IncomingMessage.<anonymous> (file:///C:/Users/NAKULSHARMA/Downloads/developmentsync-main/frontend/node_modules/vite/dist/node/chunks/config.js:21705:6)
    at IncomingMessage.emit (node:events:521:24)
[2m3:57:41 pm[22m [31m[1m[vite][22m[39m [31mws proxy error:[39m
Error: write ECONNABORTED
    at afterWriteDispatched (node:internal/stream_base_commons:159:15)
    at writeGeneric (node:internal/stream_base_commons:150:3)
    at Socket._writeGeneric (node:net:1025:11)
    at Socket._write (node:net:1037:8)
    at writeOrBuffer (node:internal/streams/writable:570:12)
    at _write (node:internal/streams/writable:499:10)
    at Writable.write (node:internal/streams/writable:508:10)
    at writeChunk (file:///C:/Users/NAKULSHARMA/Downloads/developmentsync-main/frontend/node_modules/vite/dist/node/chunks/config.js:21692:13)
    at IncomingMessage.<anonymous> (file:///C:/Users/NAKULSHARMA/Downloads/developmentsync-main/frontend/node_modules/vite/dist/node/chunks/config.js:21705:6)
    at IncomingMessage.emit (node:events:521:24)
[2m3:57:41 pm[22m [31m[1m[vite][22m[39m [31mws proxy socket error:[39m
Error: write ECONNABORTED
    at afterWriteDispatched (node:internal/stream_base_commons:159:15)
    at writeGeneric (node:internal/stream_base_commons:150:3)
    at Socket._writeGeneric (node:net:1025:11)
    at Socket._write (node:net:1037:8)
    at writeOrBuffer (node:internal/streams/writable:570:12)
    at _write (node:internal/streams/writable:499:10)
    at Writable.write (node:internal/streams/writable:508:10)
    at writeChunk (file:///C:/Users/NAKULSHARMA/Downloads/developmentsync-main/frontend/node_modules/vite/dist/node/chunks/config.js:21692:13)
    at IncomingMessage.<anonymous> (file:///C:/Users/NAKULSHARMA/Downloads/developmentsync-main/frontend/node_modules/vite/dist/node/chunks/config.js:21705:6)
    at IncomingMessage.emit (node:events:521:24)
[2m3:57:50 pm[22m [31m[1m[vite][22m[39m [31mws proxy error:[39m
Error: write ECONNABORTED
    at afterWriteDispatched (node:internal/stream_base_commons:159:15)
    at writeGeneric (node:internal/stream_base_commons:150:3)
    at Socket._writeGeneric (node:net:1025:11)
    at Socket._write (node:net:1037:8)
    at writeOrBuffer (node:internal/streams/writable:570:12)
    at _write (node:internal/streams/writable:499:10)
    at Writable.write (node:internal/streams/writable:508:10)
    at writeChunk (file:///C:/Users/NAKULSHARMA/Downloads/developmentsync-main/frontend/node_modules/vite/dist/node/chunks/config.js:21692:13)
    at IncomingMessage.<anonymous> (file:///C:/Users/NAKULSHARMA/Downloads/developmentsync-main/frontend/node_modules/vite/dist/node/chunks/config.js:21705:6)
    at IncomingMessage.emit (node:events:521:24)
[2m3:57:50 pm[22m [31m[1m[vite][22m[39m [31mws proxy socket error:[39m
Error: write ECONNABORTED
    at afterWriteDispatched (node:internal/stream_base_commons:159:15)
    at writeGeneric (node:internal/stream_base_commons:150:3)
    at Socket._writeGeneric (node:net:1025:11)
    at Socket._write (node:net:1037:8)
    at writeOrBuffer (node:internal/streams/writable:570:12)
    at _write (node:internal/streams/writable:499:10)
    at Writable.write (node:internal/streams/writable:508:10)
    at writeChunk (file:///C:/Users/NAKULSHARMA/Downloads/developmentsync-main/frontend/node_modules/vite/dist/node/chunks/config.js:21692:13)
    at IncomingMessage.<anonymous> (file:///C:/Users/NAKULSHARMA/Downloads/developmentsync-main/frontend/node_modules/vite/dist/node/chunks/config.js:21705:6)
    at IncomingMessage.emit (node:events:521:24)
[2m3:57:58 pm[22m [31m[1m[vite][22m[39m [31mws proxy error:[39m
Error: write ECONNABORTED
    at afterWriteDispatched (node:internal/stream_base_commons:159:15)
    at writeGeneric (node:internal/stream_base_commons:150:3)
    at Socket._writeGeneric (node:net:1025:11)
    at Socket._write (node:net:1037:8)
    at writeOrBuffer (node:internal/streams/writable:570:12)
    at _write (node:internal/streams/writable:499:10)
    at Writable.write (node:internal/streams/writable:508:10)
    at writeChunk (file:///C:/Users/NAKULSHARMA/Downloads/developmentsync-main/frontend/node_modules/vite/dist/node/chunks/config.js:21692:13)
    at IncomingMessage.<anonymous> (file:///C:/Users/NAKULSHARMA/Downloads/developmentsync-main/frontend/node_modules/vite/dist/node/chunks/config.js:21705:6)
    at IncomingMessage.emit (node:events:521:24)
[2m3:57:58 pm[22m [31m[1m[vite][22m[39m [31mws proxy socket error:[39m
Error: write ECONNABORTED
    at afterWriteDispatched (node:internal/stream_base_commons:159:15)
    at writeGeneric (node:internal/stream_base_commons:150:3)
    at Socket._writeGeneric (node:net:1025:11)
    at Socket._write (node:net:1037:8)
    at writeOrBuffer (node:internal/streams/writable:570:12)
    at _write (node:internal/streams/writable:499:10)
    at Writable.write (node:internal/streams/writable:508:10)
    at writeChunk (file:///C:/Users/NAKULSHARMA/Downloads/developmentsync-main/frontend/node_modules/vite/dist/node/chunks/config.js:21692:13)
    at IncomingMessage.<anonymous> (file:///C:/Users/NAKULSHARMA/Downloads/developmentsync-main/frontend/node_modules/vite/dist/node/chunks/config.js:21705:6)
    at IncomingMessage.emit (node:events:521:24)
[2m3:58:03 pm[22m [31m[1m[vite][22m[39m [31mws proxy error:[39m
Error: write ECONNABORTED
    at afterWriteDispatched (node:internal/stream_base_commons:159:15)
    at writeGeneric (node:internal/stream_base_commons:150:3)
    at Socket._writeGeneric (node:net:1025:11)
    at Socket._write (node:net:1037:8)
    at writeOrBuffer (node:internal/streams/writable:570:12)
    at _write (node:internal/streams/writable:499:10)
    at Writable.write (node:internal/streams/writable:508:10)
    at writeChunk (file:///C:/Users/NAKULSHARMA/Downloads/developmentsync-main/frontend/node_modules/vite/dist/node/chunks/config.js:21693:13)
    at IncomingMessage.<anonymous> (file:///C:/Users/NAKULSHARMA/Downloads/developmentsync-main/frontend/node_modules/vite/dist/node/chunks/config.js:21702:6)
    at IncomingMessage.emit (node:events:509:28)
[2m3:58:03 pm[22m [31m[1m[vite][22m[39m [31mws proxy socket error:[39m
Error: write ECONNABORTED
    at afterWriteDispatched (node:internal/stream_base_commons:159:15)
    at writeGeneric (node:internal/stream_base_commons:150:3)
    at Socket._writeGeneric (node:net:1025:11)
    at Socket._write (node:net:1037:8)
    at writeOrBuffer (node:internal/streams/writable:570:12)
    at _write (node:internal/streams/writable:499:10)
    at Writable.write (node:internal/streams/writable:508:10)
    at writeChunk (file:///C:/Users/NAKULSHARMA/Downloads/developmentsync-main/frontend/node_modules/vite/dist/node/chunks/config.js:21693:13)
    at IncomingMessage.<anonymous> (file:///C:/Users/NAKULSHARMA/Downloads/developmentsync-main/frontend/node_modules/vite/dist/node/chunks/config.js:21702:6)
    at IncomingMessage.emit (node:events:509:28)
[2m3:58:08 pm[22m [31m[1m[vite][22m[39m [31mws proxy error:[39m
Error: write ECONNABORTED
    at afterWriteDispatched (node:internal/stream_base_commons:159:15)
    at writeGeneric (node:internal/stream_base_commons:150:3)
    at Socket._writeGeneric (node:net:1025:11)
    at Socket._write (node:net:1037:8)
    at writeOrBuffer (node:internal/streams/writable:570:12)
    at _write (node:internal/streams/writable:499:10)
    at Writable.write (node:internal/streams/writable:508:10)
    at writeChunk (file:///C:/Users/NAKULSHARMA/Downloads/developmentsync-main/frontend/node_modules/vite/dist/node/chunks/config.js:21693:13)
    at IncomingMessage.<anonymous> (file:///C:/Users/NAKULSHARMA/Downloads/developmentsync-main/frontend/node_modules/vite/dist/node/chunks/config.js:21702:6)
    at IncomingMessage.emit (node:events:509:28)
[2m3:58:08 pm[22m [31m[1m[vite][22m[39m [31mws proxy socket error:[39m
Error: write ECONNABORTED
    at afterWriteDispatched (node:internal/stream_base_commons:159:15)
    at writeGeneric (node:internal/stream_base_commons:150:3)
    at Socket._writeGeneric (node:net:1025:11)
    at Socket._write (node:net:1037:8)
    at writeOrBuffer (node:internal/streams/writable:570:12)
    at _write (node:internal/streams/writable:499:10)
    at Writable.write (node:internal/streams/writable:508:10)
    at writeChunk (file:///C:/Users/NAKULSHARMA/Downloads/developmentsync-main/frontend/node_modules/vite/dist/node/chunks/config.js:21693:13)
    at IncomingMessage.<anonymous> (file:///C:/Users/NAKULSHARMA/Downloads/developmentsync-main/frontend/node_modules/vite/dist/node/chunks/config.js:21702:6)
    at IncomingMessage.emit (node:events:509:28)
[2m3:58:12 pm[22m [31m[1m[vite][22m[39m [31mws proxy error:[39m
Error: write ECONNABORTED
    at afterWriteDispatched (node:internal/stream_base_commons:159:15)
    at writeGeneric (node:internal/stream_base_commons:150:3)
    at Socket._writeGeneric (node:net:1025:11)
    at Socket._write (node:net:1037:8)
    at writeOrBuffer (node:internal/streams/writable:570:12)
    at _write (node:internal/streams/writable:499:10)
    at Writable.write (node:internal/streams/writable:508:10)
    at writeChunk (file:///C:/Users/NAKULSHARMA/Downloads/developmentsync-main/frontend/node_modules/vite/dist/node/chunks/config.js:21692:13)
    at IncomingMessage.<anonymous> (file:///C:/Users/NAKULSHARMA/Downloads/developmentsync-main/frontend/node_modules/vite/dist/node/chunks/config.js:21705:6)
    at IncomingMessage.emit (node:events:521:24)
[2m3:58:12 pm[22m [31m[1m[vite][22m[39m [31mws proxy socket error:[39m
Error: write ECONNABORTED
    at afterWriteDispatched (node:internal/stream_base_commons:159:15)
    at writeGeneric (node:internal/stream_base_commons:150:3)
    at Socket._writeGeneric (node:net:1025:11)
    at Socket._write (node:net:1037:8)
    at writeOrBuffer (node:internal/streams/writable:570:12)
    at _write (node:internal/streams/writable:499:10)
    at Writable.write (node:internal/streams/writable:508:10)
    at writeChunk (file:///C:/Users/NAKULSHARMA/Downloads/developmentsync-main/frontend/node_modules/vite/dist/node/chunks/config.js:21692:13)
    at IncomingMessage.<anonymous> (file:///C:/Users/NAKULSHARMA/Downloads/developmentsync-main/frontend/node_modules/vite/dist/node/chunks/config.js:21705:6)
    at IncomingMessage.emit (node:events:521:24)
[2m3:58:16 pm[22m [31m[1m[vite][22m[39m [31mws proxy error:[39m
Error: write ECONNABORTED
    at afterWriteDispatched (node:internal/stream_base_commons:159:15)
    at writeGeneric (node:internal/stream_base_commons:150:3)
    at Socket._writeGeneric (node:net:1025:11)
    at Socket._write (node:net:1037:8)
    at writeOrBuffer (node:internal/streams/writable:570:12)
    at _write (node:internal/streams/writable:499:10)
    at Writable.write (node:internal/streams/writable:508:10)
    at writeChunk (file:///C:/Users/NAKULSHARMA/Downloads/developmentsync-main/frontend/node_modules/vite/dist/node/chunks/config.js:21693:13)
    at IncomingMessage.<anonymous> (file:///C:/Users/NAKULSHARMA/Downloads/developmentsync-main/frontend/node_modules/vite/dist/node/chunks/config.js:21702:6)
    at IncomingMessage.emit (node:events:509:28)
[2m3:58:16 pm[22m [31m[1m[vite][22m[39m [31mws proxy socket error:[39m
Error: write ECONNABORTED
    at afterWriteDispatched (node:internal/stream_base_commons:159:15)
    at writeGeneric (node:internal/stream_base_commons:150:3)
    at Socket._writeGeneric (node:net:1025:11)
    at Socket._write (node:net:1037:8)
    at writeOrBuffer (node:internal/streams/writable:570:12)
    at _write (node:internal/streams/writable:499:10)
    at Writable.write (node:internal/streams/writable:508:10)
    at writeChunk (file:///C:/Users/NAKULSHARMA/Downloads/developmentsync-main/frontend/node_modules/vite/dist/node/chunks/config.js:21693:13)
    at IncomingMessage.<anonymous> (file:///C:/Users/NAKULSHARMA/Downloads/developmentsync-main/frontend/node_modules/vite/dist/node/chunks/config.js:21702:6)
    at IncomingMessage.emit (node:events:509:28)
[2m3:58:30 pm[22m [31m[1m[vite][22m[39m [31mws proxy error:[39m
Error: write ECONNABORTED
    at afterWriteDispatched (node:internal/stream_base_commons:159:15)
    at writeGeneric (node:internal/stream_base_commons:150:3)
    at Socket._writeGeneric (node:net:1025:11)
    at Socket._write (node:net:1037:8)
    at writeOrBuffer (node:internal/streams/writable:570:12)
    at _write (node:internal/streams/writable:499:10)
    at Writable.write (node:internal/streams/writable:508:10)
    at writeChunk (file:///C:/Users/NAKULSHARMA/Downloads/developmentsync-main/frontend/node_modules/vite/dist/node/chunks/config.js:21692:13)
    at IncomingMessage.<anonymous> (file:///C:/Users/NAKULSHARMA/Downloads/developmentsync-main/frontend/node_modules/vite/dist/node/chunks/config.js:21705:6)
    at IncomingMessage.emit (node:events:521:24)
[2m3:58:30 pm[22m [31m[1m[vite][22m[39m [31mws proxy socket error:[39m
Error: write ECONNABORTED
    at afterWriteDispatched (node:internal/stream_base_commons:159:15)
    at writeGeneric (node:internal/stream_base_commons:150:3)
    at Socket._writeGeneric (node:net:1025:11)
    at Socket._write (node:net:1037:8)
    at writeOrBuffer (node:internal/streams/writable:570:12)
    at _write (node:internal/streams/writable:499:10)
    at Writable.write (node:internal/streams/writable:508:10)
    at writeChunk (file:///C:/Users/NAKULSHARMA/Downloads/developmentsync-main/frontend/node_modules/vite/dist/node/chunks/config.js:21692:13)
    at IncomingMessage.<anonymous> (file:///C:/Users/NAKULSHARMA/Downloads/developmentsync-main/frontend/node_modules/vite/dist/node/chunks/config.js:21705:6)
    at IncomingMessage.emit (node:events:521:24)
[2m3:58:37 pm[22m [31m[1m[vite][22m[39m [31mws proxy error:[39m
Error: write ECONNABORTED
    at afterWriteDispatched (node:internal/stream_base_commons:159:15)
    at writeGeneric (node:internal/stream_base_commons:150:3)
    at Socket._writeGeneric (node:net:1025:11)
    at Socket._write (node:net:1037:8)
    at writeOrBuffer (node:internal/streams/writable:570:12)
    at _write (node:internal/streams/writable:499:10)
    at Writable.write (node:internal/streams/writable:508:10)
    at writeChunk (file:///C:/Users/NAKULSHARMA/Downloads/developmentsync-main/frontend/node_modules/vite/dist/node/chunks/config.js:21693:13)
    at IncomingMessage.<anonymous> (file:///C:/Users/NAKULSHARMA/Downloads/developmentsync-main/frontend/node_modules/vite/dist/node/chunks/config.js:21702:6)
    at IncomingMessage.emit (node:events:509:28)
[2m3:58:37 pm[22m [31m[1m[vite][22m[39m [31mws proxy socket error:[39m
Error: write ECONNABORTED
    at afterWriteDispatched (node:internal/stream_base_commons:159:15)
    at writeGeneric (node:internal/stream_base_commons:150:3)
    at Socket._writeGeneric (node:net:1025:11)
    at Socket._write (node:net:1037:8)
    at writeOrBuffer (node:internal/streams/writable:570:12)
    at _write (node:internal/streams/writable:499:10)
    at Writable.write (node:internal/streams/writable:508:10)
    at writeChunk (file:///C:/Users/NAKULSHARMA/Downloads/developmentsync-main/frontend/node_modules/vite/dist/node/chunks/config.js:21693:13)
    at IncomingMessage.<anonymous> (file:///C:/Users/NAKULSHARMA/Downloads/developmentsync-main/frontend/node_modules/vite/dist/node/chunks/config.js:21702:6)
    at IncomingMessage.emit (node:events:509:28)
[2m3:58:39 pm[22m [31m[1m[vite][22m[39m [31mws proxy error:[39m
Error: write ECONNABORTED
    at afterWriteDispatched (node:internal/stream_base_commons:159:15)
    at writeGeneric (node:internal/stream_base_commons:150:3)
    at Socket._writeGeneric (node:net:1025:11)
    at Socket._write (node:net:1037:8)
    at writeOrBuffer (node:internal/streams/writable:570:12)
    at _write (node:internal/streams/writable:499:10)
    at Writable.write (node:internal/streams/writable:508:10)
    at writeChunk (file:///C:/Users/NAKULSHARMA/Downloads/developmentsync-main/frontend/node_modules/vite/dist/node/chunks/config.js:21695:13)
    at IncomingMessage.<anonymous> (file:///C:/Users/NAKULSHARMA/Downloads/developmentsync-main/frontend/node_modules/vite/dist/node/chunks/config.js:21702:6)
    at IncomingMessage.emit (node:events:509:28)
[2m3:58:39 pm[22m [31m[1m[vite][22m[39m [31mws proxy socket error:[39m
Error: write ECONNABORTED
    at afterWriteDispatched (node:internal/stream_base_commons:159:15)
    at writeGeneric (node:internal/stream_base_commons:150:3)
    at Socket._writeGeneric (node:net:1025:11)
    at Socket._write (node:net:1037:8)
    at writeOrBuffer (node:internal/streams/writable:570:12)
    at _write (node:internal/streams/writable:499:10)
    at Writable.write (node:internal/streams/writable:508:10)
    at writeChunk (file:///C:/Users/NAKULSHARMA/Downloads/developmentsync-main/frontend/node_modules/vite/dist/node/chunks/config.js:21695:13)
    at IncomingMessage.<anonymous> (file:///C:/Users/NAKULSHARMA/Downloads/developmentsync-main/frontend/node_modules/vite/dist/node/chunks/config.js:21702:6)
    at IncomingMessage.emit (node:events:509:28)
[2m3:58:41 pm[22m [31m[1m[vite][22m[39m [31mws proxy error:[39m
Error: write ECONNABORTED
    at afterWriteDispatched (node:internal/stream_base_commons:159:15)
    at writeGeneric (node:internal/stream_base_commons:150:3)
    at Socket._writeGeneric (node:net:1025:11)
    at Socket._write (node:net:1037:8)
    at writeOrBuffer (node:internal/streams/writable:570:12)
    at _write (node:internal/streams/writable:499:10)
    at Writable.write (node:internal/streams/writable:508:10)
    at writeChunk (file:///C:/Users/NAKULSHARMA/Downloads/developmentsync-main/frontend/node_modules/vite/dist/node/chunks/config.js:21693:13)
    at IncomingMessage.<anonymous> (file:///C:/Users/NAKULSHARMA/Downloads/developmentsync-main/frontend/node_modules/vite/dist/node/chunks/config.js:21702:6)
    at IncomingMessage.emit (node:events:509:28)
[2m3:58:41 pm[22m [31m[1m[vite][22m[39m [31mws proxy socket error:[39m
Error: write ECONNABORTED
    at afterWriteDispatched (node:internal/stream_base_commons:159:15)
    at writeGeneric (node:internal/stream_base_commons:150:3)
    at Socket._writeGeneric (node:net:1025:11)
    at Socket._write (node:net:1037:8)
    at writeOrBuffer (node:internal/streams/writable:570:12)
    at _write (node:internal/streams/writable:499:10)
    at Writable.write (node:internal/streams/writable:508:10)
    at writeChunk (file:///C:/Users/NAKULSHARMA/Downloads/developmentsync-main/frontend/node_modules/vite/dist/node/chunks/config.js:21693:13)
    at IncomingMessage.<anonymous> (file:///C:/Users/NAKULSHARMA/Downloads/developmentsync-main/frontend/node_modules/vite/dist/node/chunks/config.js:21702:6)
    at IncomingMessage.emit (node:events:509:28)
[2m3:58:43 pm[22m [31m[1m[vite][22m[39m [31mws proxy error:[39m
Error: write ECONNABORTED
    at afterWriteDispatched (node:internal/stream_base_commons:159:15)
    at writeGeneric (node:internal/stream_base_commons:150:3)
    at Socket._writeGeneric (node:net:1025:11)
    at Socket._write (node:net:1037:8)
    at writeOrBuffer (node:internal/streams/writable:570:12)
    at _write (node:internal/streams/writable:499:10)
    at Writable.write (node:internal/streams/writable:508:10)
    at writeChunk (file:///C:/Users/NAKULSHARMA/Downloads/developmentsync-main/frontend/node_modules/vite/dist/node/chunks/config.js:21693:13)
    at IncomingMessage.<anonymous> (file:///C:/Users/NAKULSHARMA/Downloads/developmentsync-main/frontend/node_modules/vite/dist/node/chunks/config.js:21702:6)
    at IncomingMessage.emit (node:events:509:28)
[2m3:58:43 pm[22m [31m[1m[vite][22m[39m [31mws proxy socket error:[39m
Error: write ECONNABORTED
    at afterWriteDispatched (node:internal/stream_base_commons:159:15)
    at writeGeneric (node:internal/stream_base_commons:150:3)
    at Socket._writeGeneric (node:net:1025:11)
    at Socket._write (node:net:1037:8)
    at writeOrBuffer (node:internal/streams/writable:570:12)
    at _write (node:internal/streams/writable:499:10)
    at Writable.write (node:internal/streams/writable:508:10)
    at writeChunk (file:///C:/Users/NAKULSHARMA/Downloads/developmentsync-main/frontend/node_modules/vite/dist/node/chunks/config.js:21693:13)
    at IncomingMessage.<anonymous> (file:///C:/Users/NAKULSHARMA/Downloads/developmentsync-main/frontend/node_modules/vite/dist/node/chunks/config.js:21702:6)
    at IncomingMessage.emit (node:events:509:28)
[2m3:58:45 pm[22m [31m[1m[vite][22m[39m [31mws proxy error:[39m
Error: write ECONNABORTED
    at afterWriteDispatched (node:internal/stream_base_commons:159:15)
    at writeGeneric (node:internal/stream_base_commons:150:3)
    at Socket._writeGeneric (node:net:1025:11)
    at Socket._write (node:net:1037:8)
    at writeOrBuffer (node:internal/streams/writable:570:12)
    at _write (node:internal/streams/writable:499:10)
    at Writable.write (node:internal/streams/writable:508:10)
    at writeChunk (file:///C:/Users/NAKULSHARMA/Downloads/developmentsync-main/frontend/node_modules/vite/dist/node/chunks/config.js:21693:13)
    at IncomingMessage.<anonymous> (file:///C:/Users/NAKULSHARMA/Downloads/developmentsync-main/frontend/node_modules/vite/dist/node/chunks/config.js:21702:6)
    at IncomingMessage.emit (node:events:509:28)
[2m3:58:45 pm[22m [31m[1m[vite][22m[39m [31mws proxy socket error:[39m
Error: write ECONNABORTED
    at afterWriteDispatched (node:internal/stream_base_commons:159:15)
    at writeGeneric (node:internal/stream_base_commons:150:3)
    at Socket._writeGeneric (node:net:1025:11)
    at Socket._write (node:net:1037:8)
    at writeOrBuffer (node:internal/streams/writable:570:12)
    at _write (node:internal/streams/writable:499:10)
    at Writable.write (node:internal/streams/writable:508:10)
    at writeChunk (file:///C:/Users/NAKULSHARMA/Downloads/developmentsync-main/frontend/node_modules/vite/dist/node/chunks/config.js:21693:13)
    at IncomingMessage.<anonymous> (file:///C:/Users/NAKULSHARMA/Downloads/developmentsync-main/frontend/node_modules/vite/dist/node/chunks/config.js:21702:6)
    at IncomingMessage.emit (node:events:509:28)
[2m3:58:47 pm[22m [31m[1m[vite][22m[39m [31mws proxy error:[39m
Error: write ECONNABORTED
    at afterWriteDispatched (node:internal/stream_base_commons:159:15)
    at writeGeneric (node:internal/stream_base_commons:150:3)
    at Socket._writeGeneric (node:net:1025:11)
    at Socket._write (node:net:1037:8)
    at writeOrBuffer (node:internal/streams/writable:570:12)
    at _write (node:internal/streams/writable:499:10)
    at Writable.write (node:internal/streams/writable:508:10)
    at writeChunk (file:///C:/Users/NAKULSHARMA/Downloads/developmentsync-main/frontend/node_modules/vite/dist/node/chunks/config.js:21692:13)
    at IncomingMessage.<anonymous> (file:///C:/Users/NAKULSHARMA/Downloads/developmentsync-main/frontend/node_modules/vite/dist/node/chunks/config.js:21705:6)
    at IncomingMessage.emit (node:events:521:24)
[2m3:58:47 pm[22m [31m[1m[vite][22m[39m [31mws proxy socket error:[39m
Error: write ECONNABORTED
    at afterWriteDispatched (node:internal/stream_base_commons:159:15)
    at writeGeneric (node:internal/stream_base_commons:150:3)
    at Socket._writeGeneric (node:net:1025:11)
    at Socket._write (node:net:1037:8)
    at writeOrBuffer (node:internal/streams/writable:570:12)
    at _write (node:internal/streams/writable:499:10)
    at Writable.write (node:internal/streams/writable:508:10)
    at writeChunk (file:///C:/Users/NAKULSHARMA/Downloads/developmentsync-main/frontend/node_modules/vite/dist/node/chunks/config.js:21692:13)
    at IncomingMessage.<anonymous> (file:///C:/Users/NAKULSHARMA/Downloads/developmentsync-main/frontend/node_modules/vite/dist/node/chunks/config.js:21705:6)
    at IncomingMessage.emit (node:events:521:24)
[2m3:58:49 pm[22m [31m[1m[vite][22m[39m [31mws proxy error:[39m
Error: write ECONNABORTED
    at afterWriteDispatched (node:internal/stream_base_commons:159:15)
    at writeGeneric (node:internal/stream_base_commons:150:3)
    at Socket._writeGeneric (node:net:1025:11)
    at Socket._write (node:net:1037:8)
    at writeOrBuffer (node:internal/streams/writable:570:12)
    at _write (node:internal/streams/writable:499:10)
    at Writable.write (node:internal/streams/writable:508:10)
    at writeChunk (file:///C:/Users/NAKULSHARMA/Downloads/developmentsync-main/frontend/node_modules/vite/dist/node/chunks/config.js:21694:13)
    at IncomingMessage.<anonymous> (file:///C:/Users/NAKULSHARMA/Downloads/developmentsync-main/frontend/node_modules/vite/dist/node/chunks/config.js:21702:6)
    at IncomingMessage.emit (node:events:509:28)
[2m3:58:49 pm[22m [31m[1m[vite][22m[39m [31mws proxy socket error:[39m
Error: write ECONNABORTED
    at afterWriteDispatched (node:internal/stream_base_commons:159:15)
    at writeGeneric (node:internal/stream_base_commons:150:3)
    at Socket._writeGeneric (node:net:1025:11)
    at Socket._write (node:net:1037:8)
    at writeOrBuffer (node:internal/streams/writable:570:12)
    at _write (node:internal/streams/writable:499:10)
    at Writable.write (node:internal/streams/writable:508:10)
    at writeChunk (file:///C:/Users/NAKULSHARMA/Downloads/developmentsync-main/frontend/node_modules/vite/dist/node/chunks/config.js:21694:13)
    at IncomingMessage.<anonymous> (file:///C:/Users/NAKULSHARMA/Downloads/developmentsync-main/frontend/node_modules/vite/dist/node/chunks/config.js:21702:6)
    at IncomingMessage.emit (node:events:509:28)
[2m3:58:51 pm[22m [31m[1m[vite][22m[39m [31mws proxy error:[39m
Error: write ECONNABORTED
    at afterWriteDispatched (node:internal/stream_base_commons:159:15)
    at writeGeneric (node:internal/stream_base_commons:150:3)
    at Socket._writeGeneric (node:net:1025:11)
    at Socket._write (node:net:1037:8)
    at writeOrBuffer (node:internal/streams/writable:570:12)
    at _write (node:internal/streams/writable:499:10)
    at Writable.write (node:internal/streams/writable:508:10)
    at writeChunk (file:///C:/Users/NAKULSHARMA/Downloads/developmentsync-main/frontend/node_modules/vite/dist/node/chunks/config.js:21693:13)
    at IncomingMessage.<anonymous> (file:///C:/Users/NAKULSHARMA/Downloads/developmentsync-main/frontend/node_modules/vite/dist/node/chunks/config.js:21702:6)
    at IncomingMessage.emit (node:events:509:28)
[2m3:58:51 pm[22m [31m[1m[vite][22m[39m [31mws proxy socket error:[39m
Error: write ECONNABORTED
    at afterWriteDispatched (node:internal/stream_base_commons:159:15)
    at writeGeneric (node:internal/stream_base_commons:150:3)
    at Socket._writeGeneric (node:net:1025:11)
    at Socket._write (node:net:1037:8)
    at writeOrBuffer (node:internal/streams/writable:570:12)
    at _write (node:internal/streams/writable:499:10)
    at Writable.write (node:internal/streams/writable:508:10)
    at writeChunk (file:///C:/Users/NAKULSHARMA/Downloads/developmentsync-main/frontend/node_modules/vite/dist/node/chunks/config.js:21693:13)
    at IncomingMessage.<anonymous> (file:///C:/Users/NAKULSHARMA/Downloads/developmentsync-main/frontend/node_modules/vite/dist/node/chunks/config.js:21702:6)
    at IncomingMessage.emit (node:events:509:28)
[2m3:58:53 pm[22m [31m[1m[vite][22m[39m [31mws proxy error:[39m
Error: write ECONNABORTED
    at afterWriteDispatched (node:internal/stream_base_commons:159:15)
    at writeGeneric (node:internal/stream_base_commons:150:3)
    at Socket._writeGeneric (node:net:1025:11)
    at Socket._write (node:net:1037:8)
    at writeOrBuffer (node:internal/streams/writable:570:12)
    at _write (node:internal/streams/writable:499:10)
    at Writable.write (node:internal/streams/writable:508:10)
    at writeChunk (file:///C:/Users/NAKULSHARMA/Downloads/developmentsync-main/frontend/node_modules/vite/dist/node/chunks/config.js:21692:13)
    at IncomingMessage.<anonymous> (file:///C:/Users/NAKULSHARMA/Downloads/developmentsync-main/frontend/node_modules/vite/dist/node/chunks/config.js:21705:6)
    at IncomingMessage.emit (node:events:521:24)
[2m3:58:53 pm[22m [31m[1m[vite][22m[39m [31mws proxy socket error:[39m
Error: write ECONNABORTED
    at afterWriteDispatched (node:internal/stream_base_commons:159:15)
    at writeGeneric (node:internal/stream_base_commons:150:3)
    at Socket._writeGeneric (node:net:1025:11)
    at Socket._write (node:net:1037:8)
    at writeOrBuffer (node:internal/streams/writable:570:12)
    at _write (node:internal/streams/writable:499:10)
    at Writable.write (node:internal/streams/writable:508:10)
    at writeChunk (file:///C:/Users/NAKULSHARMA/Downloads/developmentsync-main/frontend/node_modules/vite/dist/node/chunks/config.js:21692:13)
    at IncomingMessage.<anonymous> (file:///C:/Users/NAKULSHARMA/Downloads/developmentsync-main/frontend/node_modules/vite/dist/node/chunks/config.js:21705:6)
    at IncomingMessage.emit (node:events:521:24)
[2m3:58:55 pm[22m [31m[1m[vite][22m[39m [31mws proxy error:[39m
Error: write ECONNABORTED
    at afterWriteDispatched (node:internal/stream_base_commons:159:15)
    at writeGeneric (node:internal/stream_base_commons:150:3)
    at Socket._writeGeneric (node:net:1025:11)
    at Socket._write (node:net:1037:8)
    at writeOrBuffer (node:internal/streams/writable:570:12)
    at _write (node:internal/streams/writable:499:10)
    at Writable.write (node:internal/streams/writable:508:10)
    at writeChunk (file:///C:/Users/NAKULSHARMA/Downloads/developmentsync-main/frontend/node_modules/vite/dist/node/chunks/config.js:21692:13)
    at IncomingMessage.<anonymous> (file:///C:/Users/NAKULSHARMA/Downloads/developmentsync-main/frontend/node_modules/vite/dist/node/chunks/config.js:21705:6)
    at IncomingMessage.emit (node:events:521:24)
[2m3:58:55 pm[22m [31m[1m[vite][22m[39m [31mws proxy socket error:[39m
Error: write ECONNABORTED
    at afterWriteDispatched (node:internal/stream_base_commons:159:15)
    at writeGeneric (node:internal/stream_base_commons:150:3)
    at Socket._writeGeneric (node:net:1025:11)
    at Socket._write (node:net:1037:8)
    at writeOrBuffer (node:internal/streams/writable:570:12)
    at _write (node:internal/streams/writable:499:10)
    at Writable.write (node:internal/streams/writable:508:10)
    at writeChunk (file:///C:/Users/NAKULSHARMA/Downloads/developmentsync-main/frontend/node_modules/vite/dist/node/chunks/config.js:21692:13)
    at IncomingMessage.<anonymous> (file:///C:/Users/NAKULSHARMA/Downloads/developmentsync-main/frontend/node_modules/vite/dist/node/chunks/config.js:21705:6)
    at IncomingMessage.emit (node:events:521:24)
[2m3:58:57 pm[22m [31m[1m[vite][22m[39m [31mws proxy error:[39m
Error: write ECONNABORTED
    at afterWriteDispatched (node:internal/stream_base_commons:159:15)
    at writeGeneric (node:internal/stream_base_commons:150:3)
    at Socket._writeGeneric (node:net:1025:11)
    at Socket._write (node:net:1037:8)
    at writeOrBuffer (node:internal/streams/writable:570:12)
    at _write (node:internal/streams/writable:499:10)
    at Writable.write (node:internal/streams/writable:508:10)
    at writeChunk (file:///C:/Users/NAKULSHARMA/Downloads/developmentsync-main/frontend/node_modules/vite/dist/node/chunks/config.js:21693:13)
    at IncomingMessage.<anonymous> (file:///C:/Users/NAKULSHARMA/Downloads/developmentsync-main/frontend/node_modules/vite/dist/node/chunks/config.js:21702:6)
    at IncomingMessage.emit (node:events:509:28)
[2m3:58:57 pm[22m [31m[1m[vite][22m[39m [31mws proxy socket error:[39m
Error: write ECONNABORTED
    at afterWriteDispatched (node:internal/stream_base_commons:159:15)
    at writeGeneric (node:internal/stream_base_commons:150:3)
    at Socket._writeGeneric (node:net:1025:11)
    at Socket._write (node:net:1037:8)
    at writeOrBuffer (node:internal/streams/writable:570:12)
    at _write (node:internal/streams/writable:499:10)
    at Writable.write (node:internal/streams/writable:508:10)
    at writeChunk (file:///C:/Users/NAKULSHARMA/Downloads/developmentsync-main/frontend/node_modules/vite/dist/node/chunks/config.js:21693:13)
    at IncomingMessage.<anonymous> (file:///C:/Users/NAKULSHARMA/Downloads/developmentsync-main/frontend/node_modules/vite/dist/node/chunks/config.js:21702:6)
    at IncomingMessage.emit (node:events:509:28)
[2m3:58:59 pm[22m [31m[1m[vite][22m[39m [31mws proxy error:[39m
Error: write ECONNABORTED
    at afterWriteDispatched (node:internal/stream_base_commons:159:15)
    at writeGeneric (node:internal/stream_base_commons:150:3)
    at Socket._writeGeneric (node:net:1025:11)
    at Socket._write (node:net:1037:8)
    at writeOrBuffer (node:internal/streams/writable:570:12)
    at _write (node:internal/streams/writable:499:10)
    at Writable.write (node:internal/streams/writable:508:10)
    at writeChunk (file:///C:/Users/NAKULSHARMA/Downloads/developmentsync-main/frontend/node_modules/vite/dist/node/chunks/config.js:21693:13)
    at IncomingMessage.<anonymous> (file:///C:/Users/NAKULSHARMA/Downloads/developmentsync-main/frontend/node_modules/vite/dist/node/chunks/config.js:21705:6)
    at IncomingMessage.emit (node:events:521:24)
[2m3:58:59 pm[22m [31m[1m[vite][22m[39m [31mws proxy socket error:[39m
Error: write ECONNABORTED
    at afterWriteDispatched (node:internal/stream_base_commons:159:15)
    at writeGeneric (node:internal/stream_base_commons:150:3)
    at Socket._writeGeneric (node:net:1025:11)
    at Socket._write (node:net:1037:8)
    at writeOrBuffer (node:internal/streams/writable:570:12)
    at _write (node:internal/streams/writable:499:10)
    at Writable.write (node:internal/streams/writable:508:10)
    at writeChunk (file:///C:/Users/NAKULSHARMA/Downloads/developmentsync-main/frontend/node_modules/vite/dist/node/chunks/config.js:21693:13)
    at IncomingMessage.<anonymous> (file:///C:/Users/NAKULSHARMA/Downloads/developmentsync-main/frontend/node_modules/vite/dist/node/chunks/config.js:21705:6)
    at IncomingMessage.emit (node:events:521:24)
[2m3:59:01 pm[22m [31m[1m[vite][22m[39m [31mws proxy error:[39m
Error: write ECONNABORTED
    at afterWriteDispatched (node:internal/stream_base_commons:159:15)
    at writeGeneric (node:internal/stream_base_commons:150:3)
    at Socket._writeGeneric (node:net:1025:11)
    at Socket._write (node:net:1037:8)
    at writeOrBuffer (node:internal/streams/writable:570:12)
    at _write (node:internal/streams/writable:499:10)
    at Writable.write (node:internal/streams/writable:508:10)
    at writeChunk (file:///C:/Users/NAKULSHARMA/Downloads/developmentsync-main/frontend/node_modules/vite/dist/node/chunks/config.js:21692:13)
    at IncomingMessage.<anonymous> (file:///C:/Users/NAKULSHARMA/Downloads/developmentsync-main/frontend/node_modules/vite/dist/node/chunks/config.js:21705:6)
    at IncomingMessage.emit (node:events:521:24)
[2m3:59:01 pm[22m [31m[1m[vite][22m[39m [31mws proxy socket error:[39m
Error: write ECONNABORTED
    at afterWriteDispatched (node:internal/stream_base_commons:159:15)
    at writeGeneric (node:internal/stream_base_commons:150:3)
    at Socket._writeGeneric (node:net:1025:11)
    at Socket._write (node:net:1037:8)
    at writeOrBuffer (node:internal/streams/writable:570:12)
    at _write (node:internal/streams/writable:499:10)
    at Writable.write (node:internal/streams/writable:508:10)
    at writeChunk (file:///C:/Users/NAKULSHARMA/Downloads/developmentsync-main/frontend/node_modules/vite/dist/node/chunks/config.js:21692:13)
    at IncomingMessage.<anonymous> (file:///C:/Users/NAKULSHARMA/Downloads/developmentsync-main/frontend/node_modules/vite/dist/node/chunks/config.js:21705:6)
    at IncomingMessage.emit (node:events:521:24)
[2m3:59:07 pm[22m [31m[1m[vite][22m[39m [31mws proxy error:[39m
Error: write ECONNABORTED
    at afterWriteDispatched (node:internal/stream_base_commons:159:15)
    at writeGeneric (node:internal/stream_base_commons:150:3)
    at Socket._writeGeneric (node:net:1025:11)
    at Socket._write (node:net:1037:8)
    at writeOrBuffer (node:internal/streams/writable:570:12)
    at _write (node:internal/streams/writable:499:10)
    at Writable.write (node:internal/streams/writable:508:10)
    at writeChunk (file:///C:/Users/NAKULSHARMA/Downloads/developmentsync-main/frontend/node_modules/vite/dist/node/chunks/config.js:21692:13)
    at IncomingMessage.<anonymous> (file:///C:/Users/NAKULSHARMA/Downloads/developmentsync-main/frontend/node_modules/vite/dist/node/chunks/config.js:21705:6)
    at IncomingMessage.emit (node:events:521:24)
[2m3:59:07 pm[22m [31m[1m[vite][22m[39m [31mws proxy socket error:[39m
Error: write ECONNABORTED
    at afterWriteDispatched (node:internal/stream_base_commons:159:15)
    at writeGeneric (node:internal/stream_base_commons:150:3)
    at Socket._writeGeneric (node:net:1025:11)
    at Socket._write (node:net:1037:8)
    at writeOrBuffer (node:internal/streams/writable:570:12)
    at _write (node:internal/streams/writable:499:10)
    at Writable.write (node:internal/streams/writable:508:10)
    at writeChunk (file:///C:/Users/NAKULSHARMA/Downloads/developmentsync-main/frontend/node_modules/vite/dist/node/chunks/config.js:21692:13)
    at IncomingMessage.<anonymous> (file:///C:/Users/NAKULSHARMA/Downloads/developmentsync-main/frontend/node_modules/vite/dist/node/chunks/config.js:21705:6)
    at IncomingMessage.emit (node:events:521:24)
[2m3:59:17 pm[22m [31m[1m[vite][22m[39m [31mws proxy error:[39m
Error: write ECONNABORTED
    at afterWriteDispatched (node:internal/stream_base_commons:159:15)
    at writeGeneric (node:internal/stream_base_commons:150:3)
    at Socket._writeGeneric (node:net:1025:11)
    at Socket._write (node:net:1037:8)
    at writeOrBuffer (node:internal/streams/writable:570:12)
    at _write (node:internal/streams/writable:499:10)
    at Writable.write (node:internal/streams/writable:508:10)
    at writeChunk (file:///C:/Users/NAKULSHARMA/Downloads/developmentsync-main/frontend/node_modules/vite/dist/node/chunks/config.js:21693:13)
    at IncomingMessage.<anonymous> (file:///C:/Users/NAKULSHARMA/Downloads/developmentsync-main/frontend/node_modules/vite/dist/node/chunks/config.js:21702:6)
    at IncomingMessage.emit (node:events:509:28)
[2m3:59:17 pm[22m [31m[1m[vite][22m[39m [31mws proxy socket error:[39m
Error: write ECONNABORTED
    at afterWriteDispatched (node:internal/stream_base_commons:159:15)
    at writeGeneric (node:internal/stream_base_commons:150:3)
    at Socket._writeGeneric (node:net:1025:11)
    at Socket._write (node:net:1037:8)
    at writeOrBuffer (node:internal/streams/writable:570:12)
    at _write (node:internal/streams/writable:499:10)
    at Writable.write (node:internal/streams/writable:508:10)
    at writeChunk (file:///C:/Users/NAKULSHARMA/Downloads/developmentsync-main/frontend/node_modules/vite/dist/node/chunks/config.js:21693:13)
    at IncomingMessage.<anonymous> (file:///C:/Users/NAKULSHARMA/Downloads/developmentsync-main/frontend/node_modules/vite/dist/node/chunks/config.js:21702:6)
    at IncomingMessage.emit (node:events:509:28)
[2m3:59:22 pm[22m [31m[1m[vite][22m[39m [31mws proxy error:[39m
Error: write ECONNABORTED
    at afterWriteDispatched (node:internal/stream_base_commons:159:15)
    at writeGeneric (node:internal/stream_base_commons:150:3)
    at Socket._writeGeneric (node:net:1025:11)
    at Socket._write (node:net:1037:8)
    at writeOrBuffer (node:internal/streams/writable:570:12)
    at _write (node:internal/streams/writable:499:10)
    at Writable.write (node:internal/streams/writable:508:10)
    at writeChunk (file:///C:/Users/NAKULSHARMA/Downloads/developmentsync-main/frontend/node_modules/vite/dist/node/chunks/config.js:21695:13)
    at IncomingMessage.<anonymous> (file:///C:/Users/NAKULSHARMA/Downloads/developmentsync-main/frontend/node_modules/vite/dist/node/chunks/config.js:21702:6)
    at IncomingMessage.emit (node:events:509:28)
[2m3:59:22 pm[22m [31m[1m[vite][22m[39m [31mws proxy socket error:[39m
Error: write ECONNABORTED
    at afterWriteDispatched (node:internal/stream_base_commons:159:15)
    at writeGeneric (node:internal/stream_base_commons:150:3)
    at Socket._writeGeneric (node:net:1025:11)
    at Socket._write (node:net:1037:8)
    at writeOrBuffer (node:internal/streams/writable:570:12)
    at _write (node:internal/streams/writable:499:10)
    at Writable.write (node:internal/streams/writable:508:10)
    at writeChunk (file:///C:/Users/NAKULSHARMA/Downloads/developmentsync-main/frontend/node_modules/vite/dist/node/chunks/config.js:21695:13)
    at IncomingMessage.<anonymous> (file:///C:/Users/NAKULSHARMA/Downloads/developmentsync-main/frontend/node_modules/vite/dist/node/chunks/config.js:21702:6)
    at IncomingMessage.emit (node:events:509:28)
[2m3:59:28 pm[22m [31m[1m[vite][22m[39m [31mws proxy error:[39m
Error: write ECONNABORTED
    at afterWriteDispatched (node:internal/stream_base_commons:159:15)
    at writeGeneric (node:internal/stream_base_commons:150:3)
    at Socket._writeGeneric (node:net:1025:11)
    at Socket._write (node:net:1037:8)
    at writeOrBuffer (node:internal/streams/writable:570:12)
    at _write (node:internal/streams/writable:499:10)
    at Writable.write (node:internal/streams/writable:508:10)
    at writeChunk (file:///C:/Users/NAKULSHARMA/Downloads/developmentsync-main/frontend/node_modules/vite/dist/node/chunks/config.js:21693:13)
    at IncomingMessage.<anonymous> (file:///C:/Users/NAKULSHARMA/Downloads/developmentsync-main/frontend/node_modules/vite/dist/node/chunks/config.js:21702:6)
    at IncomingMessage.emit (node:events:509:28)
[2m3:59:28 pm[22m [31m[1m[vite][22m[39m [31mws proxy socket error:[39m
Error: write ECONNABORTED
    at afterWriteDispatched (node:internal/stream_base_commons:159:15)
    at writeGeneric (node:internal/stream_base_commons:150:3)
    at Socket._writeGeneric (node:net:1025:11)
    at Socket._write (node:net:1037:8)
    at writeOrBuffer (node:internal/streams/writable:570:12)
    at _write (node:internal/streams/writable:499:10)
    at Writable.write (node:internal/streams/writable:508:10)
    at writeChunk (file:///C:/Users/NAKULSHARMA/Downloads/developmentsync-main/frontend/node_modules/vite/dist/node/chunks/config.js:21693:13)
    at IncomingMessage.<anonymous> (file:///C:/Users/NAKULSHARMA/Downloads/developmentsync-main/frontend/node_modules/vite/dist/node/chunks/config.js:21702:6)
    at IncomingMessage.emit (node:events:509:28)
[2m3:59:32 pm[22m [31m[1m[vite][22m[39m [31mws proxy error:[39m
Error: write ECONNABORTED
    at afterWriteDispatched (node:internal/stream_base_commons:159:15)
    at writeGeneric (node:internal/stream_base_commons:150:3)
    at Socket._writeGeneric (node:net:1025:11)
    at Socket._write (node:net:1037:8)
    at writeOrBuffer (node:internal/streams/writable:570:12)
    at _write (node:internal/streams/writable:499:10)
    at Writable.write (node:internal/streams/writable:508:10)
    at writeChunk (file:///C:/Users/NAKULSHARMA/Downloads/developmentsync-main/frontend/node_modules/vite/dist/node/chunks/config.js:21694:13)
    at IncomingMessage.<anonymous> (file:///C:/Users/NAKULSHARMA/Downloads/developmentsync-main/frontend/node_modules/vite/dist/node/chunks/config.js:21702:6)
    at IncomingMessage.emit (node:events:509:28)
[2m3:59:32 pm[22m [31m[1m[vite][22m[39m [31mws proxy socket error:[39m
Error: write ECONNABORTED
    at afterWriteDispatched (node:internal/stream_base_commons:159:15)
    at writeGeneric (node:internal/stream_base_commons:150:3)
    at Socket._writeGeneric (node:net:1025:11)
    at Socket._write (node:net:1037:8)
    at writeOrBuffer (node:internal/streams/writable:570:12)
    at _write (node:internal/streams/writable:499:10)
    at Writable.write (node:internal/streams/writable:508:10)
    at writeChunk (file:///C:/Users/NAKULSHARMA/Downloads/developmentsync-main/frontend/node_modules/vite/dist/node/chunks/config.js:21694:13)
    at IncomingMessage.<anonymous> (file:///C:/Users/NAKULSHARMA/Downloads/developmentsync-main/frontend/node_modules/vite/dist/node/chunks/config.js:21702:6)
    at IncomingMessage.emit (node:events:509:28)
[2m3:59:36 pm[22m [31m[1m[vite][22m[39m [31mws proxy error:[39m
Error: write ECONNABORTED
    at afterWriteDispatched (node:internal/stream_base_commons:159:15)
    at writeGeneric (node:internal/stream_base_commons:150:3)
    at Socket._writeGeneric (node:net:1025:11)
    at Socket._write (node:net:1037:8)
    at writeOrBuffer (node:internal/streams/writable:570:12)
    at _write (node:internal/streams/writable:499:10)
    at Writable.write (node:internal/streams/writable:508:10)
    at writeChunk (file:///C:/Users/NAKULSHARMA/Downloads/developmentsync-main/frontend/node_modules/vite/dist/node/chunks/config.js:21694:13)
    at IncomingMessage.<anonymous> (file:///C:/Users/NAKULSHARMA/Downloads/developmentsync-main/frontend/node_modules/vite/dist/node/chunks/config.js:21702:6)
    at IncomingMessage.emit (node:events:509:28)
[2m3:59:36 pm[22m [31m[1m[vite][22m[39m [31mws proxy socket error:[39m
Error: write ECONNABORTED
    at afterWriteDispatched (node:internal/stream_base_commons:159:15)
    at writeGeneric (node:internal/stream_base_commons:150:3)
    at Socket._writeGeneric (node:net:1025:11)
    at Socket._write (node:net:1037:8)
    at writeOrBuffer (node:internal/streams/writable:570:12)
    at _write (node:internal/streams/writable:499:10)
    at Writable.write (node:internal/streams/writable:508:10)
    at writeChunk (file:///C:/Users/NAKULSHARMA/Downloads/developmentsync-main/frontend/node_modules/vite/dist/node/chunks/config.js:21694:13)
    at IncomingMessage.<anonymous> (file:///C:/Users/NAKULSHARMA/Downloads/developmentsync-main/frontend/node_modules/vite/dist/node/chunks/config.js:21702:6)
    at IncomingMessage.emit (node:events:509:28)
[2m3:59:41 pm[22m [31m[1m[vite][22m[39m [31mws proxy error:[39m
Error: write ECONNABORTED
    at afterWriteDispatched (node:internal/stream_base_commons:159:15)
    at writeGeneric (node:internal/stream_base_commons:150:3)
    at Socket._writeGeneric (node:net:1025:11)
    at Socket._write (node:net:1037:8)
    at writeOrBuffer (node:internal/streams/writable:570:12)
    at _write (node:internal/streams/writable:499:10)
    at Writable.write (node:internal/streams/writable:508:10)
    at writeChunk (file:///C:/Users/NAKULSHARMA/Downloads/developmentsync-main/frontend/node_modules/vite/dist/node/chunks/config.js:21692:13)
    at IncomingMessage.<anonymous> (file:///C:/Users/NAKULSHARMA/Downloads/developmentsync-main/frontend/node_modules/vite/dist/node/chunks/config.js:21705:6)
    at IncomingMessage.emit (node:events:521:24)
[2m3:59:41 pm[22m [31m[1m[vite][22m[39m [31mws proxy socket error:[39m
Error: write ECONNABORTED
    at afterWriteDispatched (node:internal/stream_base_commons:159:15)
    at writeGeneric (node:internal/stream_base_commons:150:3)
    at Socket._writeGeneric (node:net:1025:11)
    at Socket._write (node:net:1037:8)
    at writeOrBuffer (node:internal/streams/writable:570:12)
    at _write (node:internal/streams/writable:499:10)
    at Writable.write (node:internal/streams/writable:508:10)
    at writeChunk (file:///C:/Users/NAKULSHARMA/Downloads/developmentsync-main/frontend/node_modules/vite/dist/node/chunks/config.js:21692:13)
    at IncomingMessage.<anonymous> (file:///C:/Users/NAKULSHARMA/Downloads/developmentsync-main/frontend/node_modules/vite/dist/node/chunks/config.js:21705:6)
    at IncomingMessage.emit (node:events:521:24)
[2m3:59:45 pm[22m [31m[1m[vite][22m[39m [31mws proxy error:[39m
Error: write ECONNABORTED
    at afterWriteDispatched (node:internal/stream_base_commons:159:15)
    at writeGeneric (node:internal/stream_base_commons:150:3)
    at Socket._writeGeneric (node:net:1025:11)
    at Socket._write (node:net:1037:8)
    at writeOrBuffer (node:internal/streams/writable:570:12)
    at _write (node:internal/streams/writable:499:10)
    at Writable.write (node:internal/streams/writable:508:10)
    at writeChunk (file:///C:/Users/NAKULSHARMA/Downloads/developmentsync-main/frontend/node_modules/vite/dist/node/chunks/config.js:21693:13)
    at IncomingMessage.<anonymous> (file:///C:/Users/NAKULSHARMA/Downloads/developmentsync-main/frontend/node_modules/vite/dist/node/chunks/config.js:21702:6)
    at IncomingMessage.emit (node:events:509:28)
[2m3:59:45 pm[22m [31m[1m[vite][22m[39m [31mws proxy socket error:[39m
Error: write ECONNABORTED
    at afterWriteDispatched (node:internal/stream_base_commons:159:15)
    at writeGeneric (node:internal/stream_base_commons:150:3)
    at Socket._writeGeneric (node:net:1025:11)
    at Socket._write (node:net:1037:8)
    at writeOrBuffer (node:internal/streams/writable:570:12)
    at _write (node:internal/streams/writable:499:10)
    at Writable.write (node:internal/streams/writable:508:10)
    at writeChunk (file:///C:/Users/NAKULSHARMA/Downloads/developmentsync-main/frontend/node_modules/vite/dist/node/chunks/config.js:21693:13)
    at IncomingMessage.<anonymous> (file:///C:/Users/NAKULSHARMA/Downloads/developmentsync-main/frontend/node_modules/vite/dist/node/chunks/config.js:21702:6)
    at IncomingMessage.emit (node:events:509:28)
[2m3:59:52 pm[22m [31m[1m[vite][22m[39m [31mws proxy error:[39m
Error: write ECONNABORTED
    at afterWriteDispatched (node:internal/stream_base_commons:159:15)
    at writeGeneric (node:internal/stream_base_commons:150:3)
    at Socket._writeGeneric (node:net:1025:11)
    at Socket._write (node:net:1037:8)
    at writeOrBuffer (node:internal/streams/writable:570:12)
    at _write (node:internal/streams/writable:499:10)
    at Writable.write (node:internal/streams/writable:508:10)
    at writeChunk (file:///C:/Users/NAKULSHARMA/Downloads/developmentsync-main/frontend/node_modules/vite/dist/node/chunks/config.js:21692:13)
    at IncomingMessage.<anonymous> (file:///C:/Users/NAKULSHARMA/Downloads/developmentsync-main/frontend/node_modules/vite/dist/node/chunks/config.js:21705:6)
    at IncomingMessage.emit (node:events:521:24)
[2m3:59:52 pm[22m [31m[1m[vite][22m[39m [31mws proxy socket error:[39m
Error: write ECONNABORTED
    at afterWriteDispatched (node:internal/stream_base_commons:159:15)
    at writeGeneric (node:internal/stream_base_commons:150:3)
    at Socket._writeGeneric (node:net:1025:11)
    at Socket._write (node:net:1037:8)
    at writeOrBuffer (node:internal/streams/writable:570:12)
    at _write (node:internal/streams/writable:499:10)
    at Writable.write (node:internal/streams/writable:508:10)
    at writeChunk (file:///C:/Users/NAKULSHARMA/Downloads/developmentsync-main/frontend/node_modules/vite/dist/node/chunks/config.js:21692:13)
    at IncomingMessage.<anonymous> (file:///C:/Users/NAKULSHARMA/Downloads/developmentsync-main/frontend/node_modules/vite/dist/node/chunks/config.js:21705:6)
    at IncomingMessage.emit (node:events:521:24)
[2m3:59:58 pm[22m [31m[1m[vite][22m[39m [31mws proxy error:[39m
Error: write ECONNABORTED
    at afterWriteDispatched (node:internal/stream_base_commons:159:15)
    at writeGeneric (node:internal/stream_base_commons:150:3)
    at Socket._writeGeneric (node:net:1025:11)
    at Socket._write (node:net:1037:8)
    at writeOrBuffer (node:internal/streams/writable:570:12)
    at _write (node:internal/streams/writable:499:10)
    at Writable.write (node:internal/streams/writable:508:10)
    at writeChunk (file:///C:/Users/NAKULSHARMA/Downloads/developmentsync-main/frontend/node_modules/vite/dist/node/chunks/config.js:21692:13)
    at IncomingMessage.<anonymous> (file:///C:/Users/NAKULSHARMA/Downloads/developmentsync-main/frontend/node_modules/vite/dist/node/chunks/config.js:21705:6)
    at IncomingMessage.emit (node:events:521:24)
[2m3:59:58 pm[22m [31m[1m[vite][22m[39m [31mws proxy socket error:[39m
Error: write ECONNABORTED
    at afterWriteDispatched (node:internal/stream_base_commons:159:15)
    at writeGeneric (node:internal/stream_base_commons:150:3)
    at Socket._writeGeneric (node:net:1025:11)
    at Socket._write (node:net:1037:8)
    at writeOrBuffer (node:internal/streams/writable:570:12)
    at _write (node:internal/streams/writable:499:10)
    at Writable.write (node:internal/streams/writable:508:10)
    at writeChunk (file:///C:/Users/NAKULSHARMA/Downloads/developmentsync-main/frontend/node_modules/vite/dist/node/chunks/config.js:21692:13)
    at IncomingMessage.<anonymous> (file:///C:/Users/NAKULSHARMA/Downloads/developmentsync-main/frontend/node_modules/vite/dist/node/chunks/config.js:21705:6)
    at IncomingMessage.emit (node:events:521:24)
[2m4:00:04 pm[22m [31m[1m[vite][22m[39m [31mws proxy error:[39m
Error: write ECONNABORTED
    at afterWriteDispatched (node:internal/stream_base_commons:159:15)
    at writeGeneric (node:internal/stream_base_commons:150:3)
    at Socket._writeGeneric (node:net:1025:11)
    at Socket._write (node:net:1037:8)
    at writeOrBuffer (node:internal/streams/writable:570:12)
    at _write (node:internal/streams/writable:499:10)
    at Writable.write (node:internal/streams/writable:508:10)
    at writeChunk (file:///C:/Users/NAKULSHARMA/Downloads/developmentsync-main/frontend/node_modules/vite/dist/node/chunks/config.js:21693:13)
    at IncomingMessage.<anonymous> (file:///C:/Users/NAKULSHARMA/Downloads/developmentsync-main/frontend/node_modules/vite/dist/node/chunks/config.js:21702:6)
    at IncomingMessage.emit (node:events:509:28)
[2m4:00:04 pm[22m [31m[1m[vite][22m[39m [31mws proxy socket error:[39m
Error: write ECONNABORTED
    at afterWriteDispatched (node:internal/stream_base_commons:159:15)
    at writeGeneric (node:internal/stream_base_commons:150:3)
    at Socket._writeGeneric (node:net:1025:11)
    at Socket._write (node:net:1037:8)
    at writeOrBuffer (node:internal/streams/writable:570:12)
    at _write (node:internal/streams/writable:499:10)
    at Writable.write (node:internal/streams/writable:508:10)
    at writeChunk (file:///C:/Users/NAKULSHARMA/Downloads/developmentsync-main/frontend/node_modules/vite/dist/node/chunks/config.js:21693:13)
    at IncomingMessage.<anonymous> (file:///C:/Users/NAKULSHARMA/Downloads/developmentsync-main/frontend/node_modules/vite/dist/node/chunks/config.js:21702:6)
    at IncomingMessage.emit (node:events:509:28)
[2m4:00:08 pm[22m [31m[1m[vite][22m[39m [31mws proxy error:[39m
Error: write ECONNABORTED
    at afterWriteDispatched (node:internal/stream_base_commons:159:15)
    at writeGeneric (node:internal/stream_base_commons:150:3)
    at Socket._writeGeneric (node:net:1025:11)
    at Socket._write (node:net:1037:8)
    at writeOrBuffer (node:internal/streams/writable:570:12)
    at _write (node:internal/streams/writable:499:10)
    at Writable.write (node:internal/streams/writable:508:10)
    at writeChunk (file:///C:/Users/NAKULSHARMA/Downloads/developmentsync-main/frontend/node_modules/vite/dist/node/chunks/config.js:21692:13)
    at IncomingMessage.<anonymous> (file:///C:/Users/NAKULSHARMA/Downloads/developmentsync-main/frontend/node_modules/vite/dist/node/chunks/config.js:21705:6)
    at IncomingMessage.emit (node:events:521:24)
[2m4:00:08 pm[22m [31m[1m[vite][22m[39m [31mws proxy socket error:[39m
Error: write ECONNABORTED
    at afterWriteDispatched (node:internal/stream_base_commons:159:15)
    at writeGeneric (node:internal/stream_base_commons:150:3)
    at Socket._writeGeneric (node:net:1025:11)
    at Socket._write (node:net:1037:8)
    at writeOrBuffer (node:internal/streams/writable:570:12)
    at _write (node:internal/streams/writable:499:10)
    at Writable.write (node:internal/streams/writable:508:10)
    at writeChunk (file:///C:/Users/NAKULSHARMA/Downloads/developmentsync-main/frontend/node_modules/vite/dist/node/chunks/config.js:21692:13)
    at IncomingMessage.<anonymous> (file:///C:/Users/NAKULSHARMA/Downloads/developmentsync-main/frontend/node_modules/vite/dist/node/chunks/config.js:21705:6)
    at IncomingMessage.emit (node:events:521:24)
[2m4:00:14 pm[22m [31m[1m[vite][22m[39m [31mws proxy error:[39m
Error: write ECONNABORTED
    at afterWriteDispatched (node:internal/stream_base_commons:159:15)
    at writeGeneric (node:internal/stream_base_commons:150:3)
    at Socket._writeGeneric (node:net:1025:11)
    at Socket._write (node:net:1037:8)
    at writeOrBuffer (node:internal/streams/writable:570:12)
    at _write (node:internal/streams/writable:499:10)
    at Writable.write (node:internal/streams/writable:508:10)
    at writeChunk (file:///C:/Users/NAKULSHARMA/Downloads/developmentsync-main/frontend/node_modules/vite/dist/node/chunks/config.js:21693:13)
    at IncomingMessage.<anonymous> (file:///C:/Users/NAKULSHARMA/Downloads/developmentsync-main/frontend/node_modules/vite/dist/node/chunks/config.js:21702:6)
    at IncomingMessage.emit (node:events:509:28)
[2m4:00:14 pm[22m [31m[1m[vite][22m[39m [31mws proxy socket error:[39m
Error: write ECONNABORTED
    at afterWriteDispatched (node:internal/stream_base_commons:159:15)
    at writeGeneric (node:internal/stream_base_commons:150:3)
    at Socket._writeGeneric (node:net:1025:11)
    at Socket._write (node:net:1037:8)
    at writeOrBuffer (node:internal/streams/writable:570:12)
    at _write (node:internal/streams/writable:499:10)
    at Writable.write (node:internal/streams/writable:508:10)
    at writeChunk (file:///C:/Users/NAKULSHARMA/Downloads/developmentsync-main/frontend/node_modules/vite/dist/node/chunks/config.js:21693:13)
    at IncomingMessage.<anonymous> (file:///C:/Users/NAKULSHARMA/Downloads/developmentsync-main/frontend/node_modules/vite/dist/node/chunks/config.js:21702:6)
    at IncomingMessage.emit (node:events:509:28)
[2m4:00:24 pm[22m [31m[1m[vite][22m[39m [31mws proxy error:[39m
Error: write ECONNABORTED
    at afterWriteDispatched (node:internal/stream_base_commons:159:15)
    at writeGeneric (node:internal/stream_base_commons:150:3)
    at Socket._writeGeneric (node:net:1025:11)
    at Socket._write (node:net:1037:8)
    at writeOrBuffer (node:internal/streams/writable:570:12)
    at _write (node:internal/streams/writable:499:10)
    at Writable.write (node:internal/streams/writable:508:10)
    at writeChunk (file:///C:/Users/NAKULSHARMA/Downloads/developmentsync-main/frontend/node_modules/vite/dist/node/chunks/config.js:21692:13)
    at IncomingMessage.<anonymous> (file:///C:/Users/NAKULSHARMA/Downloads/developmentsync-main/frontend/node_modules/vite/dist/node/chunks/config.js:21705:6)
    at IncomingMessage.emit (node:events:521:24)
[2m4:00:24 pm[22m [31m[1m[vite][22m[39m [31mws proxy socket error:[39m
Error: write ECONNABORTED
    at afterWriteDispatched (node:internal/stream_base_commons:159:15)
    at writeGeneric (node:internal/stream_base_commons:150:3)
    at Socket._writeGeneric (node:net:1025:11)
    at Socket._write (node:net:1037:8)
    at writeOrBuffer (node:internal/streams/writable:570:12)
    at _write (node:internal/streams/writable:499:10)
    at Writable.write (node:internal/streams/writable:508:10)
    at writeChunk (file:///C:/Users/NAKULSHARMA/Downloads/developmentsync-main/frontend/node_modules/vite/dist/node/chunks/config.js:21692:13)
    at IncomingMessage.<anonymous> (file:///C:/Users/NAKULSHARMA/Downloads/developmentsync-main/frontend/node_modules/vite/dist/node/chunks/config.js:21705:6)
    at IncomingMessage.emit (node:events:521:24)
[2m4:00:31 pm[22m [31m[1m[vite][22m[39m [31mws proxy error:[39m
Error: write ECONNABORTED
    at afterWriteDispatched (node:internal/stream_base_commons:159:15)
    at writeGeneric (node:internal/stream_base_commons:150:3)
    at Socket._writeGeneric (node:net:1025:11)
    at Socket._write (node:net:1037:8)
    at writeOrBuffer (node:internal/streams/writable:570:12)
    at _write (node:internal/streams/writable:499:10)
    at Writable.write (node:internal/streams/writable:508:10)
    at writeChunk (file:///C:/Users/NAKULSHARMA/Downloads/developmentsync-main/frontend/node_modules/vite/dist/node/chunks/config.js:21693:13)
    at IncomingMessage.<anonymous> (file:///C:/Users/NAKULSHARMA/Downloads/developmentsync-main/frontend/node_modules/vite/dist/node/chunks/config.js:21702:6)
    at IncomingMessage.emit (node:events:509:28)
[2m4:00:31 pm[22m [31m[1m[vite][22m[39m [31mws proxy socket error:[39m
Error: write ECONNABORTED
    at afterWriteDispatched (node:internal/stream_base_commons:159:15)
    at writeGeneric (node:internal/stream_base_commons:150:3)
    at Socket._writeGeneric (node:net:1025:11)
    at Socket._write (node:net:1037:8)
    at writeOrBuffer (node:internal/streams/writable:570:12)
    at _write (node:internal/streams/writable:499:10)
    at Writable.write (node:internal/streams/writable:508:10)
    at writeChunk (file:///C:/Users/NAKULSHARMA/Downloads/developmentsync-main/frontend/node_modules/vite/dist/node/chunks/config.js:21693:13)
    at IncomingMessage.<anonymous> (file:///C:/Users/NAKULSHARMA/Downloads/developmentsync-main/frontend/node_modules/vite/dist/node/chunks/config.js:21702:6)
    at IncomingMessage.emit (node:events:509:28)
[2m4:00:36 pm[22m [31m[1m[vite][22m[39m [31mws proxy error:[39m
Error: write ECONNABORTED
    at afterWriteDispatched (node:internal/stream_base_commons:159:15)
    at writeGeneric (node:internal/stream_base_commons:150:3)
    at Socket._writeGeneric (node:net:1025:11)
    at Socket._write (node:net:1037:8)
    at writeOrBuffer (node:internal/streams/writable:570:12)
    at _write (node:internal/streams/writable:499:10)
    at Writable.write (node:internal/streams/writable:508:10)
    at writeChunk (file:///C:/Users/NAKULSHARMA/Downloads/developmentsync-main/frontend/node_modules/vite/dist/node/chunks/config.js:21692:13)
    at IncomingMessage.<anonymous> (file:///C:/Users/NAKULSHARMA/Downloads/developmentsync-main/frontend/node_modules/vite/dist/node/chunks/config.js:21705:6)
    at IncomingMessage.emit (node:events:521:24)
[2m4:00:36 pm[22m [31m[1m[vite][22m[39m [31mws proxy socket error:[39m
Error: write ECONNABORTED
    at afterWriteDispatched (node:internal/stream_base_commons:159:15)
    at writeGeneric (node:internal/stream_base_commons:150:3)
    at Socket._writeGeneric (node:net:1025:11)
    at Socket._write (node:net:1037:8)
    at writeOrBuffer (node:internal/streams/writable:570:12)
    at _write (node:internal/streams/writable:499:10)
    at Writable.write (node:internal/streams/writable:508:10)
    at writeChunk (file:///C:/Users/NAKULSHARMA/Downloads/developmentsync-main/frontend/node_modules/vite/dist/node/chunks/config.js:21692:13)
    at IncomingMessage.<anonymous> (file:///C:/Users/NAKULSHARMA/Downloads/developmentsync-main/frontend/node_modules/vite/dist/node/chunks/config.js:21705:6)
    at IncomingMessage.emit (node:events:521:24)
[2m4:00:38 pm[22m [31m[1m[vite][22m[39m [31mws proxy error:[39m
Error: write ECONNABORTED
    at afterWriteDispatched (node:internal/stream_base_commons:159:15)
    at writeGeneric (node:internal/stream_base_commons:150:3)
    at Socket._writeGeneric (node:net:1025:11)
    at Socket._write (node:net:1037:8)
    at writeOrBuffer (node:internal/streams/writable:570:12)
    at _write (node:internal/streams/writable:499:10)
    at Writable.write (node:internal/streams/writable:508:10)
    at writeChunk (file:///C:/Users/NAKULSHARMA/Downloads/developmentsync-main/frontend/node_modules/vite/dist/node/chunks/config.js:21693:13)
    at IncomingMessage.<anonymous> (file:///C:/Users/NAKULSHARMA/Downloads/developmentsync-main/frontend/node_modules/vite/dist/node/chunks/config.js:21702:6)
    at IncomingMessage.emit (node:events:509:28)
[2m4:00:38 pm[22m [31m[1m[vite][22m[39m [31mws proxy socket error:[39m
Error: write ECONNABORTED
    at afterWriteDispatched (node:internal/stream_base_commons:159:15)
    at writeGeneric (node:internal/stream_base_commons:150:3)
    at Socket._writeGeneric (node:net:1025:11)
    at Socket._write (node:net:1037:8)
    at writeOrBuffer (node:internal/streams/writable:570:12)
    at _write (node:internal/streams/writable:499:10)
    at Writable.write (node:internal/streams/writable:508:10)
    at writeChunk (file:///C:/Users/NAKULSHARMA/Downloads/developmentsync-main/frontend/node_modules/vite/dist/node/chunks/config.js:21693:13)
    at IncomingMessage.<anonymous> (file:///C:/Users/NAKULSHARMA/Downloads/developmentsync-main/frontend/node_modules/vite/dist/node/chunks/config.js:21702:6)
    at IncomingMessage.emit (node:events:509:28)
[2m4:00:40 pm[22m [31m[1m[vite][22m[39m [31mws proxy error:[39m
Error: write ECONNABORTED
    at afterWriteDispatched (node:internal/stream_base_commons:159:15)
    at writeGeneric (node:internal/stream_base_commons:150:3)
    at Socket._writeGeneric (node:net:1025:11)
    at Socket._write (node:net:1037:8)
    at writeOrBuffer (node:internal/streams/writable:570:12)
    at _write (node:internal/streams/writable:499:10)
    at Writable.write (node:internal/streams/writable:508:10)
    at writeChunk (file:///C:/Users/NAKULSHARMA/Downloads/developmentsync-main/frontend/node_modules/vite/dist/node/chunks/config.js:21692:13)
    at IncomingMessage.<anonymous> (file:///C:/Users/NAKULSHARMA/Downloads/developmentsync-main/frontend/node_modules/vite/dist/node/chunks/config.js:21705:6)
    at IncomingMessage.emit (node:events:521:24)
[2m4:00:40 pm[22m [31m[1m[vite][22m[39m [31mws proxy socket error:[39m
Error: write ECONNABORTED
    at afterWriteDispatched (node:internal/stream_base_commons:159:15)
    at writeGeneric (node:internal/stream_base_commons:150:3)
    at Socket._writeGeneric (node:net:1025:11)
    at Socket._write (node:net:1037:8)
    at writeOrBuffer (node:internal/streams/writable:570:12)
    at _write (node:internal/streams/writable:499:10)
    at Writable.write (node:internal/streams/writable:508:10)
    at writeChunk (file:///C:/Users/NAKULSHARMA/Downloads/developmentsync-main/frontend/node_modules/vite/dist/node/chunks/config.js:21692:13)
    at IncomingMessage.<anonymous> (file:///C:/Users/NAKULSHARMA/Downloads/developmentsync-main/frontend/node_modules/vite/dist/node/chunks/config.js:21705:6)
    at IncomingMessage.emit (node:events:521:24)
[2m4:00:42 pm[22m [31m[1m[vite][22m[39m [31mws proxy error:[39m
Error: write ECONNABORTED
    at afterWriteDispatched (node:internal/stream_base_commons:159:15)
    at writeGeneric (node:internal/stream_base_commons:150:3)
    at Socket._writeGeneric (node:net:1025:11)
    at Socket._write (node:net:1037:8)
    at writeOrBuffer (node:internal/streams/writable:570:12)
    at _write (node:internal/streams/writable:499:10)
    at Writable.write (node:internal/streams/writable:508:10)
    at writeChunk (file:///C:/Users/NAKULSHARMA/Downloads/developmentsync-main/frontend/node_modules/vite/dist/node/chunks/config.js:21692:13)
    at IncomingMessage.<anonymous> (file:///C:/Users/NAKULSHARMA/Downloads/developmentsync-main/frontend/node_modules/vite/dist/node/chunks/config.js:21705:6)
    at IncomingMessage.emit (node:events:521:24)
[2m4:00:42 pm[22m [31m[1m[vite][22m[39m [31mws proxy socket error:[39m
Error: write ECONNABORTED
    at afterWriteDispatched (node:internal/stream_base_commons:159:15)
    at writeGeneric (node:internal/stream_base_commons:150:3)
    at Socket._writeGeneric (node:net:1025:11)
    at Socket._write (node:net:1037:8)
    at writeOrBuffer (node:internal/streams/writable:570:12)
    at _write (node:internal/streams/writable:499:10)
    at Writable.write (node:internal/streams/writable:508:10)
    at writeChunk (file:///C:/Users/NAKULSHARMA/Downloads/developmentsync-main/frontend/node_modules/vite/dist/node/chunks/config.js:21692:13)
    at IncomingMessage.<anonymous> (file:///C:/Users/NAKULSHARMA/Downloads/developmentsync-main/frontend/node_modules/vite/dist/node/chunks/config.js:21705:6)
    at IncomingMessage.emit (node:events:521:24)
[2m4:00:44 pm[22m [31m[1m[vite][22m[39m [31mws proxy error:[39m
Error: write ECONNABORTED
    at afterWriteDispatched (node:internal/stream_base_commons:159:15)
    at writeGeneric (node:internal/stream_base_commons:150:3)
    at Socket._writeGeneric (node:net:1025:11)
    at Socket._write (node:net:1037:8)
    at writeOrBuffer (node:internal/streams/writable:570:12)
    at _write (node:internal/streams/writable:499:10)
    at Writable.write (node:internal/streams/writable:508:10)
    at writeChunk (file:///C:/Users/NAKULSHARMA/Downloads/developmentsync-main/frontend/node_modules/vite/dist/node/chunks/config.js:21693:13)
    at IncomingMessage.<anonymous> (file:///C:/Users/NAKULSHARMA/Downloads/developmentsync-main/frontend/node_modules/vite/dist/node/chunks/config.js:21702:6)
    at IncomingMessage.emit (node:events:509:28)
[2m4:00:44 pm[22m [31m[1m[vite][22m[39m [31mws proxy socket error:[39m
Error: write ECONNABORTED
    at afterWriteDispatched (node:internal/stream_base_commons:159:15)
    at writeGeneric (node:internal/stream_base_commons:150:3)
    at Socket._writeGeneric (node:net:1025:11)
    at Socket._write (node:net:1037:8)
    at writeOrBuffer (node:internal/streams/writable:570:12)
    at _write (node:internal/streams/writable:499:10)
    at Writable.write (node:internal/streams/writable:508:10)
    at writeChunk (file:///C:/Users/NAKULSHARMA/Downloads/developmentsync-main/frontend/node_modules/vite/dist/node/chunks/config.js:21693:13)
    at IncomingMessage.<anonymous> (file:///C:/Users/NAKULSHARMA/Downloads/developmentsync-main/frontend/node_modules/vite/dist/node/chunks/config.js:21702:6)
    at IncomingMessage.emit (node:events:509:28)
[2m4:00:46 pm[22m [31m[1m[vite][22m[39m [31mws proxy error:[39m
Error: write ECONNABORTED
    at afterWriteDispatched (node:internal/stream_base_commons:159:15)
    at writeGeneric (node:internal/stream_base_commons:150:3)
    at Socket._writeGeneric (node:net:1025:11)
    at Socket._write (node:net:1037:8)
    at writeOrBuffer (node:internal/streams/writable:570:12)
    at _write (node:internal/streams/writable:499:10)
    at Writable.write (node:internal/streams/writable:508:10)
    at writeChunk (file:///C:/Users/NAKULSHARMA/Downloads/developmentsync-main/frontend/node_modules/vite/dist/node/chunks/config.js:21692:13)
    at IncomingMessage.<anonymous> (file:///C:/Users/NAKULSHARMA/Downloads/developmentsync-main/frontend/node_modules/vite/dist/node/chunks/config.js:21705:6)
    at IncomingMessage.emit (node:events:521:24)
[2m4:00:47 pm[22m [31m[1m[vite][22m[39m [31mws proxy socket error:[39m
Error: write ECONNABORTED
    at afterWriteDispatched (node:internal/stream_base_commons:159:15)
    at writeGeneric (node:internal/stream_base_commons:150:3)
    at Socket._writeGeneric (node:net:1025:11)
    at Socket._write (node:net:1037:8)
    at writeOrBuffer (node:internal/streams/writable:570:12)
    at _write (node:internal/streams/writable:499:10)
    at Writable.write (node:internal/streams/writable:508:10)
    at writeChunk (file:///C:/Users/NAKULSHARMA/Downloads/developmentsync-main/frontend/node_modules/vite/dist/node/chunks/config.js:21692:13)
    at IncomingMessage.<anonymous> (file:///C:/Users/NAKULSHARMA/Downloads/developmentsync-main/frontend/node_modules/vite/dist/node/chunks/config.js:21705:6)
    at IncomingMessage.emit (node:events:521:24)
[2m4:00:49 pm[22m [31m[1m[vite][22m[39m [31mws proxy error:[39m
Error: write ECONNABORTED
    at afterWriteDispatched (node:internal/stream_base_commons:159:15)
    at writeGeneric (node:internal/stream_base_commons:150:3)
    at Socket._writeGeneric (node:net:1025:11)
    at Socket._write (node:net:1037:8)
    at writeOrBuffer (node:internal/streams/writable:570:12)
    at _write (node:internal/streams/writable:499:10)
    at Writable.write (node:internal/streams/writable:508:10)
    at writeChunk (file:///C:/Users/NAKULSHARMA/Downloads/developmentsync-main/frontend/node_modules/vite/dist/node/chunks/config.js:21692:13)
    at IncomingMessage.<anonymous> (file:///C:/Users/NAKULSHARMA/Downloads/developmentsync-main/frontend/node_modules/vite/dist/node/chunks/config.js:21705:6)
    at IncomingMessage.emit (node:events:521:24)
[2m4:00:49 pm[22m [31m[1m[vite][22m[39m [31mws proxy socket error:[39m
Error: write ECONNABORTED
    at afterWriteDispatched (node:internal/stream_base_commons:159:15)
    at writeGeneric (node:internal/stream_base_commons:150:3)
    at Socket._writeGeneric (node:net:1025:11)
    at Socket._write (node:net:1037:8)
    at writeOrBuffer (node:internal/streams/writable:570:12)
    at _write (node:internal/streams/writable:499:10)
    at Writable.write (node:internal/streams/writable:508:10)
    at writeChunk (file:///C:/Users/NAKULSHARMA/Downloads/developmentsync-main/frontend/node_modules/vite/dist/node/chunks/config.js:21692:13)
    at IncomingMessage.<anonymous> (file:///C:/Users/NAKULSHARMA/Downloads/developmentsync-main/frontend/node_modules/vite/dist/node/chunks/config.js:21705:6)
    at IncomingMessage.emit (node:events:521:24)
[2m4:00:51 pm[22m [31m[1m[vite][22m[39m [31mws proxy error:[39m
Error: write ECONNABORTED
    at afterWriteDispatched (node:internal/stream_base_commons:159:15)
    at writeGeneric (node:internal/stream_base_commons:150:3)
    at Socket._writeGeneric (node:net:1025:11)
    at Socket._write (node:net:1037:8)
    at writeOrBuffer (node:internal/streams/writable:570:12)
    at _write (node:internal/streams/writable:499:10)
    at Writable.write (node:internal/streams/writable:508:10)
    at writeChunk (file:///C:/Users/NAKULSHARMA/Downloads/developmentsync-main/frontend/node_modules/vite/dist/node/chunks/config.js:21692:13)
    at IncomingMessage.<anonymous> (file:///C:/Users/NAKULSHARMA/Downloads/developmentsync-main/frontend/node_modules/vite/dist/node/chunks/config.js:21705:6)
    at IncomingMessage.emit (node:events:521:24)
[2m4:00:51 pm[22m [31m[1m[vite][22m[39m [31mws proxy socket error:[39m
Error: write ECONNABORTED
    at afterWriteDispatched (node:internal/stream_base_commons:159:15)
    at writeGeneric (node:internal/stream_base_commons:150:3)
    at Socket._writeGeneric (node:net:1025:11)
    at Socket._write (node:net:1037:8)
    at writeOrBuffer (node:internal/streams/writable:570:12)
    at _write (node:internal/streams/writable:499:10)
    at Writable.write (node:internal/streams/writable:508:10)
    at writeChunk (file:///C:/Users/NAKULSHARMA/Downloads/developmentsync-main/frontend/node_modules/vite/dist/node/chunks/config.js:21692:13)
    at IncomingMessage.<anonymous> (file:///C:/Users/NAKULSHARMA/Downloads/developmentsync-main/frontend/node_modules/vite/dist/node/chunks/config.js:21705:6)
    at IncomingMessage.emit (node:events:521:24)
[2m4:00:53 pm[22m [31m[1m[vite][22m[39m [31mws proxy error:[39m
Error: write ECONNABORTED
    at afterWriteDispatched (node:internal/stream_base_commons:159:15)
    at writeGeneric (node:internal/stream_base_commons:150:3)
    at Socket._writeGeneric (node:net:1025:11)
    at Socket._write (node:net:1037:8)
    at writeOrBuffer (node:internal/streams/writable:570:12)
    at _write (node:internal/streams/writable:499:10)
    at Writable.write (node:internal/streams/writable:508:10)
    at writeChunk (file:///C:/Users/NAKULSHARMA/Downloads/developmentsync-main/frontend/node_modules/vite/dist/node/chunks/config.js:21692:13)
    at IncomingMessage.<anonymous> (file:///C:/Users/NAKULSHARMA/Downloads/developmentsync-main/frontend/node_modules/vite/dist/node/chunks/config.js:21705:6)
    at IncomingMessage.emit (node:events:521:24)
[2m4:00:53 pm[22m [31m[1m[vite][22m[39m [31mws proxy socket error:[39m
Error: write ECONNABORTED
    at afterWriteDispatched (node:internal/stream_base_commons:159:15)
    at writeGeneric (node:internal/stream_base_commons:150:3)
    at Socket._writeGeneric (node:net:1025:11)
    at Socket._write (node:net:1037:8)
    at writeOrBuffer (node:internal/streams/writable:570:12)
    at _write (node:internal/streams/writable:499:10)
    at Writable.write (node:internal/streams/writable:508:10)
    at writeChunk (file:///C:/Users/NAKULSHARMA/Downloads/developmentsync-main/frontend/node_modules/vite/dist/node/chunks/config.js:21692:13)
    at IncomingMessage.<anonymous> (file:///C:/Users/NAKULSHARMA/Downloads/developmentsync-main/frontend/node_modules/vite/dist/node/chunks/config.js:21705:6)
    at IncomingMessage.emit (node:events:521:24)
[2m4:00:55 pm[22m [31m[1m[vite][22m[39m [31mws proxy error:[39m
Error: write ECONNABORTED
    at afterWriteDispatched (node:internal/stream_base_commons:159:15)
    at writeGeneric (node:internal/stream_base_commons:150:3)
    at Socket._writeGeneric (node:net:1025:11)
    at Socket._write (node:net:1037:8)
    at writeOrBuffer (node:internal/streams/writable:570:12)
    at _write (node:internal/streams/writable:499:10)
    at Writable.write (node:internal/streams/writable:508:10)
    at writeChunk (file:///C:/Users/NAKULSHARMA/Downloads/developmentsync-main/frontend/node_modules/vite/dist/node/chunks/config.js:21692:13)
    at IncomingMessage.<anonymous> (file:///C:/Users/NAKULSHARMA/Downloads/developmentsync-main/frontend/node_modules/vite/dist/node/chunks/config.js:21705:6)
    at IncomingMessage.emit (node:events:521:24)
[2m4:00:55 pm[22m [31m[1m[vite][22m[39m [31mws proxy socket error:[39m
Error: write ECONNABORTED
    at afterWriteDispatched (node:internal/stream_base_commons:159:15)
    at writeGeneric (node:internal/stream_base_commons:150:3)
    at Socket._writeGeneric (node:net:1025:11)
    at Socket._write (node:net:1037:8)
    at writeOrBuffer (node:internal/streams/writable:570:12)
    at _write (node:internal/streams/writable:499:10)
    at Writable.write (node:internal/streams/writable:508:10)
    at writeChunk (file:///C:/Users/NAKULSHARMA/Downloads/developmentsync-main/frontend/node_modules/vite/dist/node/chunks/config.js:21692:13)
    at IncomingMessage.<anonymous> (file:///C:/Users/NAKULSHARMA/Downloads/developmentsync-main/frontend/node_modules/vite/dist/node/chunks/config.js:21705:6)
    at IncomingMessage.emit (node:events:521:24)
[2m4:00:57 pm[22m [31m[1m[vite][22m[39m [31mws proxy error:[39m
Error: write ECONNABORTED
    at afterWriteDispatched (node:internal/stream_base_commons:159:15)
    at writeGeneric (node:internal/stream_base_commons:150:3)
    at Socket._writeGeneric (node:net:1025:11)
    at Socket._write (node:net:1037:8)
    at writeOrBuffer (node:internal/streams/writable:570:12)
    at _write (node:internal/streams/writable:499:10)
    at Writable.write (node:internal/streams/writable:508:10)
    at writeChunk (file:///C:/Users/NAKULSHARMA/Downloads/developmentsync-main/frontend/node_modules/vite/dist/node/chunks/config.js:21692:13)
    at IncomingMessage.<anonymous> (file:///C:/Users/NAKULSHARMA/Downloads/developmentsync-main/frontend/node_modules/vite/dist/node/chunks/config.js:21705:6)
    at IncomingMessage.emit (node:events:521:24)
[2m4:00:57 pm[22m [31m[1m[vite][22m[39m [31mws proxy socket error:[39m
Error: write ECONNABORTED
    at afterWriteDispatched (node:internal/stream_base_commons:159:15)
    at writeGeneric (node:internal/stream_base_commons:150:3)
    at Socket._writeGeneric (node:net:1025:11)
    at Socket._write (node:net:1037:8)
    at writeOrBuffer (node:internal/streams/writable:570:12)
    at _write (node:internal/streams/writable:499:10)
    at Writable.write (node:internal/streams/writable:508:10)
    at writeChunk (file:///C:/Users/NAKULSHARMA/Downloads/developmentsync-main/frontend/node_modules/vite/dist/node/chunks/config.js:21692:13)
    at IncomingMessage.<anonymous> (file:///C:/Users/NAKULSHARMA/Downloads/developmentsync-main/frontend/node_modules/vite/dist/node/chunks/config.js:21705:6)
    at IncomingMessage.emit (node:events:521:24)
[2m4:00:59 pm[22m [31m[1m[vite][22m[39m [31mws proxy error:[39m
Error: write ECONNABORTED
    at afterWriteDispatched (node:internal/stream_base_commons:159:15)
    at writeGeneric (node:internal/stream_base_commons:150:3)
    at Socket._writeGeneric (node:net:1025:11)
    at Socket._write (node:net:1037:8)
    at writeOrBuffer (node:internal/streams/writable:570:12)
    at _write (node:internal/streams/writable:499:10)
    at Writable.write (node:internal/streams/writable:508:10)
    at writeChunk (file:///C:/Users/NAKULSHARMA/Downloads/developmentsync-main/frontend/node_modules/vite/dist/node/chunks/config.js:21692:13)
    at IncomingMessage.<anonymous> (file:///C:/Users/NAKULSHARMA/Downloads/developmentsync-main/frontend/node_modules/vite/dist/node/chunks/config.js:21705:6)
    at IncomingMessage.emit (node:events:521:24)
[2m4:00:59 pm[22m [31m[1m[vite][22m[39m [31mws proxy socket error:[39m
Error: write ECONNABORTED
    at afterWriteDispatched (node:internal/stream_base_commons:159:15)
    at writeGeneric (node:internal/stream_base_commons:150:3)
    at Socket._writeGeneric (node:net:1025:11)
    at Socket._write (node:net:1037:8)
    at writeOrBuffer (node:internal/streams/writable:570:12)
    at _write (node:internal/streams/writable:499:10)
    at Writable.write (node:internal/streams/writable:508:10)
    at writeChunk (file:///C:/Users/NAKULSHARMA/Downloads/developmentsync-main/frontend/node_modules/vite/dist/node/chunks/config.js:21692:13)
    at IncomingMessage.<anonymous> (file:///C:/Users/NAKULSHARMA/Downloads/developmentsync-main/frontend/node_modules/vite/dist/node/chunks/config.js:21705:6)
    at IncomingMessage.emit (node:events:521:24)
[2m4:01:01 pm[22m [31m[1m[vite][22m[39m [31mws proxy error:[39m
Error: write ECONNABORTED
    at afterWriteDispatched (node:internal/stream_base_commons:159:15)
    at writeGeneric (node:internal/stream_base_commons:150:3)
    at Socket._writeGeneric (node:net:1025:11)
    at Socket._write (node:net:1037:8)
    at writeOrBuffer (node:internal/streams/writable:570:12)
    at _write (node:internal/streams/writable:499:10)
    at Writable.write (node:internal/streams/writable:508:10)
    at writeChunk (file:///C:/Users/NAKULSHARMA/Downloads/developmentsync-main/frontend/node_modules/vite/dist/node/chunks/config.js:21695:13)
    at IncomingMessage.<anonymous> (file:///C:/Users/NAKULSHARMA/Downloads/developmentsync-main/frontend/node_modules/vite/dist/node/chunks/config.js:21702:6)
    at IncomingMessage.emit (node:events:509:28)
[2m4:01:01 pm[22m [31m[1m[vite][22m[39m [31mws proxy socket error:[39m
Error: write ECONNABORTED
    at afterWriteDispatched (node:internal/stream_base_commons:159:15)
    at writeGeneric (node:internal/stream_base_commons:150:3)
    at Socket._writeGeneric (node:net:1025:11)
    at Socket._write (node:net:1037:8)
    at writeOrBuffer (node:internal/streams/writable:570:12)
    at _write (node:internal/streams/writable:499:10)
    at Writable.write (node:internal/streams/writable:508:10)
    at writeChunk (file:///C:/Users/NAKULSHARMA/Downloads/developmentsync-main/frontend/node_modules/vite/dist/node/chunks/config.js:21695:13)
    at IncomingMessage.<anonymous> (file:///C:/Users/NAKULSHARMA/Downloads/developmentsync-main/frontend/node_modules/vite/dist/node/chunks/config.js:21702:6)
    at IncomingMessage.emit (node:events:509:28)
[2m4:01:03 pm[22m [31m[1m[vite][22m[39m [31mws proxy error:[39m
Error: write ECONNABORTED
    at afterWriteDispatched (node:internal/stream_base_commons:159:15)
    at writeGeneric (node:internal/stream_base_commons:150:3)
    at Socket._writeGeneric (node:net:1025:11)
    at Socket._write (node:net:1037:8)
    at writeOrBuffer (node:internal/streams/writable:570:12)
    at _write (node:internal/streams/writable:499:10)
    at Writable.write (node:internal/streams/writable:508:10)
    at writeChunk (file:///C:/Users/NAKULSHARMA/Downloads/developmentsync-main/frontend/node_modules/vite/dist/node/chunks/config.js:21692:13)
    at IncomingMessage.<anonymous> (file:///C:/Users/NAKULSHARMA/Downloads/developmentsync-main/frontend/node_modules/vite/dist/node/chunks/config.js:21705:6)
    at IncomingMessage.emit (node:events:521:24)
[2m4:01:03 pm[22m [31m[1m[vite][22m[39m [31mws proxy socket error:[39m
Error: write ECONNABORTED
    at afterWriteDispatched (node:internal/stream_base_commons:159:15)
    at writeGeneric (node:internal/stream_base_commons:150:3)
    at Socket._writeGeneric (node:net:1025:11)
    at Socket._write (node:net:1037:8)
    at writeOrBuffer (node:internal/streams/writable:570:12)
    at _write (node:internal/streams/writable:499:10)
    at Writable.write (node:internal/streams/writable:508:10)
    at writeChunk (file:///C:/Users/NAKULSHARMA/Downloads/developmentsync-main/frontend/node_modules/vite/dist/node/chunks/config.js:21692:13)
    at IncomingMessage.<anonymous> (file:///C:/Users/NAKULSHARMA/Downloads/developmentsync-main/frontend/node_modules/vite/dist/node/chunks/config.js:21705:6)
    at IncomingMessage.emit (node:events:521:24)
[2m4:01:05 pm[22m [31m[1m[vite][22m[39m [31mws proxy error:[39m
Error: write ECONNABORTED
    at afterWriteDispatched (node:internal/stream_base_commons:159:15)
    at writeGeneric (node:internal/stream_base_commons:150:3)
    at Socket._writeGeneric (node:net:1025:11)
    at Socket._write (node:net:1037:8)
    at writeOrBuffer (node:internal/streams/writable:570:12)
    at _write (node:internal/streams/writable:499:10)
    at Writable.write (node:internal/streams/writable:508:10)
    at writeChunk (file:///C:/Users/NAKULSHARMA/Downloads/developmentsync-main/frontend/node_modules/vite/dist/node/chunks/config.js:21692:13)
    at IncomingMessage.<anonymous> (file:///C:/Users/NAKULSHARMA/Downloads/developmentsync-main/frontend/node_modules/vite/dist/node/chunks/config.js:21705:6)
    at IncomingMessage.emit (node:events:521:24)
[2m4:01:05 pm[22m [31m[1m[vite][22m[39m [31mws proxy socket error:[39m
Error: write ECONNABORTED
    at afterWriteDispatched (node:internal/stream_base_commons:159:15)
    at writeGeneric (node:internal/stream_base_commons:150:3)
    at Socket._writeGeneric (node:net:1025:11)
    at Socket._write (node:net:1037:8)
    at writeOrBuffer (node:internal/streams/writable:570:12)
    at _write (node:internal/streams/writable:499:10)
    at Writable.write (node:internal/streams/writable:508:10)
    at writeChunk (file:///C:/Users/NAKULSHARMA/Downloads/developmentsync-main/frontend/node_modules/vite/dist/node/chunks/config.js:21692:13)
    at IncomingMessage.<anonymous> (file:///C:/Users/NAKULSHARMA/Downloads/developmentsync-main/frontend/node_modules/vite/dist/node/chunks/config.js:21705:6)
    at IncomingMessage.emit (node:events:521:24)
[2m4:01:08 pm[22m [31m[1m[vite][22m[39m [31mws proxy error:[39m
Error: write ECONNABORTED
    at afterWriteDispatched (node:internal/stream_base_commons:159:15)
    at writeGeneric (node:internal/stream_base_commons:150:3)
    at Socket._writeGeneric (node:net:1025:11)
    at Socket._write (node:net:1037:8)
    at writeOrBuffer (node:internal/streams/writable:570:12)
    at _write (node:internal/streams/writable:499:10)
    at Writable.write (node:internal/streams/writable:508:10)
    at writeChunk (file:///C:/Users/NAKULSHARMA/Downloads/developmentsync-main/frontend/node_modules/vite/dist/node/chunks/config.js:21692:13)
    at IncomingMessage.<anonymous> (file:///C:/Users/NAKULSHARMA/Downloads/developmentsync-main/frontend/node_modules/vite/dist/node/chunks/config.js:21705:6)
    at IncomingMessage.emit (node:events:521:24)
[2m4:01:08 pm[22m [31m[1m[vite][22m[39m [31mws proxy socket error:[39m
Error: write ECONNABORTED
    at afterWriteDispatched (node:internal/stream_base_commons:159:15)
    at writeGeneric (node:internal/stream_base_commons:150:3)
    at Socket._writeGeneric (node:net:1025:11)
    at Socket._write (node:net:1037:8)
    at writeOrBuffer (node:internal/streams/writable:570:12)
    at _write (node:internal/streams/writable:499:10)
    at Writable.write (node:internal/streams/writable:508:10)
    at writeChunk (file:///C:/Users/NAKULSHARMA/Downloads/developmentsync-main/frontend/node_modules/vite/dist/node/chunks/config.js:21692:13)
    at IncomingMessage.<anonymous> (file:///C:/Users/NAKULSHARMA/Downloads/developmentsync-main/frontend/node_modules/vite/dist/node/chunks/config.js:21705:6)
    at IncomingMessage.emit (node:events:521:24)
[2m4:01:21 pm[22m [31m[1m[vite][22m[39m [31mws proxy error:[39m
Error: write ECONNABORTED
    at afterWriteDispatched (node:internal/stream_base_commons:159:15)
    at writeGeneric (node:internal/stream_base_commons:150:3)
    at Socket._writeGeneric (node:net:1025:11)
    at Socket._write (node:net:1037:8)
    at writeOrBuffer (node:internal/streams/writable:570:12)
    at _write (node:internal/streams/writable:499:10)
    at Writable.write (node:internal/streams/writable:508:10)
    at writeChunk (file:///C:/Users/NAKULSHARMA/Downloads/developmentsync-main/frontend/node_modules/vite/dist/node/chunks/config.js:21693:13)
    at IncomingMessage.<anonymous> (file:///C:/Users/NAKULSHARMA/Downloads/developmentsync-main/frontend/node_modules/vite/dist/node/chunks/config.js:21705:6)
    at IncomingMessage.emit (node:events:521:24)
[2m4:01:21 pm[22m [31m[1m[vite][22m[39m [31mws proxy socket error:[39m
Error: write ECONNABORTED
    at afterWriteDispatched (node:internal/stream_base_commons:159:15)
    at writeGeneric (node:internal/stream_base_commons:150:3)
    at Socket._writeGeneric (node:net:1025:11)
    at Socket._write (node:net:1037:8)
    at writeOrBuffer (node:internal/streams/writable:570:12)
    at _write (node:internal/streams/writable:499:10)
    at Writable.write (node:internal/streams/writable:508:10)
    at writeChunk (file:///C:/Users/NAKULSHARMA/Downloads/developmentsync-main/frontend/node_modules/vite/dist/node/chunks/config.js:21693:13)
    at IncomingMessage.<anonymous> (file:///C:/Users/NAKULSHARMA/Downloads/developmentsync-main/frontend/node_modules/vite/dist/node/chunks/config.js:21705:6)
    at IncomingMessage.emit (node:events:521:24)
[2m4:01:27 pm[22m [31m[1m[vite][22m[39m [31mws proxy error:[39m
Error: write ECONNABORTED
    at afterWriteDispatched (node:internal/stream_base_commons:159:15)
    at writeGeneric (node:internal/stream_base_commons:150:3)
    at Socket._writeGeneric (node:net:1025:11)
    at Socket._write (node:net:1037:8)
    at writeOrBuffer (node:internal/streams/writable:570:12)
    at _write (node:internal/streams/writable:499:10)
    at Writable.write (node:internal/streams/writable:508:10)
    at writeChunk (file:///C:/Users/NAKULSHARMA/Downloads/developmentsync-main/frontend/node_modules/vite/dist/node/chunks/config.js:21693:13)
    at IncomingMessage.<anonymous> (file:///C:/Users/NAKULSHARMA/Downloads/developmentsync-main/frontend/node_modules/vite/dist/node/chunks/config.js:21702:6)
    at IncomingMessage.emit (node:events:509:28)
[2m4:01:27 pm[22m [31m[1m[vite][22m[39m [31mws proxy socket error:[39m
Error: write ECONNABORTED
    at afterWriteDispatched (node:internal/stream_base_commons:159:15)
    at writeGeneric (node:internal/stream_base_commons:150:3)
    at Socket._writeGeneric (node:net:1025:11)
    at Socket._write (node:net:1037:8)
    at writeOrBuffer (node:internal/streams/writable:570:12)
    at _write (node:internal/streams/writable:499:10)
    at Writable.write (node:internal/streams/writable:508:10)
    at writeChunk (file:///C:/Users/NAKULSHARMA/Downloads/developmentsync-main/frontend/node_modules/vite/dist/node/chunks/config.js:21693:13)
    at IncomingMessage.<anonymous> (file:///C:/Users/NAKULSHARMA/Downloads/developmentsync-main/frontend/node_modules/vite/dist/node/chunks/config.js:21702:6)
    at IncomingMessage.emit (node:events:509:28)
[2m4:01:33 pm[22m [31m[1m[vite][22m[39m [31mws proxy error:[39m
Error: write ECONNABORTED
    at afterWriteDispatched (node:internal/stream_base_commons:159:15)
    at writeGeneric (node:internal/stream_base_commons:150:3)
    at Socket._writeGeneric (node:net:1025:11)
    at Socket._write (node:net:1037:8)
    at writeOrBuffer (node:internal/streams/writable:570:12)
    at _write (node:internal/streams/writable:499:10)
    at Writable.write (node:internal/streams/writable:508:10)
    at writeChunk (file:///C:/Users/NAKULSHARMA/Downloads/developmentsync-main/frontend/node_modules/vite/dist/node/chunks/config.js:21692:13)
    at IncomingMessage.<anonymous> (file:///C:/Users/NAKULSHARMA/Downloads/developmentsync-main/frontend/node_modules/vite/dist/node/chunks/config.js:21705:6)
    at IncomingMessage.emit (node:events:521:24)
[2m4:01:33 pm[22m [31m[1m[vite][22m[39m [31mws proxy socket error:[39m
Error: write ECONNABORTED
    at afterWriteDispatched (node:internal/stream_base_commons:159:15)
    at writeGeneric (node:internal/stream_base_commons:150:3)
    at Socket._writeGeneric (node:net:1025:11)
    at Socket._write (node:net:1037:8)
    at writeOrBuffer (node:internal/streams/writable:570:12)
    at _write (node:internal/streams/writable:499:10)
    at Writable.write (node:internal/streams/writable:508:10)
    at writeChunk (file:///C:/Users/NAKULSHARMA/Downloads/developmentsync-main/frontend/node_modules/vite/dist/node/chunks/config.js:21692:13)
    at IncomingMessage.<anonymous> (file:///C:/Users/NAKULSHARMA/Downloads/developmentsync-main/frontend/node_modules/vite/dist/node/chunks/config.js:21705:6)
    at IncomingMessage.emit (node:events:521:24)
[2m4:01:36 pm[22m [31m[1m[vite][22m[39m [31mws proxy error:[39m
Error: write ECONNABORTED
    at afterWriteDispatched (node:internal/stream_base_commons:159:15)
    at writeGeneric (node:internal/stream_base_commons:150:3)
    at Socket._writeGeneric (node:net:1025:11)
    at Socket._write (node:net:1037:8)
    at writeOrBuffer (node:internal/streams/writable:570:12)
    at _write (node:internal/streams/writable:499:10)
    at Writable.write (node:internal/streams/writable:508:10)
    at writeChunk (file:///C:/Users/NAKULSHARMA/Downloads/developmentsync-main/frontend/node_modules/vite/dist/node/chunks/config.js:21694:13)
    at IncomingMessage.<anonymous> (file:///C:/Users/NAKULSHARMA/Downloads/developmentsync-main/frontend/node_modules/vite/dist/node/chunks/config.js:21702:6)
    at IncomingMessage.emit (node:events:509:28)
[2m4:01:36 pm[22m [31m[1m[vite][22m[39m [31mws proxy socket error:[39m
Error: write ECONNABORTED
    at afterWriteDispatched (node:internal/stream_base_commons:159:15)
    at writeGeneric (node:internal/stream_base_commons:150:3)
    at Socket._writeGeneric (node:net:1025:11)
    at Socket._write (node:net:1037:8)
    at writeOrBuffer (node:internal/streams/writable:570:12)
    at _write (node:internal/streams/writable:499:10)
    at Writable.write (node:internal/streams/writable:508:10)
    at writeChunk (file:///C:/Users/NAKULSHARMA/Downloads/developmentsync-main/frontend/node_modules/vite/dist/node/chunks/config.js:21694:13)
    at IncomingMessage.<anonymous> (file:///C:/Users/NAKULSHARMA/Downloads/developmentsync-main/frontend/node_modules/vite/dist/node/chunks/config.js:21702:6)
    at IncomingMessage.emit (node:events:509:28)
[2m4:01:42 pm[22m [31m[1m[vite][22m[39m [31mws proxy error:[39m
Error: write ECONNABORTED
    at afterWriteDispatched (node:internal/stream_base_commons:159:15)
    at writeGeneric (node:internal/stream_base_commons:150:3)
    at Socket._writeGeneric (node:net:1025:11)
    at Socket._write (node:net:1037:8)
    at writeOrBuffer (node:internal/streams/writable:570:12)
    at _write (node:internal/streams/writable:499:10)
    at Writable.write (node:internal/streams/writable:508:10)
    at writeChunk (file:///C:/Users/NAKULSHARMA/Downloads/developmentsync-main/frontend/node_modules/vite/dist/node/chunks/config.js:21692:13)
    at IncomingMessage.<anonymous> (file:///C:/Users/NAKULSHARMA/Downloads/developmentsync-main/frontend/node_modules/vite/dist/node/chunks/config.js:21705:6)
    at IncomingMessage.emit (node:events:521:24)
[2m4:01:42 pm[22m [31m[1m[vite][22m[39m [31mws proxy socket error:[39m
Error: write ECONNABORTED
    at afterWriteDispatched (node:internal/stream_base_commons:159:15)
    at writeGeneric (node:internal/stream_base_commons:150:3)
    at Socket._writeGeneric (node:net:1025:11)
    at Socket._write (node:net:1037:8)
    at writeOrBuffer (node:internal/streams/writable:570:12)
    at _write (node:internal/streams/writable:499:10)
    at Writable.write (node:internal/streams/writable:508:10)
    at writeChunk (file:///C:/Users/NAKULSHARMA/Downloads/developmentsync-main/frontend/node_modules/vite/dist/node/chunks/config.js:21692:13)
    at IncomingMessage.<anonymous> (file:///C:/Users/NAKULSHARMA/Downloads/developmentsync-main/frontend/node_modules/vite/dist/node/chunks/config.js:21705:6)
    at IncomingMessage.emit (node:events:521:24)
[2m4:01:46 pm[22m [31m[1m[vite][22m[39m [31mws proxy error:[39m
Error: write ECONNABORTED
    at afterWriteDispatched (node:internal/stream_base_commons:159:15)
    at writeGeneric (node:internal/stream_base_commons:150:3)
    at Socket._writeGeneric (node:net:1025:11)
    at Socket._write (node:net:1037:8)
    at writeOrBuffer (node:internal/streams/writable:570:12)
    at _write (node:internal/streams/writable:499:10)
    at Writable.write (node:internal/streams/writable:508:10)
    at writeChunk (file:///C:/Users/NAKULSHARMA/Downloads/developmentsync-main/frontend/node_modules/vite/dist/node/chunks/config.js:21692:13)
    at IncomingMessage.<anonymous> (file:///C:/Users/NAKULSHARMA/Downloads/developmentsync-main/frontend/node_modules/vite/dist/node/chunks/config.js:21705:6)
    at IncomingMessage.emit (node:events:521:24)
[2m4:01:46 pm[22m [31m[1m[vite][22m[39m [31mws proxy socket error:[39m
Error: write ECONNABORTED
    at afterWriteDispatched (node:internal/stream_base_commons:159:15)
    at writeGeneric (node:internal/stream_base_commons:150:3)
    at Socket._writeGeneric (node:net:1025:11)
    at Socket._write (node:net:1037:8)
    at writeOrBuffer (node:internal/streams/writable:570:12)
    at _write (node:internal/streams/writable:499:10)
    at Writable.write (node:internal/streams/writable:508:10)
    at writeChunk (file:///C:/Users/NAKULSHARMA/Downloads/developmentsync-main/frontend/node_modules/vite/dist/node/chunks/config.js:21692:13)
    at IncomingMessage.<anonymous> (file:///C:/Users/NAKULSHARMA/Downloads/developmentsync-main/frontend/node_modules/vite/dist/node/chunks/config.js:21705:6)
    at IncomingMessage.emit (node:events:521:24)
[2m4:01:50 pm[22m [31m[1m[vite][22m[39m [31mws proxy error:[39m
Error: write ECONNABORTED
    at afterWriteDispatched (node:internal/stream_base_commons:159:15)
    at writeGeneric (node:internal/stream_base_commons:150:3)
    at Socket._writeGeneric (node:net:1025:11)
    at Socket._write (node:net:1037:8)
    at writeOrBuffer (node:internal/streams/writable:570:12)
    at _write (node:internal/streams/writable:499:10)
    at Writable.write (node:internal/streams/writable:508:10)
    at writeChunk (file:///C:/Users/NAKULSHARMA/Downloads/developmentsync-main/frontend/node_modules/vite/dist/node/chunks/config.js:21695:13)
    at IncomingMessage.<anonymous> (file:///C:/Users/NAKULSHARMA/Downloads/developmentsync-main/frontend/node_modules/vite/dist/node/chunks/config.js:21702:6)
    at IncomingMessage.emit (node:events:509:28)
[2m4:01:50 pm[22m [31m[1m[vite][22m[39m [31mws proxy socket error:[39m
Error: write ECONNABORTED
    at afterWriteDispatched (node:internal/stream_base_commons:159:15)
    at writeGeneric (node:internal/stream_base_commons:150:3)
    at Socket._writeGeneric (node:net:1025:11)
    at Socket._write (node:net:1037:8)
    at writeOrBuffer (node:internal/streams/writable:570:12)
    at _write (node:internal/streams/writable:499:10)
    at Writable.write (node:internal/streams/writable:508:10)
    at writeChunk (file:///C:/Users/NAKULSHARMA/Downloads/developmentsync-main/frontend/node_modules/vite/dist/node/chunks/config.js:21695:13)
    at IncomingMessage.<anonymous> (file:///C:/Users/NAKULSHARMA/Downloads/developmentsync-main/frontend/node_modules/vite/dist/node/chunks/config.js:21702:6)
    at IncomingMessage.emit (node:events:509:28)
[2m4:01:55 pm[22m [31m[1m[vite][22m[39m [31mws proxy error:[39m
Error: write ECONNABORTED
    at afterWriteDispatched (node:internal/stream_base_commons:159:15)
    at writeGeneric (node:internal/stream_base_commons:150:3)
    at Socket._writeGeneric (node:net:1025:11)
    at Socket._write (node:net:1037:8)
    at writeOrBuffer (node:internal/streams/writable:570:12)
    at _write (node:internal/streams/writable:499:10)
    at Writable.write (node:internal/streams/writable:508:10)
    at writeChunk (file:///C:/Users/NAKULSHARMA/Downloads/developmentsync-main/frontend/node_modules/vite/dist/node/chunks/config.js:21692:13)
    at IncomingMessage.<anonymous> (file:///C:/Users/NAKULSHARMA/Downloads/developmentsync-main/frontend/node_modules/vite/dist/node/chunks/config.js:21705:6)
    at IncomingMessage.emit (node:events:521:24)
[2m4:01:55 pm[22m [31m[1m[vite][22m[39m [31mws proxy socket error:[39m
Error: write ECONNABORTED
    at afterWriteDispatched (node:internal/stream_base_commons:159:15)
    at writeGeneric (node:internal/stream_base_commons:150:3)
    at Socket._writeGeneric (node:net:1025:11)
    at Socket._write (node:net:1037:8)
    at writeOrBuffer (node:internal/streams/writable:570:12)
    at _write (node:internal/streams/writable:499:10)
    at Writable.write (node:internal/streams/writable:508:10)
    at writeChunk (file:///C:/Users/NAKULSHARMA/Downloads/developmentsync-main/frontend/node_modules/vite/dist/node/chunks/config.js:21692:13)
    at IncomingMessage.<anonymous> (file:///C:/Users/NAKULSHARMA/Downloads/developmentsync-main/frontend/node_modules/vite/dist/node/chunks/config.js:21705:6)
    at IncomingMessage.emit (node:events:521:24)
[2m4:02:00 pm[22m [31m[1m[vite][22m[39m [31mws proxy error:[39m
Error: write ECONNABORTED
    at afterWriteDispatched (node:internal/stream_base_commons:159:15)
    at writeGeneric (node:internal/stream_base_commons:150:3)
    at Socket._writeGeneric (node:net:1025:11)
    at Socket._write (node:net:1037:8)
    at writeOrBuffer (node:internal/streams/writable:570:12)
    at _write (node:internal/streams/writable:499:10)
    at Writable.write (node:internal/streams/writable:508:10)
    at writeChunk (file:///C:/Users/NAKULSHARMA/Downloads/developmentsync-main/frontend/node_modules/vite/dist/node/chunks/config.js:21692:13)
    at IncomingMessage.<anonymous> (file:///C:/Users/NAKULSHARMA/Downloads/developmentsync-main/frontend/node_modules/vite/dist/node/chunks/config.js:21705:6)
    at IncomingMessage.emit (node:events:521:24)
[2m4:02:00 pm[22m [31m[1m[vite][22m[39m [31mws proxy socket error:[39m
Error: write ECONNABORTED
    at afterWriteDispatched (node:internal/stream_base_commons:159:15)
    at writeGeneric (node:internal/stream_base_commons:150:3)
    at Socket._writeGeneric (node:net:1025:11)
    at Socket._write (node:net:1037:8)
    at writeOrBuffer (node:internal/streams/writable:570:12)
    at _write (node:internal/streams/writable:499:10)
    at Writable.write (node:internal/streams/writable:508:10)
    at writeChunk (file:///C:/Users/NAKULSHARMA/Downloads/developmentsync-main/frontend/node_modules/vite/dist/node/chunks/config.js:21692:13)
    at IncomingMessage.<anonymous> (file:///C:/Users/NAKULSHARMA/Downloads/developmentsync-main/frontend/node_modules/vite/dist/node/chunks/config.js:21705:6)
    at IncomingMessage.emit (node:events:521:24)
[2m4:02:05 pm[22m [31m[1m[vite][22m[39m [31mws proxy error:[39m
Error: write ECONNABORTED
    at afterWriteDispatched (node:internal/stream_base_commons:159:15)
    at writeGeneric (node:internal/stream_base_commons:150:3)
    at Socket._writeGeneric (node:net:1025:11)
    at Socket._write (node:net:1037:8)
    at writeOrBuffer (node:internal/streams/writable:570:12)
    at _write (node:internal/streams/writable:499:10)
    at Writable.write (node:internal/streams/writable:508:10)
    at writeChunk (file:///C:/Users/NAKULSHARMA/Downloads/developmentsync-main/frontend/node_modules/vite/dist/node/chunks/config.js:21694:13)
    at IncomingMessage.<anonymous> (file:///C:/Users/NAKULSHARMA/Downloads/developmentsync-main/frontend/node_modules/vite/dist/node/chunks/config.js:21702:6)
    at IncomingMessage.emit (node:events:509:28)
[2m4:02:05 pm[22m [31m[1m[vite][22m[39m [31mws proxy socket error:[39m
Error: write ECONNABORTED
    at afterWriteDispatched (node:internal/stream_base_commons:159:15)
    at writeGeneric (node:internal/stream_base_commons:150:3)
    at Socket._writeGeneric (node:net:1025:11)
    at Socket._write (node:net:1037:8)
    at writeOrBuffer (node:internal/streams/writable:570:12)
    at _write (node:internal/streams/writable:499:10)
    at Writable.write (node:internal/streams/writable:508:10)
    at writeChunk (file:///C:/Users/NAKULSHARMA/Downloads/developmentsync-main/frontend/node_modules/vite/dist/node/chunks/config.js:21694:13)
    at IncomingMessage.<anonymous> (file:///C:/Users/NAKULSHARMA/Downloads/developmentsync-main/frontend/node_modules/vite/dist/node/chunks/config.js:21702:6)
    at IncomingMessage.emit (node:events:509:28)
[2m4:02:08 pm[22m [31m[1m[vite][22m[39m [31mws proxy error:[39m
Error: write ECONNABORTED
    at afterWriteDispatched (node:internal/stream_base_commons:159:15)
    at writeGeneric (node:internal/stream_base_commons:150:3)
    at Socket._writeGeneric (node:net:1025:11)
    at Socket._write (node:net:1037:8)
    at writeOrBuffer (node:internal/streams/writable:570:12)
    at _write (node:internal/streams/writable:499:10)
    at Writable.write (node:internal/streams/writable:508:10)
    at writeChunk (file:///C:/Users/NAKULSHARMA/Downloads/developmentsync-main/frontend/node_modules/vite/dist/node/chunks/config.js:21693:13)
    at IncomingMessage.<anonymous> (file:///C:/Users/NAKULSHARMA/Downloads/developmentsync-main/frontend/node_modules/vite/dist/node/chunks/config.js:21702:6)
    at IncomingMessage.emit (node:events:509:28)
[2m4:02:08 pm[22m [31m[1m[vite][22m[39m [31mws proxy socket error:[39m
Error: write ECONNABORTED
    at afterWriteDispatched (node:internal/stream_base_commons:159:15)
    at writeGeneric (node:internal/stream_base_commons:150:3)
    at Socket._writeGeneric (node:net:1025:11)
    at Socket._write (node:net:1037:8)
    at writeOrBuffer (node:internal/streams/writable:570:12)
    at _write (node:internal/streams/writable:499:10)
    at Writable.write (node:internal/streams/writable:508:10)
    at writeChunk (file:///C:/Users/NAKULSHARMA/Downloads/developmentsync-main/frontend/node_modules/vite/dist/node/chunks/config.js:21693:13)
    at IncomingMessage.<anonymous> (file:///C:/Users/NAKULSHARMA/Downloads/developmentsync-main/frontend/node_modules/vite/dist/node/chunks/config.js:21702:6)
    at IncomingMessage.emit (node:events:509:28)
[2m4:02:15 pm[22m [31m[1m[vite][22m[39m [31mws proxy error:[39m
Error: write ECONNABORTED
    at afterWriteDispatched (node:internal/stream_base_commons:159:15)
    at writeGeneric (node:internal/stream_base_commons:150:3)
    at Socket._writeGeneric (node:net:1025:11)
    at Socket._write (node:net:1037:8)
    at writeOrBuffer (node:internal/streams/writable:570:12)
    at _write (node:internal/streams/writable:499:10)
    at Writable.write (node:internal/streams/writable:508:10)
    at writeChunk (file:///C:/Users/NAKULSHARMA/Downloads/developmentsync-main/frontend/node_modules/vite/dist/node/chunks/config.js:21692:13)
    at IncomingMessage.<anonymous> (file:///C:/Users/NAKULSHARMA/Downloads/developmentsync-main/frontend/node_modules/vite/dist/node/chunks/config.js:21705:6)
    at IncomingMessage.emit (node:events:521:24)
[2m4:02:15 pm[22m [31m[1m[vite][22m[39m [31mws proxy socket error:[39m
Error: write ECONNABORTED
    at afterWriteDispatched (node:internal/stream_base_commons:159:15)
    at writeGeneric (node:internal/stream_base_commons:150:3)
    at Socket._writeGeneric (node:net:1025:11)
    at Socket._write (node:net:1037:8)
    at writeOrBuffer (node:internal/streams/writable:570:12)
    at _write (node:internal/streams/writable:499:10)
    at Writable.write (node:internal/streams/writable:508:10)
    at writeChunk (file:///C:/Users/NAKULSHARMA/Downloads/developmentsync-main/frontend/node_modules/vite/dist/node/chunks/config.js:21692:13)
    at IncomingMessage.<anonymous> (file:///C:/Users/NAKULSHARMA/Downloads/developmentsync-main/frontend/node_modules/vite/dist/node/chunks/config.js:21705:6)
    at IncomingMessage.emit (node:events:521:24)
[2m4:02:22 pm[22m [31m[1m[vite][22m[39m [31mws proxy error:[39m
Error: write ECONNABORTED
    at afterWriteDispatched (node:internal/stream_base_commons:159:15)
    at writeGeneric (node:internal/stream_base_commons:150:3)
    at Socket._writeGeneric (node:net:1025:11)
    at Socket._write (node:net:1037:8)
    at writeOrBuffer (node:internal/streams/writable:570:12)
    at _write (node:internal/streams/writable:499:10)
    at Writable.write (node:internal/streams/writable:508:10)
    at writeChunk (file:///C:/Users/NAKULSHARMA/Downloads/developmentsync-main/frontend/node_modules/vite/dist/node/chunks/config.js:21694:13)
    at IncomingMessage.<anonymous> (file:///C:/Users/NAKULSHARMA/Downloads/developmentsync-main/frontend/node_modules/vite/dist/node/chunks/config.js:21702:6)
    at IncomingMessage.emit (node:events:509:28)
[2m4:02:22 pm[22m [31m[1m[vite][22m[39m [31mws proxy socket error:[39m
Error: write ECONNABORTED
    at afterWriteDispatched (node:internal/stream_base_commons:159:15)
    at writeGeneric (node:internal/stream_base_commons:150:3)
    at Socket._writeGeneric (node:net:1025:11)
    at Socket._write (node:net:1037:8)
    at writeOrBuffer (node:internal/streams/writable:570:12)
    at _write (node:internal/streams/writable:499:10)
    at Writable.write (node:internal/streams/writable:508:10)
    at writeChunk (file:///C:/Users/NAKULSHARMA/Downloads/developmentsync-main/frontend/node_modules/vite/dist/node/chunks/config.js:21694:13)
    at IncomingMessage.<anonymous> (file:///C:/Users/NAKULSHARMA/Downloads/developmentsync-main/frontend/node_modules/vite/dist/node/chunks/config.js:21702:6)
    at IncomingMessage.emit (node:events:509:28)
[2m4:02:26 pm[22m [31m[1m[vite][22m[39m [31mws proxy error:[39m
Error: write ECONNABORTED
    at afterWriteDispatched (node:internal/stream_base_commons:159:15)
    at writeGeneric (node:internal/stream_base_commons:150:3)
    at Socket._writeGeneric (node:net:1025:11)
    at Socket._write (node:net:1037:8)
    at writeOrBuffer (node:internal/streams/writable:570:12)
    at _write (node:internal/streams/writable:499:10)
    at Writable.write (node:internal/streams/writable:508:10)
    at writeChunk (file:///C:/Users/NAKULSHARMA/Downloads/developmentsync-main/frontend/node_modules/vite/dist/node/chunks/config.js:21693:13)
    at IncomingMessage.<anonymous> (file:///C:/Users/NAKULSHARMA/Downloads/developmentsync-main/frontend/node_modules/vite/dist/node/chunks/config.js:21705:6)
    at IncomingMessage.emit (node:events:521:24)
[2m4:02:26 pm[22m [31m[1m[vite][22m[39m [31mws proxy socket error:[39m
Error: write ECONNABORTED
    at afterWriteDispatched (node:internal/stream_base_commons:159:15)
    at writeGeneric (node:internal/stream_base_commons:150:3)
    at Socket._writeGeneric (node:net:1025:11)
    at Socket._write (node:net:1037:8)
    at writeOrBuffer (node:internal/streams/writable:570:12)
    at _write (node:internal/streams/writable:499:10)
    at Writable.write (node:internal/streams/writable:508:10)
    at writeChunk (file:///C:/Users/NAKULSHARMA/Downloads/developmentsync-main/frontend/node_modules/vite/dist/node/chunks/config.js:21693:13)
    at IncomingMessage.<anonymous> (file:///C:/Users/NAKULSHARMA/Downloads/developmentsync-main/frontend/node_modules/vite/dist/node/chunks/config.js:21705:6)
    at IncomingMessage.emit (node:events:521:24)
[2m4:02:31 pm[22m [31m[1m[vite][22m[39m [31mws proxy error:[39m
Error: write ECONNABORTED
    at afterWriteDispatched (node:internal/stream_base_commons:159:15)
    at writeGeneric (node:internal/stream_base_commons:150:3)
    at Socket._writeGeneric (node:net:1025:11)
    at Socket._write (node:net:1037:8)
    at writeOrBuffer (node:internal/streams/writable:570:12)
    at _write (node:internal/streams/writable:499:10)
    at Writable.write (node:internal/streams/writable:508:10)
    at writeChunk (file:///C:/Users/NAKULSHARMA/Downloads/developmentsync-main/frontend/node_modules/vite/dist/node/chunks/config.js:21692:13)
    at IncomingMessage.<anonymous> (file:///C:/Users/NAKULSHARMA/Downloads/developmentsync-main/frontend/node_modules/vite/dist/node/chunks/config.js:21705:6)
    at IncomingMessage.emit (node:events:521:24)
[2m4:02:31 pm[22m [31m[1m[vite][22m[39m [31mws proxy socket error:[39m
Error: write ECONNABORTED
    at afterWriteDispatched (node:internal/stream_base_commons:159:15)
    at writeGeneric (node:internal/stream_base_commons:150:3)
    at Socket._writeGeneric (node:net:1025:11)
    at Socket._write (node:net:1037:8)
    at writeOrBuffer (node:internal/streams/writable:570:12)
    at _write (node:internal/streams/writable:499:10)
    at Writable.write (node:internal/streams/writable:508:10)
    at writeChunk (file:///C:/Users/NAKULSHARMA/Downloads/developmentsync-main/frontend/node_modules/vite/dist/node/chunks/config.js:21692:13)
    at IncomingMessage.<anonymous> (file:///C:/Users/NAKULSHARMA/Downloads/developmentsync-main/frontend/node_modules/vite/dist/node/chunks/config.js:21705:6)
    at IncomingMessage.emit (node:events:521:24)
[2m4:02:35 pm[22m [31m[1m[vite][22m[39m [31mws proxy error:[39m
Error: write ECONNABORTED
    at afterWriteDispatched (node:internal/stream_base_commons:159:15)
    at writeGeneric (node:internal/stream_base_commons:150:3)
    at Socket._writeGeneric (node:net:1025:11)
    at Socket._write (node:net:1037:8)
    at writeOrBuffer (node:internal/streams/writable:570:12)
    at _write (node:internal/streams/writable:499:10)
    at Writable.write (node:internal/streams/writable:508:10)
    at writeChunk (file:///C:/Users/NAKULSHARMA/Downloads/developmentsync-main/frontend/node_modules/vite/dist/node/chunks/config.js:21692:13)
    at IncomingMessage.<anonymous> (file:///C:/Users/NAKULSHARMA/Downloads/developmentsync-main/frontend/node_modules/vite/dist/node/chunks/config.js:21705:6)
    at IncomingMessage.emit (node:events:521:24)
[2m4:02:35 pm[22m [31m[1m[vite][22m[39m [31mws proxy socket error:[39m
Error: write ECONNABORTED
    at afterWriteDispatched (node:internal/stream_base_commons:159:15)
    at writeGeneric (node:internal/stream_base_commons:150:3)
    at Socket._writeGeneric (node:net:1025:11)
    at Socket._write (node:net:1037:8)
    at writeOrBuffer (node:internal/streams/writable:570:12)
    at _write (node:internal/streams/writable:499:10)
    at Writable.write (node:internal/streams/writable:508:10)
    at writeChunk (file:///C:/Users/NAKULSHARMA/Downloads/developmentsync-main/frontend/node_modules/vite/dist/node/chunks/config.js:21692:13)
    at IncomingMessage.<anonymous> (file:///C:/Users/NAKULSHARMA/Downloads/developmentsync-main/frontend/node_modules/vite/dist/node/chunks/config.js:21705:6)
    at IncomingMessage.emit (node:events:521:24)
[2m4:02:45 pm[22m [31m[1m[vite][22m[39m [31mws proxy error:[39m
Error: write ECONNABORTED
    at afterWriteDispatched (node:internal/stream_base_commons:159:15)
    at writeGeneric (node:internal/stream_base_commons:150:3)
    at Socket._writeGeneric (node:net:1025:11)
    at Socket._write (node:net:1037:8)
    at writeOrBuffer (node:internal/streams/writable:570:12)
    at _write (node:internal/streams/writable:499:10)
    at Writable.write (node:internal/streams/writable:508:10)
    at writeChunk (file:///C:/Users/NAKULSHARMA/Downloads/developmentsync-main/frontend/node_modules/vite/dist/node/chunks/config.js:21692:13)
    at IncomingMessage.<anonymous> (file:///C:/Users/NAKULSHARMA/Downloads/developmentsync-main/frontend/node_modules/vite/dist/node/chunks/config.js:21705:6)
    at IncomingMessage.emit (node:events:521:24)
[2m4:02:45 pm[22m [31m[1m[vite][22m[39m [31mws proxy socket error:[39m
Error: write ECONNABORTED
    at afterWriteDispatched (node:internal/stream_base_commons:159:15)
    at writeGeneric (node:internal/stream_base_commons:150:3)
    at Socket._writeGeneric (node:net:1025:11)
    at Socket._write (node:net:1037:8)
    at writeOrBuffer (node:internal/streams/writable:570:12)
    at _write (node:internal/streams/writable:499:10)
    at Writable.write (node:internal/streams/writable:508:10)
    at writeChunk (file:///C:/Users/NAKULSHARMA/Downloads/developmentsync-main/frontend/node_modules/vite/dist/node/chunks/config.js:21692:13)
    at IncomingMessage.<anonymous> (file:///C:/Users/NAKULSHARMA/Downloads/developmentsync-main/frontend/node_modules/vite/dist/node/chunks/config.js:21705:6)
    at IncomingMessage.emit (node:events:521:24)
[2m4:02:57 pm[22m [31m[1m[vite][22m[39m [31mws proxy error:[39m
Error: write ECONNABORTED
    at afterWriteDispatched (node:internal/stream_base_commons:159:15)
    at writeGeneric (node:internal/stream_base_commons:150:3)
    at Socket._writeGeneric (node:net:1025:11)
    at Socket._write (node:net:1037:8)
    at writeOrBuffer (node:internal/streams/writable:570:12)
    at _write (node:internal/streams/writable:499:10)
    at Writable.write (node:internal/streams/writable:508:10)
    at writeChunk (file:///C:/Users/NAKULSHARMA/Downloads/developmentsync-main/frontend/node_modules/vite/dist/node/chunks/config.js:21692:13)
    at IncomingMessage.<anonymous> (file:///C:/Users/NAKULSHARMA/Downloads/developmentsync-main/frontend/node_modules/vite/dist/node/chunks/config.js:21705:6)
    at IncomingMessage.emit (node:events:521:24)
[2m4:02:57 pm[22m [31m[1m[vite][22m[39m [31mws proxy socket error:[39m
Error: write ECONNABORTED
    at afterWriteDispatched (node:internal/stream_base_commons:159:15)
    at writeGeneric (node:internal/stream_base_commons:150:3)
    at Socket._writeGeneric (node:net:1025:11)
    at Socket._write (node:net:1037:8)
    at writeOrBuffer (node:internal/streams/writable:570:12)
    at _write (node:internal/streams/writable:499:10)
    at Writable.write (node:internal/streams/writable:508:10)
    at writeChunk (file:///C:/Users/NAKULSHARMA/Downloads/developmentsync-main/frontend/node_modules/vite/dist/node/chunks/config.js:21692:13)
    at IncomingMessage.<anonymous> (file:///C:/Users/NAKULSHARMA/Downloads/developmentsync-main/frontend/node_modules/vite/dist/node/chunks/config.js:21705:6)
    at IncomingMessage.emit (node:events:521:24)
[2m4:03:00 pm[22m [31m[1m[vite][22m[39m [31mws proxy error:[39m
Error: write ECONNABORTED
    at afterWriteDispatched (node:internal/stream_base_commons:159:15)
    at writeGeneric (node:internal/stream_base_commons:150:3)
    at Socket._writeGeneric (node:net:1025:11)
    at Socket._write (node:net:1037:8)
    at writeOrBuffer (node:internal/streams/writable:570:12)
    at _write (node:internal/streams/writable:499:10)
    at Writable.write (node:internal/streams/writable:508:10)
    at writeChunk (file:///C:/Users/NAKULSHARMA/Downloads/developmentsync-main/frontend/node_modules/vite/dist/node/chunks/config.js:21695:13)
    at IncomingMessage.<anonymous> (file:///C:/Users/NAKULSHARMA/Downloads/developmentsync-main/frontend/node_modules/vite/dist/node/chunks/config.js:21702:6)
    at IncomingMessage.emit (node:events:509:28)
[2m4:03:00 pm[22m [31m[1m[vite][22m[39m [31mws proxy socket error:[39m
Error: write ECONNABORTED
    at afterWriteDispatched (node:internal/stream_base_commons:159:15)
    at writeGeneric (node:internal/stream_base_commons:150:3)
    at Socket._writeGeneric (node:net:1025:11)
    at Socket._write (node:net:1037:8)
    at writeOrBuffer (node:internal/streams/writable:570:12)
    at _write (node:internal/streams/writable:499:10)
    at Writable.write (node:internal/streams/writable:508:10)
    at writeChunk (file:///C:/Users/NAKULSHARMA/Downloads/developmentsync-main/frontend/node_modules/vite/dist/node/chunks/config.js:21695:13)
    at IncomingMessage.<anonymous> (file:///C:/Users/NAKULSHARMA/Downloads/developmentsync-main/frontend/node_modules/vite/dist/node/chunks/config.js:21702:6)
    at IncomingMessage.emit (node:events:509:28)
[2m4:03:04 pm[22m [31m[1m[vite][22m[39m [31mws proxy error:[39m
Error: write ECONNABORTED
    at afterWriteDispatched (node:internal/stream_base_commons:159:15)
    at writeGeneric (node:internal/stream_base_commons:150:3)
    at Socket._writeGeneric (node:net:1025:11)
    at Socket._write (node:net:1037:8)
    at writeOrBuffer (node:internal/streams/writable:570:12)
    at _write (node:internal/streams/writable:499:10)
    at Writable.write (node:internal/streams/writable:508:10)
    at writeChunk (file:///C:/Users/NAKULSHARMA/Downloads/developmentsync-main/frontend/node_modules/vite/dist/node/chunks/config.js:21694:13)
    at IncomingMessage.<anonymous> (file:///C:/Users/NAKULSHARMA/Downloads/developmentsync-main/frontend/node_modules/vite/dist/node/chunks/config.js:21702:6)
    at IncomingMessage.emit (node:events:509:28)
[2m4:03:04 pm[22m [31m[1m[vite][22m[39m [31mws proxy socket error:[39m
Error: write ECONNABORTED
    at afterWriteDispatched (node:internal/stream_base_commons:159:15)
    at writeGeneric (node:internal/stream_base_commons:150:3)
    at Socket._writeGeneric (node:net:1025:11)
    at Socket._write (node:net:1037:8)
    at writeOrBuffer (node:internal/streams/writable:570:12)
    at _write (node:internal/streams/writable:499:10)
    at Writable.write (node:internal/streams/writable:508:10)
    at writeChunk (file:///C:/Users/NAKULSHARMA/Downloads/developmentsync-main/frontend/node_modules/vite/dist/node/chunks/config.js:21694:13)
    at IncomingMessage.<anonymous> (file:///C:/Users/NAKULSHARMA/Downloads/developmentsync-main/frontend/node_modules/vite/dist/node/chunks/config.js:21702:6)
    at IncomingMessage.emit (node:events:509:28)
[2m4:03:11 pm[22m [31m[1m[vite][22m[39m [31mws proxy error:[39m
Error: write ECONNABORTED
    at afterWriteDispatched (node:internal/stream_base_commons:159:15)
    at writeGeneric (node:internal/stream_base_commons:150:3)
    at Socket._writeGeneric (node:net:1025:11)
    at Socket._write (node:net:1037:8)
    at writeOrBuffer (node:internal/streams/writable:570:12)
    at _write (node:internal/streams/writable:499:10)
    at Writable.write (node:internal/streams/writable:508:10)
    at writeChunk (file:///C:/Users/NAKULSHARMA/Downloads/developmentsync-main/frontend/node_modules/vite/dist/node/chunks/config.js:21692:13)
    at IncomingMessage.<anonymous> (file:///C:/Users/NAKULSHARMA/Downloads/developmentsync-main/frontend/node_modules/vite/dist/node/chunks/config.js:21705:6)
    at IncomingMessage.emit (node:events:521:24)
[2m4:03:11 pm[22m [31m[1m[vite][22m[39m [31mws proxy socket error:[39m
Error: write ECONNABORTED
    at afterWriteDispatched (node:internal/stream_base_commons:159:15)
    at writeGeneric (node:internal/stream_base_commons:150:3)
    at Socket._writeGeneric (node:net:1025:11)
    at Socket._write (node:net:1037:8)
    at writeOrBuffer (node:internal/streams/writable:570:12)
    at _write (node:internal/streams/writable:499:10)
    at Writable.write (node:internal/streams/writable:508:10)
    at writeChunk (file:///C:/Users/NAKULSHARMA/Downloads/developmentsync-main/frontend/node_modules/vite/dist/node/chunks/config.js:21692:13)
    at IncomingMessage.<anonymous> (file:///C:/Users/NAKULSHARMA/Downloads/developmentsync-main/frontend/node_modules/vite/dist/node/chunks/config.js:21705:6)
    at IncomingMessage.emit (node:events:521:24)
[2m4:03:18 pm[22m [31m[1m[vite][22m[39m [31mws proxy error:[39m
Error: write ECONNABORTED
    at afterWriteDispatched (node:internal/stream_base_commons:159:15)
    at writeGeneric (node:internal/stream_base_commons:150:3)
    at Socket._writeGeneric (node:net:1025:11)
    at Socket._write (node:net:1037:8)
    at writeOrBuffer (node:internal/streams/writable:570:12)
    at _write (node:internal/streams/writable:499:10)
    at Writable.write (node:internal/streams/writable:508:10)
    at writeChunk (file:///C:/Users/NAKULSHARMA/Downloads/developmentsync-main/frontend/node_modules/vite/dist/node/chunks/config.js:21692:13)
    at IncomingMessage.<anonymous> (file:///C:/Users/NAKULSHARMA/Downloads/developmentsync-main/frontend/node_modules/vite/dist/node/chunks/config.js:21705:6)
    at IncomingMessage.emit (node:events:521:24)
[2m4:03:18 pm[22m [31m[1m[vite][22m[39m [31mws proxy socket error:[39m
Error: write ECONNABORTED
    at afterWriteDispatched (node:internal/stream_base_commons:159:15)
    at writeGeneric (node:internal/stream_base_commons:150:3)
    at Socket._writeGeneric (node:net:1025:11)
    at Socket._write (node:net:1037:8)
    at writeOrBuffer (node:internal/streams/writable:570:12)
    at _write (node:internal/streams/writable:499:10)
    at Writable.write (node:internal/streams/writable:508:10)
    at writeChunk (file:///C:/Users/NAKULSHARMA/Downloads/developmentsync-main/frontend/node_modules/vite/dist/node/chunks/config.js:21692:13)
    at IncomingMessage.<anonymous> (file:///C:/Users/NAKULSHARMA/Downloads/developmentsync-main/frontend/node_modules/vite/dist/node/chunks/config.js:21705:6)
    at IncomingMessage.emit (node:events:521:24)
[2m4:03:24 pm[22m [31m[1m[vite][22m[39m [31mws proxy error:[39m
Error: write ECONNABORTED
    at afterWriteDispatched (node:internal/stream_base_commons:159:15)
    at writeGeneric (node:internal/stream_base_commons:150:3)
    at Socket._writeGeneric (node:net:1025:11)
    at Socket._write (node:net:1037:8)
    at writeOrBuffer (node:internal/streams/writable:570:12)
    at _write (node:internal/streams/writable:499:10)
    at Writable.write (node:internal/streams/writable:508:10)
    at writeChunk (file:///C:/Users/NAKULSHARMA/Downloads/developmentsync-main/frontend/node_modules/vite/dist/node/chunks/config.js:21694:13)
    at IncomingMessage.<anonymous> (file:///C:/Users/NAKULSHARMA/Downloads/developmentsync-main/frontend/node_modules/vite/dist/node/chunks/config.js:21702:6)
    at IncomingMessage.emit (node:events:509:28)
[2m4:03:24 pm[22m [31m[1m[vite][22m[39m [31mws proxy socket error:[39m
Error: write ECONNABORTED
    at afterWriteDispatched (node:internal/stream_base_commons:159:15)
    at writeGeneric (node:internal/stream_base_commons:150:3)
    at Socket._writeGeneric (node:net:1025:11)
    at Socket._write (node:net:1037:8)
    at writeOrBuffer (node:internal/streams/writable:570:12)
    at _write (node:internal/streams/writable:499:10)
    at Writable.write (node:internal/streams/writable:508:10)
    at writeChunk (file:///C:/Users/NAKULSHARMA/Downloads/developmentsync-main/frontend/node_modules/vite/dist/node/chunks/config.js:21694:13)
    at IncomingMessage.<anonymous> (file:///C:/Users/NAKULSHARMA/Downloads/developmentsync-main/frontend/node_modules/vite/dist/node/chunks/config.js:21702:6)
    at IncomingMessage.emit (node:events:509:28)
[2m4:03:28 pm[22m [31m[1m[vite][22m[39m [31mws proxy error:[39m
Error: write ECONNABORTED
    at afterWriteDispatched (node:internal/stream_base_commons:159:15)
    at writeGeneric (node:internal/stream_base_commons:150:3)
    at Socket._writeGeneric (node:net:1025:11)
    at Socket._write (node:net:1037:8)
    at writeOrBuffer (node:internal/streams/writable:570:12)
    at _write (node:internal/streams/writable:499:10)
    at Writable.write (node:internal/streams/writable:508:10)
    at writeChunk (file:///C:/Users/NAKULSHARMA/Downloads/developmentsync-main/frontend/node_modules/vite/dist/node/chunks/config.js:21693:13)
    at IncomingMessage.<anonymous> (file:///C:/Users/NAKULSHARMA/Downloads/developmentsync-main/frontend/node_modules/vite/dist/node/chunks/config.js:21702:6)
    at IncomingMessage.emit (node:events:509:28)
[2m4:03:28 pm[22m [31m[1m[vite][22m[39m [31mws proxy socket error:[39m
Error: write ECONNABORTED
    at afterWriteDispatched (node:internal/stream_base_commons:159:15)
    at writeGeneric (node:internal/stream_base_commons:150:3)
    at Socket._writeGeneric (node:net:1025:11)
    at Socket._write (node:net:1037:8)
    at writeOrBuffer (node:internal/streams/writable:570:12)
    at _write (node:internal/streams/writable:499:10)
    at Writable.write (node:internal/streams/writable:508:10)
    at writeChunk (file:///C:/Users/NAKULSHARMA/Downloads/developmentsync-main/frontend/node_modules/vite/dist/node/chunks/config.js:21693:13)
    at IncomingMessage.<anonymous> (file:///C:/Users/NAKULSHARMA/Downloads/developmentsync-main/frontend/node_modules/vite/dist/node/chunks/config.js:21702:6)
    at IncomingMessage.emit (node:events:509:28)
[2m4:03:38 pm[22m [31m[1m[vite][22m[39m [31mws proxy error:[39m
Error: write ECONNABORTED
    at afterWriteDispatched (node:internal/stream_base_commons:159:15)
    at writeGeneric (node:internal/stream_base_commons:150:3)
    at Socket._writeGeneric (node:net:1025:11)
    at Socket._write (node:net:1037:8)
    at writeOrBuffer (node:internal/streams/writable:570:12)
    at _write (node:internal/streams/writable:499:10)
    at Writable.write (node:internal/streams/writable:508:10)
    at writeChunk (file:///C:/Users/NAKULSHARMA/Downloads/developmentsync-main/frontend/node_modules/vite/dist/node/chunks/config.js:21692:13)
    at IncomingMessage.<anonymous> (file:///C:/Users/NAKULSHARMA/Downloads/developmentsync-main/frontend/node_modules/vite/dist/node/chunks/config.js:21705:6)
    at IncomingMessage.emit (node:events:521:24)
[2m4:03:38 pm[22m [31m[1m[vite][22m[39m [31mws proxy socket error:[39m
Error: write ECONNABORTED
    at afterWriteDispatched (node:internal/stream_base_commons:159:15)
    at writeGeneric (node:internal/stream_base_commons:150:3)
    at Socket._writeGeneric (node:net:1025:11)
    at Socket._write (node:net:1037:8)
    at writeOrBuffer (node:internal/streams/writable:570:12)
    at _write (node:internal/streams/writable:499:10)
    at Writable.write (node:internal/streams/writable:508:10)
    at writeChunk (file:///C:/Users/NAKULSHARMA/Downloads/developmentsync-main/frontend/node_modules/vite/dist/node/chunks/config.js:21692:13)
    at IncomingMessage.<anonymous> (file:///C:/Users/NAKULSHARMA/Downloads/developmentsync-main/frontend/node_modules/vite/dist/node/chunks/config.js:21705:6)
    at IncomingMessage.emit (node:events:521:24)
[2m4:03:49 pm[22m [31m[1m[vite][22m[39m [31mws proxy error:[39m
Error: write ECONNABORTED
    at afterWriteDispatched (node:internal/stream_base_commons:159:15)
    at writeGeneric (node:internal/stream_base_commons:150:3)
    at Socket._writeGeneric (node:net:1025:11)
    at Socket._write (node:net:1037:8)
    at writeOrBuffer (node:internal/streams/writable:570:12)
    at _write (node:internal/streams/writable:499:10)
    at Writable.write (node:internal/streams/writable:508:10)
    at writeChunk (file:///C:/Users/NAKULSHARMA/Downloads/developmentsync-main/frontend/node_modules/vite/dist/node/chunks/config.js:21692:13)
    at IncomingMessage.<anonymous> (file:///C:/Users/NAKULSHARMA/Downloads/developmentsync-main/frontend/node_modules/vite/dist/node/chunks/config.js:21705:6)
    at IncomingMessage.emit (node:events:521:24)
[2m4:03:49 pm[22m [31m[1m[vite][22m[39m [31mws proxy socket error:[39m
Error: write ECONNABORTED
    at afterWriteDispatched (node:internal/stream_base_commons:159:15)
    at writeGeneric (node:internal/stream_base_commons:150:3)
    at Socket._writeGeneric (node:net:1025:11)
    at Socket._write (node:net:1037:8)
    at writeOrBuffer (node:internal/streams/writable:570:12)
    at _write (node:internal/streams/writable:499:10)
    at Writable.write (node:internal/streams/writable:508:10)
    at writeChunk (file:///C:/Users/NAKULSHARMA/Downloads/developmentsync-main/frontend/node_modules/vite/dist/node/chunks/config.js:21692:13)
    at IncomingMessage.<anonymous> (file:///C:/Users/NAKULSHARMA/Downloads/developmentsync-main/frontend/node_modules/vite/dist/node/chunks/config.js:21705:6)
    at IncomingMessage.emit (node:events:521:24)
[2m4:03:54 pm[22m [31m[1m[vite][22m[39m [31mws proxy error:[39m
Error: write ECONNABORTED
    at afterWriteDispatched (node:internal/stream_base_commons:159:15)
    at writeGeneric (node:internal/stream_base_commons:150:3)
    at Socket._writeGeneric (node:net:1025:11)
    at Socket._write (node:net:1037:8)
    at writeOrBuffer (node:internal/streams/writable:570:12)
    at _write (node:internal/streams/writable:499:10)
    at Writable.write (node:internal/streams/writable:508:10)
    at writeChunk (file:///C:/Users/NAKULSHARMA/Downloads/developmentsync-main/frontend/node_modules/vite/dist/node/chunks/config.js:21692:13)
    at IncomingMessage.<anonymous> (file:///C:/Users/NAKULSHARMA/Downloads/developmentsync-main/frontend/node_modules/vite/dist/node/chunks/config.js:21705:6)
    at IncomingMessage.emit (node:events:521:24)
[2m4:03:54 pm[22m [31m[1m[vite][22m[39m [31mws proxy socket error:[39m
Error: write ECONNABORTED
    at afterWriteDispatched (node:internal/stream_base_commons:159:15)
    at writeGeneric (node:internal/stream_base_commons:150:3)
    at Socket._writeGeneric (node:net:1025:11)
    at Socket._write (node:net:1037:8)
    at writeOrBuffer (node:internal/streams/writable:570:12)
    at _write (node:internal/streams/writable:499:10)
    at Writable.write (node:internal/streams/writable:508:10)
    at writeChunk (file:///C:/Users/NAKULSHARMA/Downloads/developmentsync-main/frontend/node_modules/vite/dist/node/chunks/config.js:21692:13)
    at IncomingMessage.<anonymous> (file:///C:/Users/NAKULSHARMA/Downloads/developmentsync-main/frontend/node_modules/vite/dist/node/chunks/config.js:21705:6)
    at IncomingMessage.emit (node:events:521:24)
[2m4:04:00 pm[22m [31m[1m[vite][22m[39m [31mws proxy error:[39m
Error: write ECONNABORTED
    at afterWriteDispatched (node:internal/stream_base_commons:159:15)
    at writeGeneric (node:internal/stream_base_commons:150:3)
    at Socket._writeGeneric (node:net:1025:11)
    at Socket._write (node:net:1037:8)
    at writeOrBuffer (node:internal/streams/writable:570:12)
    at _write (node:internal/streams/writable:499:10)
    at Writable.write (node:internal/streams/writable:508:10)
    at writeChunk (file:///C:/Users/NAKULSHARMA/Downloads/developmentsync-main/frontend/node_modules/vite/dist/node/chunks/config.js:21695:13)
    at IncomingMessage.<anonymous> (file:///C:/Users/NAKULSHARMA/Downloads/developmentsync-main/frontend/node_modules/vite/dist/node/chunks/config.js:21705:6)
    at IncomingMessage.emit (node:events:521:24)
[2m4:04:00 pm[22m [31m[1m[vite][22m[39m [31mws proxy socket error:[39m
Error: write ECONNABORTED
    at afterWriteDispatched (node:internal/stream_base_commons:159:15)
    at writeGeneric (node:internal/stream_base_commons:150:3)
    at Socket._writeGeneric (node:net:1025:11)
    at Socket._write (node:net:1037:8)
    at writeOrBuffer (node:internal/streams/writable:570:12)
    at _write (node:internal/streams/writable:499:10)
    at Writable.write (node:internal/streams/writable:508:10)
    at writeChunk (file:///C:/Users/NAKULSHARMA/Downloads/developmentsync-main/frontend/node_modules/vite/dist/node/chunks/config.js:21695:13)
    at IncomingMessage.<anonymous> (file:///C:/Users/NAKULSHARMA/Downloads/developmentsync-main/frontend/node_modules/vite/dist/node/chunks/config.js:21705:6)
    at IncomingMessage.emit (node:events:521:24)
[2m4:04:05 pm[22m [31m[1m[vite][22m[39m [31mws proxy error:[39m
Error: write ECONNABORTED
    at afterWriteDispatched (node:internal/stream_base_commons:159:15)
    at writeGeneric (node:internal/stream_base_commons:150:3)
    at Socket._writeGeneric (node:net:1025:11)
    at Socket._write (node:net:1037:8)
    at writeOrBuffer (node:internal/streams/writable:570:12)
    at _write (node:internal/streams/writable:499:10)
    at Writable.write (node:internal/streams/writable:508:10)
    at writeChunk (file:///C:/Users/NAKULSHARMA/Downloads/developmentsync-main/frontend/node_modules/vite/dist/node/chunks/config.js:21693:13)
    at IncomingMessage.<anonymous> (file:///C:/Users/NAKULSHARMA/Downloads/developmentsync-main/frontend/node_modules/vite/dist/node/chunks/config.js:21702:6)
    at IncomingMessage.emit (node:events:509:28)
[2m4:04:05 pm[22m [31m[1m[vite][22m[39m [31mws proxy socket error:[39m
Error: write ECONNABORTED
    at afterWriteDispatched (node:internal/stream_base_commons:159:15)
    at writeGeneric (node:internal/stream_base_commons:150:3)
    at Socket._writeGeneric (node:net:1025:11)
    at Socket._write (node:net:1037:8)
    at writeOrBuffer (node:internal/streams/writable:570:12)
    at _write (node:internal/streams/writable:499:10)
    at Writable.write (node:internal/streams/writable:508:10)
    at writeChunk (file:///C:/Users/NAKULSHARMA/Downloads/developmentsync-main/frontend/node_modules/vite/dist/node/chunks/config.js:21693:13)
    at IncomingMessage.<anonymous> (file:///C:/Users/NAKULSHARMA/Downloads/developmentsync-main/frontend/node_modules/vite/dist/node/chunks/config.js:21702:6)
    at IncomingMessage.emit (node:events:509:28)
[2m4:04:25 pm[22m [31m[1m[vite][22m[39m [31mws proxy error:[39m
Error: write ECONNABORTED
    at afterWriteDispatched (node:internal/stream_base_commons:159:15)
    at writeGeneric (node:internal/stream_base_commons:150:3)
    at Socket._writeGeneric (node:net:1025:11)
    at Socket._write (node:net:1037:8)
    at writeOrBuffer (node:internal/streams/writable:570:12)
    at _write (node:internal/streams/writable:499:10)
    at Writable.write (node:internal/streams/writable:508:10)
    at writeChunk (file:///C:/Users/NAKULSHARMA/Downloads/developmentsync-main/frontend/node_modules/vite/dist/node/chunks/config.js:21693:13)
    at IncomingMessage.<anonymous> (file:///C:/Users/NAKULSHARMA/Downloads/developmentsync-main/frontend/node_modules/vite/dist/node/chunks/config.js:21702:6)
    at IncomingMessage.emit (node:events:509:28)
[2m4:04:25 pm[22m [31m[1m[vite][22m[39m [31mws proxy socket error:[39m
Error: write ECONNABORTED
    at afterWriteDispatched (node:internal/stream_base_commons:159:15)
    at writeGeneric (node:internal/stream_base_commons:150:3)
    at Socket._writeGeneric (node:net:1025:11)
    at Socket._write (node:net:1037:8)
    at writeOrBuffer (node:internal/streams/writable:570:12)
    at _write (node:internal/streams/writable:499:10)
    at Writable.write (node:internal/streams/writable:508:10)
    at writeChunk (file:///C:/Users/NAKULSHARMA/Downloads/developmentsync-main/frontend/node_modules/vite/dist/node/chunks/config.js:21693:13)
    at IncomingMessage.<anonymous> (file:///C:/Users/NAKULSHARMA/Downloads/developmentsync-main/frontend/node_modules/vite/dist/node/chunks/config.js:21702:6)
    at IncomingMessage.emit (node:events:509:28)
[2m4:04:34 pm[22m [31m[1m[vite][22m[39m [31mws proxy error:[39m
Error: write ECONNABORTED
    at afterWriteDispatched (node:internal/stream_base_commons:159:15)
    at writeGeneric (node:internal/stream_base_commons:150:3)
    at Socket._writeGeneric (node:net:1025:11)
    at Socket._write (node:net:1037:8)
    at writeOrBuffer (node:internal/streams/writable:570:12)
    at _write (node:internal/streams/writable:499:10)
    at Writable.write (node:internal/streams/writable:508:10)
    at writeChunk (file:///C:/Users/NAKULSHARMA/Downloads/developmentsync-main/frontend/node_modules/vite/dist/node/chunks/config.js:21692:13)
    at IncomingMessage.<anonymous> (file:///C:/Users/NAKULSHARMA/Downloads/developmentsync-main/frontend/node_modules/vite/dist/node/chunks/config.js:21705:6)
    at IncomingMessage.emit (node:events:521:24)
[2m4:04:34 pm[22m [31m[1m[vite][22m[39m [31mws proxy socket error:[39m
Error: write ECONNABORTED
    at afterWriteDispatched (node:internal/stream_base_commons:159:15)
    at writeGeneric (node:internal/stream_base_commons:150:3)
    at Socket._writeGeneric (node:net:1025:11)
    at Socket._write (node:net:1037:8)
    at writeOrBuffer (node:internal/streams/writable:570:12)
    at _write (node:internal/streams/writable:499:10)
    at Writable.write (node:internal/streams/writable:508:10)
    at writeChunk (file:///C:/Users/NAKULSHARMA/Downloads/developmentsync-main/frontend/node_modules/vite/dist/node/chunks/config.js:21692:13)
    at IncomingMessage.<anonymous> (file:///C:/Users/NAKULSHARMA/Downloads/developmentsync-main/frontend/node_modules/vite/dist/node/chunks/config.js:21705:6)
    at IncomingMessage.emit (node:events:521:24)
[2m4:04:55 pm[22m [31m[1m[vite][22m[39m [31mws proxy error:[39m
Error: write ECONNABORTED
    at afterWriteDispatched (node:internal/stream_base_commons:159:15)
    at writeGeneric (node:internal/stream_base_commons:150:3)
    at Socket._writeGeneric (node:net:1025:11)
    at Socket._write (node:net:1037:8)
    at writeOrBuffer (node:internal/streams/writable:570:12)
    at _write (node:internal/streams/writable:499:10)
    at Writable.write (node:internal/streams/writable:508:10)
    at writeChunk (file:///C:/Users/NAKULSHARMA/Downloads/developmentsync-main/frontend/node_modules/vite/dist/node/chunks/config.js:21693:13)
    at IncomingMessage.<anonymous> (file:///C:/Users/NAKULSHARMA/Downloads/developmentsync-main/frontend/node_modules/vite/dist/node/chunks/config.js:21705:6)
    at IncomingMessage.emit (node:events:521:24)
[2m4:04:55 pm[22m [31m[1m[vite][22m[39m [31mws proxy socket error:[39m
Error: write ECONNABORTED
    at afterWriteDispatched (node:internal/stream_base_commons:159:15)
    at writeGeneric (node:internal/stream_base_commons:150:3)
    at Socket._writeGeneric (node:net:1025:11)
    at Socket._write (node:net:1037:8)
    at writeOrBuffer (node:internal/streams/writable:570:12)
    at _write (node:internal/streams/writable:499:10)
    at Writable.write (node:internal/streams/writable:508:10)
    at writeChunk (file:///C:/Users/NAKULSHARMA/Downloads/developmentsync-main/frontend/node_modules/vite/dist/node/chunks/config.js:21693:13)
    at IncomingMessage.<anonymous> (file:///C:/Users/NAKULSHARMA/Downloads/developmentsync-main/frontend/node_modules/vite/dist/node/chunks/config.js:21705:6)
    at IncomingMessage.emit (node:events:521:24)
[2m4:05:01 pm[22m [31m[1m[vite][22m[39m [31mws proxy error:[39m
Error: write ECONNABORTED
    at afterWriteDispatched (node:internal/stream_base_commons:159:15)
    at writeGeneric (node:internal/stream_base_commons:150:3)
    at Socket._writeGeneric (node:net:1025:11)
    at Socket._write (node:net:1037:8)
    at writeOrBuffer (node:internal/streams/writable:570:12)
    at _write (node:internal/streams/writable:499:10)
    at Writable.write (node:internal/streams/writable:508:10)
    at writeChunk (file:///C:/Users/NAKULSHARMA/Downloads/developmentsync-main/frontend/node_modules/vite/dist/node/chunks/config.js:21695:13)
    at IncomingMessage.<anonymous> (file:///C:/Users/NAKULSHARMA/Downloads/developmentsync-main/frontend/node_modules/vite/dist/node/chunks/config.js:21702:6)
    at IncomingMessage.emit (node:events:509:28)
[2m4:05:01 pm[22m [31m[1m[vite][22m[39m [31mws proxy socket error:[39m
Error: write ECONNABORTED
    at afterWriteDispatched (node:internal/stream_base_commons:159:15)
    at writeGeneric (node:internal/stream_base_commons:150:3)
    at Socket._writeGeneric (node:net:1025:11)
    at Socket._write (node:net:1037:8)
    at writeOrBuffer (node:internal/streams/writable:570:12)
    at _write (node:internal/streams/writable:499:10)
    at Writable.write (node:internal/streams/writable:508:10)
    at writeChunk (file:///C:/Users/NAKULSHARMA/Downloads/developmentsync-main/frontend/node_modules/vite/dist/node/chunks/config.js:21695:13)
    at IncomingMessage.<anonymous> (file:///C:/Users/NAKULSHARMA/Downloads/developmentsync-main/frontend/node_modules/vite/dist/node/chunks/config.js:21702:6)
    at IncomingMessage.emit (node:events:509:28)
[2m4:05:07 pm[22m [31m[1m[vite][22m[39m [31mws proxy error:[39m
Error: write ECONNABORTED
    at afterWriteDispatched (node:internal/stream_base_commons:159:15)
    at writeGeneric (node:internal/stream_base_commons:150:3)
    at Socket._writeGeneric (node:net:1025:11)
    at Socket._write (node:net:1037:8)
    at writeOrBuffer (node:internal/streams/writable:570:12)
    at _write (node:internal/streams/writable:499:10)
    at Writable.write (node:internal/streams/writable:508:10)
    at writeChunk (file:///C:/Users/NAKULSHARMA/Downloads/developmentsync-main/frontend/node_modules/vite/dist/node/chunks/config.js:21692:13)
    at IncomingMessage.<anonymous> (file:///C:/Users/NAKULSHARMA/Downloads/developmentsync-main/frontend/node_modules/vite/dist/node/chunks/config.js:21705:6)
    at IncomingMessage.emit (node:events:521:24)
[2m4:05:07 pm[22m [31m[1m[vite][22m[39m [31mws proxy socket error:[39m
Error: write ECONNABORTED
    at afterWriteDispatched (node:internal/stream_base_commons:159:15)
    at writeGeneric (node:internal/stream_base_commons:150:3)
    at Socket._writeGeneric (node:net:1025:11)
    at Socket._write (node:net:1037:8)
    at writeOrBuffer (node:internal/streams/writable:570:12)
    at _write (node:internal/streams/writable:499:10)
    at Writable.write (node:internal/streams/writable:508:10)
    at writeChunk (file:///C:/Users/NAKULSHARMA/Downloads/developmentsync-main/frontend/node_modules/vite/dist/node/chunks/config.js:21692:13)
    at IncomingMessage.<anonymous> (file:///C:/Users/NAKULSHARMA/Downloads/developmentsync-main/frontend/node_modules/vite/dist/node/chunks/config.js:21705:6)
    at IncomingMessage.emit (node:events:521:24)
[2m4:05:11 pm[22m [31m[1m[vite][22m[39m [31mws proxy error:[39m
Error: write ECONNABORTED
    at afterWriteDispatched (node:internal/stream_base_commons:159:15)
    at writeGeneric (node:internal/stream_base_commons:150:3)
    at Socket._writeGeneric (node:net:1025:11)
    at Socket._write (node:net:1037:8)
    at writeOrBuffer (node:internal/streams/writable:570:12)
    at _write (node:internal/streams/writable:499:10)
    at Writable.write (node:internal/streams/writable:508:10)
    at writeChunk (file:///C:/Users/NAKULSHARMA/Downloads/developmentsync-main/frontend/node_modules/vite/dist/node/chunks/config.js:21692:13)
    at IncomingMessage.<anonymous> (file:///C:/Users/NAKULSHARMA/Downloads/developmentsync-main/frontend/node_modules/vite/dist/node/chunks/config.js:21705:6)
    at IncomingMessage.emit (node:events:521:24)
[2m4:05:11 pm[22m [31m[1m[vite][22m[39m [31mws proxy socket error:[39m
Error: write ECONNABORTED
    at afterWriteDispatched (node:internal/stream_base_commons:159:15)
    at writeGeneric (node:internal/stream_base_commons:150:3)
    at Socket._writeGeneric (node:net:1025:11)
    at Socket._write (node:net:1037:8)
    at writeOrBuffer (node:internal/streams/writable:570:12)
    at _write (node:internal/streams/writable:499:10)
    at Writable.write (node:internal/streams/writable:508:10)
    at writeChunk (file:///C:/Users/NAKULSHARMA/Downloads/developmentsync-main/frontend/node_modules/vite/dist/node/chunks/config.js:21692:13)
    at IncomingMessage.<anonymous> (file:///C:/Users/NAKULSHARMA/Downloads/developmentsync-main/frontend/node_modules/vite/dist/node/chunks/config.js:21705:6)
    at IncomingMessage.emit (node:events:521:24)
[2m4:05:15 pm[22m [31m[1m[vite][22m[39m [31mws proxy error:[39m
Error: write ECONNABORTED
    at afterWriteDispatched (node:internal/stream_base_commons:159:15)
    at writeGeneric (node:internal/stream_base_commons:150:3)
    at Socket._writeGeneric (node:net:1025:11)
    at Socket._write (node:net:1037:8)
    at writeOrBuffer (node:internal/streams/writable:570:12)
    at _write (node:internal/streams/writable:499:10)
    at Writable.write (node:internal/streams/writable:508:10)
    at writeChunk (file:///C:/Users/NAKULSHARMA/Downloads/developmentsync-main/frontend/node_modules/vite/dist/node/chunks/config.js:21693:13)
    at IncomingMessage.<anonymous> (file:///C:/Users/NAKULSHARMA/Downloads/developmentsync-main/frontend/node_modules/vite/dist/node/chunks/config.js:21702:6)
    at IncomingMessage.emit (node:events:509:28)
[2m4:05:15 pm[22m [31m[1m[vite][22m[39m [31mws proxy socket error:[39m
Error: write ECONNABORTED
    at afterWriteDispatched (node:internal/stream_base_commons:159:15)
    at writeGeneric (node:internal/stream_base_commons:150:3)
    at Socket._writeGeneric (node:net:1025:11)
    at Socket._write (node:net:1037:8)
    at writeOrBuffer (node:internal/streams/writable:570:12)
    at _write (node:internal/streams/writable:499:10)
    at Writable.write (node:internal/streams/writable:508:10)
    at writeChunk (file:///C:/Users/NAKULSHARMA/Downloads/developmentsync-main/frontend/node_modules/vite/dist/node/chunks/config.js:21693:13)
    at IncomingMessage.<anonymous> (file:///C:/Users/NAKULSHARMA/Downloads/developmentsync-main/frontend/node_modules/vite/dist/node/chunks/config.js:21702:6)
    at IncomingMessage.emit (node:events:509:28)
[2m4:05:21 pm[22m [31m[1m[vite][22m[39m [31mws proxy error:[39m
Error: write ECONNABORTED
    at afterWriteDispatched (node:internal/stream_base_commons:159:15)
    at writeGeneric (node:internal/stream_base_commons:150:3)
    at Socket._writeGeneric (node:net:1025:11)
    at Socket._write (node:net:1037:8)
    at writeOrBuffer (node:internal/streams/writable:570:12)
    at _write (node:internal/streams/writable:499:10)
    at Writable.write (node:internal/streams/writable:508:10)
    at writeChunk (file:///C:/Users/NAKULSHARMA/Downloads/developmentsync-main/frontend/node_modules/vite/dist/node/chunks/config.js:21692:13)
    at IncomingMessage.<anonymous> (file:///C:/Users/NAKULSHARMA/Downloads/developmentsync-main/frontend/node_modules/vite/dist/node/chunks/config.js:21705:6)
    at IncomingMessage.emit (node:events:521:24)
[2m4:05:21 pm[22m [31m[1m[vite][22m[39m [31mws proxy socket error:[39m
Error: write ECONNABORTED
    at afterWriteDispatched (node:internal/stream_base_commons:159:15)
    at writeGeneric (node:internal/stream_base_commons:150:3)
    at Socket._writeGeneric (node:net:1025:11)
    at Socket._write (node:net:1037:8)
    at writeOrBuffer (node:internal/streams/writable:570:12)
    at _write (node:internal/streams/writable:499:10)
    at Writable.write (node:internal/streams/writable:508:10)
    at writeChunk (file:///C:/Users/NAKULSHARMA/Downloads/developmentsync-main/frontend/node_modules/vite/dist/node/chunks/config.js:21692:13)
    at IncomingMessage.<anonymous> (file:///C:/Users/NAKULSHARMA/Downloads/developmentsync-main/frontend/node_modules/vite/dist/node/chunks/config.js:21705:6)
    at IncomingMessage.emit (node:events:521:24)
[2m4:05:26 pm[22m [31m[1m[vite][22m[39m [31mws proxy error:[39m
Error: write ECONNABORTED
    at afterWriteDispatched (node:internal/stream_base_commons:159:15)
    at writeGeneric (node:internal/stream_base_commons:150:3)
    at Socket._writeGeneric (node:net:1025:11)
    at Socket._write (node:net:1037:8)
    at writeOrBuffer (node:internal/streams/writable:570:12)
    at _write (node:internal/streams/writable:499:10)
    at Writable.write (node:internal/streams/writable:508:10)
    at writeChunk (file:///C:/Users/NAKULSHARMA/Downloads/developmentsync-main/frontend/node_modules/vite/dist/node/chunks/config.js:21693:13)
    at IncomingMessage.<anonymous> (file:///C:/Users/NAKULSHARMA/Downloads/developmentsync-main/frontend/node_modules/vite/dist/node/chunks/config.js:21702:6)
    at IncomingMessage.emit (node:events:509:28)
[2m4:05:26 pm[22m [31m[1m[vite][22m[39m [31mws proxy socket error:[39m
Error: write ECONNABORTED
    at afterWriteDispatched (node:internal/stream_base_commons:159:15)
    at writeGeneric (node:internal/stream_base_commons:150:3)
    at Socket._writeGeneric (node:net:1025:11)
    at Socket._write (node:net:1037:8)
    at writeOrBuffer (node:internal/streams/writable:570:12)
    at _write (node:internal/streams/writable:499:10)
    at Writable.write (node:internal/streams/writable:508:10)
    at writeChunk (file:///C:/Users/NAKULSHARMA/Downloads/developmentsync-main/frontend/node_modules/vite/dist/node/chunks/config.js:21693:13)
    at IncomingMessage.<anonymous> (file:///C:/Users/NAKULSHARMA/Downloads/developmentsync-main/frontend/node_modules/vite/dist/node/chunks/config.js:21702:6)
    at IncomingMessage.emit (node:events:509:28)
[2m4:05:33 pm[22m [31m[1m[vite][22m[39m [31mws proxy error:[39m
Error: write ECONNABORTED
    at afterWriteDispatched (node:internal/stream_base_commons:159:15)
    at writeGeneric (node:internal/stream_base_commons:150:3)
    at Socket._writeGeneric (node:net:1025:11)
    at Socket._write (node:net:1037:8)
    at writeOrBuffer (node:internal/streams/writable:570:12)
    at _write (node:internal/streams/writable:499:10)
    at Writable.write (node:internal/streams/writable:508:10)
    at writeChunk (file:///C:/Users/NAKULSHARMA/Downloads/developmentsync-main/frontend/node_modules/vite/dist/node/chunks/config.js:21692:13)
    at IncomingMessage.<anonymous> (file:///C:/Users/NAKULSHARMA/Downloads/developmentsync-main/frontend/node_modules/vite/dist/node/chunks/config.js:21705:6)
    at IncomingMessage.emit (node:events:521:24)
[2m4:05:33 pm[22m [31m[1m[vite][22m[39m [31mws proxy socket error:[39m
Error: write ECONNABORTED
    at afterWriteDispatched (node:internal/stream_base_commons:159:15)
    at writeGeneric (node:internal/stream_base_commons:150:3)
    at Socket._writeGeneric (node:net:1025:11)
    at Socket._write (node:net:1037:8)
    at writeOrBuffer (node:internal/streams/writable:570:12)
    at _write (node:internal/streams/writable:499:10)
    at Writable.write (node:internal/streams/writable:508:10)
    at writeChunk (file:///C:/Users/NAKULSHARMA/Downloads/developmentsync-main/frontend/node_modules/vite/dist/node/chunks/config.js:21692:13)
    at IncomingMessage.<anonymous> (file:///C:/Users/NAKULSHARMA/Downloads/developmentsync-main/frontend/node_modules/vite/dist/node/chunks/config.js:21705:6)
    at IncomingMessage.emit (node:events:521:24)
[2m4:05:40 pm[22m [31m[1m[vite][22m[39m [31mws proxy error:[39m
Error: write ECONNABORTED
    at afterWriteDispatched (node:internal/stream_base_commons:159:15)
    at writeGeneric (node:internal/stream_base_commons:150:3)
    at Socket._writeGeneric (node:net:1025:11)
    at Socket._write (node:net:1037:8)
    at writeOrBuffer (node:internal/streams/writable:570:12)
    at _write (node:internal/streams/writable:499:10)
    at Writable.write (node:internal/streams/writable:508:10)
    at writeChunk (file:///C:/Users/NAKULSHARMA/Downloads/developmentsync-main/frontend/node_modules/vite/dist/node/chunks/config.js:21693:13)
    at IncomingMessage.<anonymous> (file:///C:/Users/NAKULSHARMA/Downloads/developmentsync-main/frontend/node_modules/vite/dist/node/chunks/config.js:21702:6)
    at IncomingMessage.emit (node:events:509:28)
[2m4:05:40 pm[22m [31m[1m[vite][22m[39m [31mws proxy socket error:[39m
Error: write ECONNABORTED
    at afterWriteDispatched (node:internal/stream_base_commons:159:15)
    at writeGeneric (node:internal/stream_base_commons:150:3)
    at Socket._writeGeneric (node:net:1025:11)
    at Socket._write (node:net:1037:8)
    at writeOrBuffer (node:internal/streams/writable:570:12)
    at _write (node:internal/streams/writable:499:10)
    at Writable.write (node:internal/streams/writable:508:10)
    at writeChunk (file:///C:/Users/NAKULSHARMA/Downloads/developmentsync-main/frontend/node_modules/vite/dist/node/chunks/config.js:21693:13)
    at IncomingMessage.<anonymous> (file:///C:/Users/NAKULSHARMA/Downloads/developmentsync-main/frontend/node_modules/vite/dist/node/chunks/config.js:21702:6)
    at IncomingMessage.emit (node:events:509:28)
[2m4:05:45 pm[22m [31m[1m[vite][22m[39m [31mws proxy error:[39m
Error: write ECONNABORTED
    at afterWriteDispatched (node:internal/stream_base_commons:159:15)
    at writeGeneric (node:internal/stream_base_commons:150:3)
    at Socket._writeGeneric (node:net:1025:11)
    at Socket._write (node:net:1037:8)
    at writeOrBuffer (node:internal/streams/writable:570:12)
    at _write (node:internal/streams/writable:499:10)
    at Writable.write (node:internal/streams/writable:508:10)
    at writeChunk (file:///C:/Users/NAKULSHARMA/Downloads/developmentsync-main/frontend/node_modules/vite/dist/node/chunks/config.js:21692:13)
    at IncomingMessage.<anonymous> (file:///C:/Users/NAKULSHARMA/Downloads/developmentsync-main/frontend/node_modules/vite/dist/node/chunks/config.js:21705:6)
    at IncomingMessage.emit (node:events:521:24)
[2m4:05:45 pm[22m [31m[1m[vite][22m[39m [31mws proxy socket error:[39m
Error: write ECONNABORTED
    at afterWriteDispatched (node:internal/stream_base_commons:159:15)
    at writeGeneric (node:internal/stream_base_commons:150:3)
    at Socket._writeGeneric (node:net:1025:11)
    at Socket._write (node:net:1037:8)
    at writeOrBuffer (node:internal/streams/writable:570:12)
    at _write (node:internal/streams/writable:499:10)
    at Writable.write (node:internal/streams/writable:508:10)
    at writeChunk (file:///C:/Users/NAKULSHARMA/Downloads/developmentsync-main/frontend/node_modules/vite/dist/node/chunks/config.js:21692:13)
    at IncomingMessage.<anonymous> (file:///C:/Users/NAKULSHARMA/Downloads/developmentsync-main/frontend/node_modules/vite/dist/node/chunks/config.js:21705:6)
    at IncomingMessage.emit (node:events:521:24)
[2m4:05:51 pm[22m [31m[1m[vite][22m[39m [31mws proxy error:[39m
Error: write ECONNABORTED
    at afterWriteDispatched (node:internal/stream_base_commons:159:15)
    at writeGeneric (node:internal/stream_base_commons:150:3)
    at Socket._writeGeneric (node:net:1025:11)
    at Socket._write (node:net:1037:8)
    at writeOrBuffer (node:internal/streams/writable:570:12)
    at _write (node:internal/streams/writable:499:10)
    at Writable.write (node:internal/streams/writable:508:10)
    at writeChunk (file:///C:/Users/NAKULSHARMA/Downloads/developmentsync-main/frontend/node_modules/vite/dist/node/chunks/config.js:21692:13)
    at IncomingMessage.<anonymous> (file:///C:/Users/NAKULSHARMA/Downloads/developmentsync-main/frontend/node_modules/vite/dist/node/chunks/config.js:21705:6)
    at IncomingMessage.emit (node:events:521:24)
[2m4:05:51 pm[22m [31m[1m[vite][22m[39m [31mws proxy socket error:[39m
Error: write ECONNABORTED
    at afterWriteDispatched (node:internal/stream_base_commons:159:15)
    at writeGeneric (node:internal/stream_base_commons:150:3)
    at Socket._writeGeneric (node:net:1025:11)
    at Socket._write (node:net:1037:8)
    at writeOrBuffer (node:internal/streams/writable:570:12)
    at _write (node:internal/streams/writable:499:10)
    at Writable.write (node:internal/streams/writable:508:10)
    at writeChunk (file:///C:/Users/NAKULSHARMA/Downloads/developmentsync-main/frontend/node_modules/vite/dist/node/chunks/config.js:21692:13)
    at IncomingMessage.<anonymous> (file:///C:/Users/NAKULSHARMA/Downloads/developmentsync-main/frontend/node_modules/vite/dist/node/chunks/config.js:21705:6)
    at IncomingMessage.emit (node:events:521:24)
[2m4:05:59 pm[22m [31m[1m[vite][22m[39m [31mws proxy error:[39m
Error: write ECONNABORTED
    at afterWriteDispatched (node:internal/stream_base_commons:159:15)
    at writeGeneric (node:internal/stream_base_commons:150:3)
    at Socket._writeGeneric (node:net:1025:11)
    at Socket._write (node:net:1037:8)
    at writeOrBuffer (node:internal/streams/writable:570:12)
    at _write (node:internal/streams/writable:499:10)
    at Writable.write (node:internal/streams/writable:508:10)
    at writeChunk (file:///C:/Users/NAKULSHARMA/Downloads/developmentsync-main/frontend/node_modules/vite/dist/node/chunks/config.js:21692:13)
    at IncomingMessage.<anonymous> (file:///C:/Users/NAKULSHARMA/Downloads/developmentsync-main/frontend/node_modules/vite/dist/node/chunks/config.js:21705:6)
    at IncomingMessage.emit (node:events:521:24)
[2m4:05:59 pm[22m [31m[1m[vite][22m[39m [31mws proxy socket error:[39m
Error: write ECONNABORTED
    at afterWriteDispatched (node:internal/stream_base_commons:159:15)
    at writeGeneric (node:internal/stream_base_commons:150:3)
    at Socket._writeGeneric (node:net:1025:11)
    at Socket._write (node:net:1037:8)
    at writeOrBuffer (node:internal/streams/writable:570:12)
    at _write (node:internal/streams/writable:499:10)
    at Writable.write (node:internal/streams/writable:508:10)
    at writeChunk (file:///C:/Users/NAKULSHARMA/Downloads/developmentsync-main/frontend/node_modules/vite/dist/node/chunks/config.js:21692:13)
    at IncomingMessage.<anonymous> (file:///C:/Users/NAKULSHARMA/Downloads/developmentsync-main/frontend/node_modules/vite/dist/node/chunks/config.js:21705:6)
    at IncomingMessage.emit (node:events:521:24)
[2m4:06:05 pm[22m [31m[1m[vite][22m[39m [31mws proxy error:[39m
Error: write ECONNABORTED
    at afterWriteDispatched (node:internal/stream_base_commons:159:15)
    at writeGeneric (node:internal/stream_base_commons:150:3)
    at Socket._writeGeneric (node:net:1025:11)
    at Socket._write (node:net:1037:8)
    at writeOrBuffer (node:internal/streams/writable:570:12)
    at _write (node:internal/streams/writable:499:10)
    at Writable.write (node:internal/streams/writable:508:10)
    at writeChunk (file:///C:/Users/NAKULSHARMA/Downloads/developmentsync-main/frontend/node_modules/vite/dist/node/chunks/config.js:21694:13)
    at IncomingMessage.<anonymous> (file:///C:/Users/NAKULSHARMA/Downloads/developmentsync-main/frontend/node_modules/vite/dist/node/chunks/config.js:21702:6)
    at IncomingMessage.emit (node:events:509:28)
[2m4:06:05 pm[22m [31m[1m[vite][22m[39m [31mws proxy socket error:[39m
Error: write ECONNABORTED
    at afterWriteDispatched (node:internal/stream_base_commons:159:15)
    at writeGeneric (node:internal/stream_base_commons:150:3)
    at Socket._writeGeneric (node:net:1025:11)
    at Socket._write (node:net:1037:8)
    at writeOrBuffer (node:internal/streams/writable:570:12)
    at _write (node:internal/streams/writable:499:10)
    at Writable.write (node:internal/streams/writable:508:10)
    at writeChunk (file:///C:/Users/NAKULSHARMA/Downloads/developmentsync-main/frontend/node_modules/vite/dist/node/chunks/config.js:21694:13)
    at IncomingMessage.<anonymous> (file:///C:/Users/NAKULSHARMA/Downloads/developmentsync-main/frontend/node_modules/vite/dist/node/chunks/config.js:21702:6)
    at IncomingMessage.emit (node:events:509:28)
[2m4:06:11 pm[22m [31m[1m[vite][22m[39m [31mws proxy error:[39m
Error: write ECONNABORTED
    at afterWriteDispatched (node:internal/stream_base_commons:159:15)
    at writeGeneric (node:internal/stream_base_commons:150:3)
    at Socket._writeGeneric (node:net:1025:11)
    at Socket._write (node:net:1037:8)
    at writeOrBuffer (node:internal/streams/writable:570:12)
    at _write (node:internal/streams/writable:499:10)
    at Writable.write (node:internal/streams/writable:508:10)
    at writeChunk (file:///C:/Users/NAKULSHARMA/Downloads/developmentsync-main/frontend/node_modules/vite/dist/node/chunks/config.js:21693:13)
    at IncomingMessage.<anonymous> (file:///C:/Users/NAKULSHARMA/Downloads/developmentsync-main/frontend/node_modules/vite/dist/node/chunks/config.js:21702:6)
    at IncomingMessage.emit (node:events:509:28)
[2m4:06:11 pm[22m [31m[1m[vite][22m[39m [31mws proxy socket error:[39m
Error: write ECONNABORTED
    at afterWriteDispatched (node:internal/stream_base_commons:159:15)
    at writeGeneric (node:internal/stream_base_commons:150:3)
    at Socket._writeGeneric (node:net:1025:11)
    at Socket._write (node:net:1037:8)
    at writeOrBuffer (node:internal/streams/writable:570:12)
    at _write (node:internal/streams/writable:499:10)
    at Writable.write (node:internal/streams/writable:508:10)
    at writeChunk (file:///C:/Users/NAKULSHARMA/Downloads/developmentsync-main/frontend/node_modules/vite/dist/node/chunks/config.js:21693:13)
    at IncomingMessage.<anonymous> (file:///C:/Users/NAKULSHARMA/Downloads/developmentsync-main/frontend/node_modules/vite/dist/node/chunks/config.js:21702:6)
    at IncomingMessage.emit (node:events:509:28)
[2m4:06:18 pm[22m [31m[1m[vite][22m[39m [31mws proxy error:[39m
Error: write ECONNABORTED
    at afterWriteDispatched (node:internal/stream_base_commons:159:15)
    at writeGeneric (node:internal/stream_base_commons:150:3)
    at Socket._writeGeneric (node:net:1025:11)
    at Socket._write (node:net:1037:8)
    at writeOrBuffer (node:internal/streams/writable:570:12)
    at _write (node:internal/streams/writable:499:10)
    at Writable.write (node:internal/streams/writable:508:10)
    at writeChunk (file:///C:/Users/NAKULSHARMA/Downloads/developmentsync-main/frontend/node_modules/vite/dist/node/chunks/config.js:21693:13)
    at IncomingMessage.<anonymous> (file:///C:/Users/NAKULSHARMA/Downloads/developmentsync-main/frontend/node_modules/vite/dist/node/chunks/config.js:21702:6)
    at IncomingMessage.emit (node:events:509:28)
[2m4:06:18 pm[22m [31m[1m[vite][22m[39m [31mws proxy socket error:[39m
Error: write ECONNABORTED
    at afterWriteDispatched (node:internal/stream_base_commons:159:15)
    at writeGeneric (node:internal/stream_base_commons:150:3)
    at Socket._writeGeneric (node:net:1025:11)
    at Socket._write (node:net:1037:8)
    at writeOrBuffer (node:internal/streams/writable:570:12)
    at _write (node:internal/streams/writable:499:10)
    at Writable.write (node:internal/streams/writable:508:10)
    at writeChunk (file:///C:/Users/NAKULSHARMA/Downloads/developmentsync-main/frontend/node_modules/vite/dist/node/chunks/config.js:21693:13)
    at IncomingMessage.<anonymous> (file:///C:/Users/NAKULSHARMA/Downloads/developmentsync-main/frontend/node_modules/vite/dist/node/chunks/config.js:21702:6)
    at IncomingMessage.emit (node:events:509:28)
[2m4:06:22 pm[22m [31m[1m[vite][22m[39m [31mws proxy error:[39m
Error: write ECONNABORTED
    at afterWriteDispatched (node:internal/stream_base_commons:159:15)
    at writeGeneric (node:internal/stream_base_commons:150:3)
    at Socket._writeGeneric (node:net:1025:11)
    at Socket._write (node:net:1037:8)
    at writeOrBuffer (node:internal/streams/writable:570:12)
    at _write (node:internal/streams/writable:499:10)
    at Writable.write (node:internal/streams/writable:508:10)
    at writeChunk (file:///C:/Users/NAKULSHARMA/Downloads/developmentsync-main/frontend/node_modules/vite/dist/node/chunks/config.js:21693:13)
    at IncomingMessage.<anonymous> (file:///C:/Users/NAKULSHARMA/Downloads/developmentsync-main/frontend/node_modules/vite/dist/node/chunks/config.js:21702:6)
    at IncomingMessage.emit (node:events:509:28)
[2m4:06:22 pm[22m [31m[1m[vite][22m[39m [31mws proxy socket error:[39m
Error: write ECONNABORTED
    at afterWriteDispatched (node:internal/stream_base_commons:159:15)
    at writeGeneric (node:internal/stream_base_commons:150:3)
    at Socket._writeGeneric (node:net:1025:11)
    at Socket._write (node:net:1037:8)
    at writeOrBuffer (node:internal/streams/writable:570:12)
    at _write (node:internal/streams/writable:499:10)
    at Writable.write (node:internal/streams/writable:508:10)
    at writeChunk (file:///C:/Users/NAKULSHARMA/Downloads/developmentsync-main/frontend/node_modules/vite/dist/node/chunks/config.js:21693:13)
    at IncomingMessage.<anonymous> (file:///C:/Users/NAKULSHARMA/Downloads/developmentsync-main/frontend/node_modules/vite/dist/node/chunks/config.js:21702:6)
    at IncomingMessage.emit (node:events:509:28)
[2m4:06:28 pm[22m [31m[1m[vite][22m[39m [31mws proxy error:[39m
Error: write ECONNABORTED
    at afterWriteDispatched (node:internal/stream_base_commons:159:15)
    at writeGeneric (node:internal/stream_base_commons:150:3)
    at Socket._writeGeneric (node:net:1025:11)
    at Socket._write (node:net:1037:8)
    at writeOrBuffer (node:internal/streams/writable:570:12)
    at _write (node:internal/streams/writable:499:10)
    at Writable.write (node:internal/streams/writable:508:10)
    at writeChunk (file:///C:/Users/NAKULSHARMA/Downloads/developmentsync-main/frontend/node_modules/vite/dist/node/chunks/config.js:21692:13)
    at IncomingMessage.<anonymous> (file:///C:/Users/NAKULSHARMA/Downloads/developmentsync-main/frontend/node_modules/vite/dist/node/chunks/config.js:21705:6)
    at IncomingMessage.emit (node:events:521:24)
[2m4:06:28 pm[22m [31m[1m[vite][22m[39m [31mws proxy socket error:[39m
Error: write ECONNABORTED
    at afterWriteDispatched (node:internal/stream_base_commons:159:15)
    at writeGeneric (node:internal/stream_base_commons:150:3)
    at Socket._writeGeneric (node:net:1025:11)
    at Socket._write (node:net:1037:8)
    at writeOrBuffer (node:internal/streams/writable:570:12)
    at _write (node:internal/streams/writable:499:10)
    at Writable.write (node:internal/streams/writable:508:10)
    at writeChunk (file:///C:/Users/NAKULSHARMA/Downloads/developmentsync-main/frontend/node_modules/vite/dist/node/chunks/config.js:21692:13)
    at IncomingMessage.<anonymous> (file:///C:/Users/NAKULSHARMA/Downloads/developmentsync-main/frontend/node_modules/vite/dist/node/chunks/config.js:21705:6)
    at IncomingMessage.emit (node:events:521:24)
[2m4:06:31 pm[22m [31m[1m[vite][22m[39m [31mws proxy error:[39m
Error: write ECONNABORTED
    at afterWriteDispatched (node:internal/stream_base_commons:159:15)
    at writeGeneric (node:internal/stream_base_commons:150:3)
    at Socket._writeGeneric (node:net:1025:11)
    at Socket._write (node:net:1037:8)
    at writeOrBuffer (node:internal/streams/writable:570:12)
    at _write (node:internal/streams/writable:499:10)
    at Writable.write (node:internal/streams/writable:508:10)
    at writeChunk (file:///C:/Users/NAKULSHARMA/Downloads/developmentsync-main/frontend/node_modules/vite/dist/node/chunks/config.js:21694:13)
    at IncomingMessage.<anonymous> (file:///C:/Users/NAKULSHARMA/Downloads/developmentsync-main/frontend/node_modules/vite/dist/node/chunks/config.js:21702:6)
    at IncomingMessage.emit (node:events:509:28)
[2m4:06:31 pm[22m [31m[1m[vite][22m[39m [31mws proxy socket error:[39m
Error: write ECONNABORTED
    at afterWriteDispatched (node:internal/stream_base_commons:159:15)
    at writeGeneric (node:internal/stream_base_commons:150:3)
    at Socket._writeGeneric (node:net:1025:11)
    at Socket._write (node:net:1037:8)
    at writeOrBuffer (node:internal/streams/writable:570:12)
    at _write (node:internal/streams/writable:499:10)
    at Writable.write (node:internal/streams/writable:508:10)
    at writeChunk (file:///C:/Users/NAKULSHARMA/Downloads/developmentsync-main/frontend/node_modules/vite/dist/node/chunks/config.js:21694:13)
    at IncomingMessage.<anonymous> (file:///C:/Users/NAKULSHARMA/Downloads/developmentsync-main/frontend/node_modules/vite/dist/node/chunks/config.js:21702:6)
    at IncomingMessage.emit (node:events:509:28)
[2m4:06:41 pm[22m [31m[1m[vite][22m[39m [31mws proxy error:[39m
Error: write ECONNABORTED
    at afterWriteDispatched (node:internal/stream_base_commons:159:15)
    at writeGeneric (node:internal/stream_base_commons:150:3)
    at Socket._writeGeneric (node:net:1025:11)
    at Socket._write (node:net:1037:8)
    at writeOrBuffer (node:internal/streams/writable:570:12)
    at _write (node:internal/streams/writable:499:10)
    at Writable.write (node:internal/streams/writable:508:10)
    at writeChunk (file:///C:/Users/NAKULSHARMA/Downloads/developmentsync-main/frontend/node_modules/vite/dist/node/chunks/config.js:21695:13)
    at IncomingMessage.<anonymous> (file:///C:/Users/NAKULSHARMA/Downloads/developmentsync-main/frontend/node_modules/vite/dist/node/chunks/config.js:21702:6)
    at IncomingMessage.emit (node:events:509:28)
[2m4:06:41 pm[22m [31m[1m[vite][22m[39m [31mws proxy socket error:[39m
Error: write ECONNABORTED
    at afterWriteDispatched (node:internal/stream_base_commons:159:15)
    at writeGeneric (node:internal/stream_base_commons:150:3)
    at Socket._writeGeneric (node:net:1025:11)
    at Socket._write (node:net:1037:8)
    at writeOrBuffer (node:internal/streams/writable:570:12)
    at _write (node:internal/streams/writable:499:10)
    at Writable.write (node:internal/streams/writable:508:10)
    at writeChunk (file:///C:/Users/NAKULSHARMA/Downloads/developmentsync-main/frontend/node_modules/vite/dist/node/chunks/config.js:21695:13)
    at IncomingMessage.<anonymous> (file:///C:/Users/NAKULSHARMA/Downloads/developmentsync-main/frontend/node_modules/vite/dist/node/chunks/config.js:21702:6)
    at IncomingMessage.emit (node:events:509:28)
[2m4:06:43 pm[22m [31m[1m[vite][22m[39m [31mws proxy error:[39m
Error: write ECONNABORTED
    at afterWriteDispatched (node:internal/stream_base_commons:159:15)
    at writeGeneric (node:internal/stream_base_commons:150:3)
    at Socket._writeGeneric (node:net:1025:11)
    at Socket._write (node:net:1037:8)
    at writeOrBuffer (node:internal/streams/writable:570:12)
    at _write (node:internal/streams/writable:499:10)
    at Writable.write (node:internal/streams/writable:508:10)
    at writeChunk (file:///C:/Users/NAKULSHARMA/Downloads/developmentsync-main/frontend/node_modules/vite/dist/node/chunks/config.js:21692:13)
    at IncomingMessage.<anonymous> (file:///C:/Users/NAKULSHARMA/Downloads/developmentsync-main/frontend/node_modules/vite/dist/node/chunks/config.js:21705:6)
    at IncomingMessage.emit (node:events:521:24)
[2m4:06:43 pm[22m [31m[1m[vite][22m[39m [31mws proxy socket error:[39m
Error: write ECONNABORTED
    at afterWriteDispatched (node:internal/stream_base_commons:159:15)
    at writeGeneric (node:internal/stream_base_commons:150:3)
    at Socket._writeGeneric (node:net:1025:11)
    at Socket._write (node:net:1037:8)
    at writeOrBuffer (node:internal/streams/writable:570:12)
    at _write (node:internal/streams/writable:499:10)
    at Writable.write (node:internal/streams/writable:508:10)
    at writeChunk (file:///C:/Users/NAKULSHARMA/Downloads/developmentsync-main/frontend/node_modules/vite/dist/node/chunks/config.js:21692:13)
    at IncomingMessage.<anonymous> (file:///C:/Users/NAKULSHARMA/Downloads/developmentsync-main/frontend/node_modules/vite/dist/node/chunks/config.js:21705:6)
    at IncomingMessage.emit (node:events:521:24)
[2m4:06:46 pm[22m [31m[1m[vite][22m[39m [31mws proxy error:[39m
Error: write ECONNABORTED
    at afterWriteDispatched (node:internal/stream_base_commons:159:15)
    at writeGeneric (node:internal/stream_base_commons:150:3)
    at Socket._writeGeneric (node:net:1025:11)
    at Socket._write (node:net:1037:8)
    at writeOrBuffer (node:internal/streams/writable:570:12)
    at _write (node:internal/streams/writable:499:10)
    at Writable.write (node:internal/streams/writable:508:10)
    at writeChunk (file:///C:/Users/NAKULSHARMA/Downloads/developmentsync-main/frontend/node_modules/vite/dist/node/chunks/config.js:21692:13)
    at IncomingMessage.<anonymous> (file:///C:/Users/NAKULSHARMA/Downloads/developmentsync-main/frontend/node_modules/vite/dist/node/chunks/config.js:21705:6)
    at IncomingMessage.emit (node:events:521:24)
[2m4:06:46 pm[22m [31m[1m[vite][22m[39m [31mws proxy socket error:[39m
Error: write ECONNABORTED
    at afterWriteDispatched (node:internal/stream_base_commons:159:15)
    at writeGeneric (node:internal/stream_base_commons:150:3)
    at Socket._writeGeneric (node:net:1025:11)
    at Socket._write (node:net:1037:8)
    at writeOrBuffer (node:internal/streams/writable:570:12)
    at _write (node:internal/streams/writable:499:10)
    at Writable.write (node:internal/streams/writable:508:10)
    at writeChunk (file:///C:/Users/NAKULSHARMA/Downloads/developmentsync-main/frontend/node_modules/vite/dist/node/chunks/config.js:21692:13)
    at IncomingMessage.<anonymous> (file:///C:/Users/NAKULSHARMA/Downloads/developmentsync-main/frontend/node_modules/vite/dist/node/chunks/config.js:21705:6)
    at IncomingMessage.emit (node:events:521:24)
[2m4:06:48 pm[22m [31m[1m[vite][22m[39m [31mws proxy error:[39m
Error: write ECONNABORTED
    at afterWriteDispatched (node:internal/stream_base_commons:159:15)
    at writeGeneric (node:internal/stream_base_commons:150:3)
    at Socket._writeGeneric (node:net:1025:11)
    at Socket._write (node:net:1037:8)
    at writeOrBuffer (node:internal/streams/writable:570:12)
    at _write (node:internal/streams/writable:499:10)
    at Writable.write (node:internal/streams/writable:508:10)
    at writeChunk (file:///C:/Users/NAKULSHARMA/Downloads/developmentsync-main/frontend/node_modules/vite/dist/node/chunks/config.js:21692:13)
    at IncomingMessage.<anonymous> (file:///C:/Users/NAKULSHARMA/Downloads/developmentsync-main/frontend/node_modules/vite/dist/node/chunks/config.js:21705:6)
    at IncomingMessage.emit (node:events:521:24)
[2m4:06:48 pm[22m [31m[1m[vite][22m[39m [31mws proxy socket error:[39m
Error: write ECONNABORTED
    at afterWriteDispatched (node:internal/stream_base_commons:159:15)
    at writeGeneric (node:internal/stream_base_commons:150:3)
    at Socket._writeGeneric (node:net:1025:11)
    at Socket._write (node:net:1037:8)
    at writeOrBuffer (node:internal/streams/writable:570:12)
    at _write (node:internal/streams/writable:499:10)
    at Writable.write (node:internal/streams/writable:508:10)
    at writeChunk (file:///C:/Users/NAKULSHARMA/Downloads/developmentsync-main/frontend/node_modules/vite/dist/node/chunks/config.js:21692:13)
    at IncomingMessage.<anonymous> (file:///C:/Users/NAKULSHARMA/Downloads/developmentsync-main/frontend/node_modules/vite/dist/node/chunks/config.js:21705:6)
    at IncomingMessage.emit (node:events:521:24)
[2m4:06:50 pm[22m [31m[1m[vite][22m[39m [31mws proxy error:[39m
Error: write ECONNABORTED
    at afterWriteDispatched (node:internal/stream_base_commons:159:15)
    at writeGeneric (node:internal/stream_base_commons:150:3)
    at Socket._writeGeneric (node:net:1025:11)
    at Socket._write (node:net:1037:8)
    at writeOrBuffer (node:internal/streams/writable:570:12)
    at _write (node:internal/streams/writable:499:10)
    at Writable.write (node:internal/streams/writable:508:10)
    at writeChunk (file:///C:/Users/NAKULSHARMA/Downloads/developmentsync-main/frontend/node_modules/vite/dist/node/chunks/config.js:21692:13)
    at IncomingMessage.<anonymous> (file:///C:/Users/NAKULSHARMA/Downloads/developmentsync-main/frontend/node_modules/vite/dist/node/chunks/config.js:21705:6)
    at IncomingMessage.emit (node:events:521:24)
[2m4:06:50 pm[22m [31m[1m[vite][22m[39m [31mws proxy socket error:[39m
Error: write ECONNABORTED
    at afterWriteDispatched (node:internal/stream_base_commons:159:15)
    at writeGeneric (node:internal/stream_base_commons:150:3)
    at Socket._writeGeneric (node:net:1025:11)
    at Socket._write (node:net:1037:8)
    at writeOrBuffer (node:internal/streams/writable:570:12)
    at _write (node:internal/streams/writable:499:10)
    at Writable.write (node:internal/streams/writable:508:10)
    at writeChunk (file:///C:/Users/NAKULSHARMA/Downloads/developmentsync-main/frontend/node_modules/vite/dist/node/chunks/config.js:21692:13)
    at IncomingMessage.<anonymous> (file:///C:/Users/NAKULSHARMA/Downloads/developmentsync-main/frontend/node_modules/vite/dist/node/chunks/config.js:21705:6)
    at IncomingMessage.emit (node:events:521:24)
[2m4:06:52 pm[22m [31m[1m[vite][22m[39m [31mws proxy error:[39m
Error: write ECONNABORTED
    at afterWriteDispatched (node:internal/stream_base_commons:159:15)
    at writeGeneric (node:internal/stream_base_commons:150:3)
    at Socket._writeGeneric (node:net:1025:11)
    at Socket._write (node:net:1037:8)
    at writeOrBuffer (node:internal/streams/writable:570:12)
    at _write (node:internal/streams/writable:499:10)
    at Writable.write (node:internal/streams/writable:508:10)
    at writeChunk (file:///C:/Users/NAKULSHARMA/Downloads/developmentsync-main/frontend/node_modules/vite/dist/node/chunks/config.js:21693:13)
    at IncomingMessage.<anonymous> (file:///C:/Users/NAKULSHARMA/Downloads/developmentsync-main/frontend/node_modules/vite/dist/node/chunks/config.js:21705:6)
    at IncomingMessage.emit (node:events:521:24)
[2m4:06:52 pm[22m [31m[1m[vite][22m[39m [31mws proxy socket error:[39m
Error: write ECONNABORTED
    at afterWriteDispatched (node:internal/stream_base_commons:159:15)
    at writeGeneric (node:internal/stream_base_commons:150:3)
    at Socket._writeGeneric (node:net:1025:11)
    at Socket._write (node:net:1037:8)
    at writeOrBuffer (node:internal/streams/writable:570:12)
    at _write (node:internal/streams/writable:499:10)
    at Writable.write (node:internal/streams/writable:508:10)
    at writeChunk (file:///C:/Users/NAKULSHARMA/Downloads/developmentsync-main/frontend/node_modules/vite/dist/node/chunks/config.js:21693:13)
    at IncomingMessage.<anonymous> (file:///C:/Users/NAKULSHARMA/Downloads/developmentsync-main/frontend/node_modules/vite/dist/node/chunks/config.js:21705:6)
    at IncomingMessage.emit (node:events:521:24)
[2m4:06:55 pm[22m [31m[1m[vite][22m[39m [31mws proxy error:[39m
Error: write ECONNABORTED
    at afterWriteDispatched (node:internal/stream_base_commons:159:15)
    at writeGeneric (node:internal/stream_base_commons:150:3)
    at Socket._writeGeneric (node:net:1025:11)
    at Socket._write (node:net:1037:8)
    at writeOrBuffer (node:internal/streams/writable:570:12)
    at _write (node:internal/streams/writable:499:10)
    at Writable.write (node:internal/streams/writable:508:10)
    at writeChunk (file:///C:/Users/NAKULSHARMA/Downloads/developmentsync-main/frontend/node_modules/vite/dist/node/chunks/config.js:21693:13)
    at IncomingMessage.<anonymous> (file:///C:/Users/NAKULSHARMA/Downloads/developmentsync-main/frontend/node_modules/vite/dist/node/chunks/config.js:21702:6)
    at IncomingMessage.emit (node:events:509:28)
[2m4:06:55 pm[22m [31m[1m[vite][22m[39m [31mws proxy socket error:[39m
Error: write ECONNABORTED
    at afterWriteDispatched (node:internal/stream_base_commons:159:15)
    at writeGeneric (node:internal/stream_base_commons:150:3)
    at Socket._writeGeneric (node:net:1025:11)
    at Socket._write (node:net:1037:8)
    at writeOrBuffer (node:internal/streams/writable:570:12)
    at _write (node:internal/streams/writable:499:10)
    at Writable.write (node:internal/streams/writable:508:10)
    at writeChunk (file:///C:/Users/NAKULSHARMA/Downloads/developmentsync-main/frontend/node_modules/vite/dist/node/chunks/config.js:21693:13)
    at IncomingMessage.<anonymous> (file:///C:/Users/NAKULSHARMA/Downloads/developmentsync-main/frontend/node_modules/vite/dist/node/chunks/config.js:21702:6)
    at IncomingMessage.emit (node:events:509:28)
[2m4:06:58 pm[22m [31m[1m[vite][22m[39m [31mws proxy error:[39m
Error: write ECONNABORTED
    at afterWriteDispatched (node:internal/stream_base_commons:159:15)
    at writeGeneric (node:internal/stream_base_commons:150:3)
    at Socket._writeGeneric (node:net:1025:11)
    at Socket._write (node:net:1037:8)
    at writeOrBuffer (node:internal/streams/writable:570:12)
    at _write (node:internal/streams/writable:499:10)
    at Writable.write (node:internal/streams/writable:508:10)
    at writeChunk (file:///C:/Users/NAKULSHARMA/Downloads/developmentsync-main/frontend/node_modules/vite/dist/node/chunks/config.js:21693:13)
    at IncomingMessage.<anonymous> (file:///C:/Users/NAKULSHARMA/Downloads/developmentsync-main/frontend/node_modules/vite/dist/node/chunks/config.js:21702:6)
    at IncomingMessage.emit (node:events:509:28)
[2m4:06:58 pm[22m [31m[1m[vite][22m[39m [31mws proxy socket error:[39m
Error: write ECONNABORTED
    at afterWriteDispatched (node:internal/stream_base_commons:159:15)
    at writeGeneric (node:internal/stream_base_commons:150:3)
    at Socket._writeGeneric (node:net:1025:11)
    at Socket._write (node:net:1037:8)
    at writeOrBuffer (node:internal/streams/writable:570:12)
    at _write (node:internal/streams/writable:499:10)
    at Writable.write (node:internal/streams/writable:508:10)
    at writeChunk (file:///C:/Users/NAKULSHARMA/Downloads/developmentsync-main/frontend/node_modules/vite/dist/node/chunks/config.js:21693:13)
    at IncomingMessage.<anonymous> (file:///C:/Users/NAKULSHARMA/Downloads/developmentsync-main/frontend/node_modules/vite/dist/node/chunks/config.js:21702:6)
    at IncomingMessage.emit (node:events:509:28)
[2m4:07:01 pm[22m [31m[1m[vite][22m[39m [31mws proxy error:[39m
Error: write ECONNABORTED
    at afterWriteDispatched (node:internal/stream_base_commons:159:15)
    at writeGeneric (node:internal/stream_base_commons:150:3)
    at Socket._writeGeneric (node:net:1025:11)
    at Socket._write (node:net:1037:8)
    at writeOrBuffer (node:internal/streams/writable:570:12)
    at _write (node:internal/streams/writable:499:10)
    at Writable.write (node:internal/streams/writable:508:10)
    at writeChunk (file:///C:/Users/NAKULSHARMA/Downloads/developmentsync-main/frontend/node_modules/vite/dist/node/chunks/config.js:21695:13)
    at IncomingMessage.<anonymous> (file:///C:/Users/NAKULSHARMA/Downloads/developmentsync-main/frontend/node_modules/vite/dist/node/chunks/config.js:21702:6)
    at IncomingMessage.emit (node:events:509:28)
[2m4:07:01 pm[22m [31m[1m[vite][22m[39m [31mws proxy socket error:[39m
Error: write ECONNABORTED
    at afterWriteDispatched (node:internal/stream_base_commons:159:15)
    at writeGeneric (node:internal/stream_base_commons:150:3)
    at Socket._writeGeneric (node:net:1025:11)
    at Socket._write (node:net:1037:8)
    at writeOrBuffer (node:internal/streams/writable:570:12)
    at _write (node:internal/streams/writable:499:10)
    at Writable.write (node:internal/streams/writable:508:10)
    at writeChunk (file:///C:/Users/NAKULSHARMA/Downloads/developmentsync-main/frontend/node_modules/vite/dist/node/chunks/config.js:21695:13)
    at IncomingMessage.<anonymous> (file:///C:/Users/NAKULSHARMA/Downloads/developmentsync-main/frontend/node_modules/vite/dist/node/chunks/config.js:21702:6)
    at IncomingMessage.emit (node:events:509:28)
[2m4:07:04 pm[22m [31m[1m[vite][22m[39m [31mws proxy error:[39m
Error: write ECONNABORTED
    at afterWriteDispatched (node:internal/stream_base_commons:159:15)
    at writeGeneric (node:internal/stream_base_commons:150:3)
    at Socket._writeGeneric (node:net:1025:11)
    at Socket._write (node:net:1037:8)
    at writeOrBuffer (node:internal/streams/writable:570:12)
    at _write (node:internal/streams/writable:499:10)
    at Writable.write (node:internal/streams/writable:508:10)
    at writeChunk (file:///C:/Users/NAKULSHARMA/Downloads/developmentsync-main/frontend/node_modules/vite/dist/node/chunks/config.js:21692:13)
    at IncomingMessage.<anonymous> (file:///C:/Users/NAKULSHARMA/Downloads/developmentsync-main/frontend/node_modules/vite/dist/node/chunks/config.js:21705:6)
    at IncomingMessage.emit (node:events:521:24)
[2m4:07:04 pm[22m [31m[1m[vite][22m[39m [31mws proxy socket error:[39m
Error: write ECONNABORTED
    at afterWriteDispatched (node:internal/stream_base_commons:159:15)
    at writeGeneric (node:internal/stream_base_commons:150:3)
    at Socket._writeGeneric (node:net:1025:11)
    at Socket._write (node:net:1037:8)
    at writeOrBuffer (node:internal/streams/writable:570:12)
    at _write (node:internal/streams/writable:499:10)
    at Writable.write (node:internal/streams/writable:508:10)
    at writeChunk (file:///C:/Users/NAKULSHARMA/Downloads/developmentsync-main/frontend/node_modules/vite/dist/node/chunks/config.js:21692:13)
    at IncomingMessage.<anonymous> (file:///C:/Users/NAKULSHARMA/Downloads/developmentsync-main/frontend/node_modules/vite/dist/node/chunks/config.js:21705:6)
    at IncomingMessage.emit (node:events:521:24)
[2m4:07:08 pm[22m [31m[1m[vite][22m[39m [31mws proxy error:[39m
Error: write ECONNABORTED
    at afterWriteDispatched (node:internal/stream_base_commons:159:15)
    at writeGeneric (node:internal/stream_base_commons:150:3)
    at Socket._writeGeneric (node:net:1025:11)
    at Socket._write (node:net:1037:8)
    at writeOrBuffer (node:internal/streams/writable:570:12)
    at _write (node:internal/streams/writable:499:10)
    at Writable.write (node:internal/streams/writable:508:10)
    at writeChunk (file:///C:/Users/NAKULSHARMA/Downloads/developmentsync-main/frontend/node_modules/vite/dist/node/chunks/config.js:21693:13)
    at IncomingMessage.<anonymous> (file:///C:/Users/NAKULSHARMA/Downloads/developmentsync-main/frontend/node_modules/vite/dist/node/chunks/config.js:21702:6)
    at IncomingMessage.emit (node:events:509:28)
[2m4:07:08 pm[22m [31m[1m[vite][22m[39m [31mws proxy socket error:[39m
Error: write ECONNABORTED
    at afterWriteDispatched (node:internal/stream_base_commons:159:15)
    at writeGeneric (node:internal/stream_base_commons:150:3)
    at Socket._writeGeneric (node:net:1025:11)
    at Socket._write (node:net:1037:8)
    at writeOrBuffer (node:internal/streams/writable:570:12)
    at _write (node:internal/streams/writable:499:10)
    at Writable.write (node:internal/streams/writable:508:10)
    at writeChunk (file:///C:/Users/NAKULSHARMA/Downloads/developmentsync-main/frontend/node_modules/vite/dist/node/chunks/config.js:21693:13)
    at IncomingMessage.<anonymous> (file:///C:/Users/NAKULSHARMA/Downloads/developmentsync-main/frontend/node_modules/vite/dist/node/chunks/config.js:21702:6)
    at IncomingMessage.emit (node:events:509:28)
[2m4:07:14 pm[22m [31m[1m[vite][22m[39m [31mws proxy error:[39m
Error: write ECONNABORTED
    at afterWriteDispatched (node:internal/stream_base_commons:159:15)
    at writeGeneric (node:internal/stream_base_commons:150:3)
    at Socket._writeGeneric (node:net:1025:11)
    at Socket._write (node:net:1037:8)
    at writeOrBuffer (node:internal/streams/writable:570:12)
    at _write (node:internal/streams/writable:499:10)
    at Writable.write (node:internal/streams/writable:508:10)
    at writeChunk (file:///C:/Users/NAKULSHARMA/Downloads/developmentsync-main/frontend/node_modules/vite/dist/node/chunks/config.js:21692:13)
    at IncomingMessage.<anonymous> (file:///C:/Users/NAKULSHARMA/Downloads/developmentsync-main/frontend/node_modules/vite/dist/node/chunks/config.js:21705:6)
    at IncomingMessage.emit (node:events:521:24)
[2m4:07:14 pm[22m [31m[1m[vite][22m[39m [31mws proxy socket error:[39m
Error: write ECONNABORTED
    at afterWriteDispatched (node:internal/stream_base_commons:159:15)
    at writeGeneric (node:internal/stream_base_commons:150:3)
    at Socket._writeGeneric (node:net:1025:11)
    at Socket._write (node:net:1037:8)
    at writeOrBuffer (node:internal/streams/writable:570:12)
    at _write (node:internal/streams/writable:499:10)
    at Writable.write (node:internal/streams/writable:508:10)
    at writeChunk (file:///C:/Users/NAKULSHARMA/Downloads/developmentsync-main/frontend/node_modules/vite/dist/node/chunks/config.js:21692:13)
    at IncomingMessage.<anonymous> (file:///C:/Users/NAKULSHARMA/Downloads/developmentsync-main/frontend/node_modules/vite/dist/node/chunks/config.js:21705:6)
    at IncomingMessage.emit (node:events:521:24)
[2m4:07:20 pm[22m [31m[1m[vite][22m[39m [31mws proxy error:[39m
Error: write ECONNABORTED
    at afterWriteDispatched (node:internal/stream_base_commons:159:15)
    at writeGeneric (node:internal/stream_base_commons:150:3)
    at Socket._writeGeneric (node:net:1025:11)
    at Socket._write (node:net:1037:8)
    at writeOrBuffer (node:internal/streams/writable:570:12)
    at _write (node:internal/streams/writable:499:10)
    at Writable.write (node:internal/streams/writable:508:10)
    at writeChunk (file:///C:/Users/NAKULSHARMA/Downloads/developmentsync-main/frontend/node_modules/vite/dist/node/chunks/config.js:21693:13)
    at IncomingMessage.<anonymous> (file:///C:/Users/NAKULSHARMA/Downloads/developmentsync-main/frontend/node_modules/vite/dist/node/chunks/config.js:21702:6)
    at IncomingMessage.emit (node:events:509:28)
[2m4:07:20 pm[22m [31m[1m[vite][22m[39m [31mws proxy socket error:[39m
Error: write ECONNABORTED
    at afterWriteDispatched (node:internal/stream_base_commons:159:15)
    at writeGeneric (node:internal/stream_base_commons:150:3)
    at Socket._writeGeneric (node:net:1025:11)
    at Socket._write (node:net:1037:8)
    at writeOrBuffer (node:internal/streams/writable:570:12)
    at _write (node:internal/streams/writable:499:10)
    at Writable.write (node:internal/streams/writable:508:10)
    at writeChunk (file:///C:/Users/NAKULSHARMA/Downloads/developmentsync-main/frontend/node_modules/vite/dist/node/chunks/config.js:21693:13)
    at IncomingMessage.<anonymous> (file:///C:/Users/NAKULSHARMA/Downloads/developmentsync-main/frontend/node_modules/vite/dist/node/chunks/config.js:21702:6)
    at IncomingMessage.emit (node:events:509:28)
[2m4:07:22 pm[22m [31m[1m[vite][22m[39m [31mws proxy error:[39m
Error: write ECONNABORTED
    at afterWriteDispatched (node:internal/stream_base_commons:159:15)
    at writeGeneric (node:internal/stream_base_commons:150:3)
    at Socket._writeGeneric (node:net:1025:11)
    at Socket._write (node:net:1037:8)
    at writeOrBuffer (node:internal/streams/writable:570:12)
    at _write (node:internal/streams/writable:499:10)
    at Writable.write (node:internal/streams/writable:508:10)
    at writeChunk (file:///C:/Users/NAKULSHARMA/Downloads/developmentsync-main/frontend/node_modules/vite/dist/node/chunks/config.js:21692:13)
    at IncomingMessage.<anonymous> (file:///C:/Users/NAKULSHARMA/Downloads/developmentsync-main/frontend/node_modules/vite/dist/node/chunks/config.js:21705:6)
    at IncomingMessage.emit (node:events:521:24)
[2m4:07:22 pm[22m [31m[1m[vite][22m[39m [31mws proxy socket error:[39m
Error: write ECONNABORTED
    at afterWriteDispatched (node:internal/stream_base_commons:159:15)
    at writeGeneric (node:internal/stream_base_commons:150:3)
    at Socket._writeGeneric (node:net:1025:11)
    at Socket._write (node:net:1037:8)
    at writeOrBuffer (node:internal/streams/writable:570:12)
    at _write (node:internal/streams/writable:499:10)
    at Writable.write (node:internal/streams/writable:508:10)
    at writeChunk (file:///C:/Users/NAKULSHARMA/Downloads/developmentsync-main/frontend/node_modules/vite/dist/node/chunks/config.js:21692:13)
    at IncomingMessage.<anonymous> (file:///C:/Users/NAKULSHARMA/Downloads/developmentsync-main/frontend/node_modules/vite/dist/node/chunks/config.js:21705:6)
    at IncomingMessage.emit (node:events:521:24)
[2m4:07:25 pm[22m [31m[1m[vite][22m[39m [31mws proxy error:[39m
Error: write ECONNABORTED
    at afterWriteDispatched (node:internal/stream_base_commons:159:15)
    at writeGeneric (node:internal/stream_base_commons:150:3)
    at Socket._writeGeneric (node:net:1025:11)
    at Socket._write (node:net:1037:8)
    at writeOrBuffer (node:internal/streams/writable:570:12)
    at _write (node:internal/streams/writable:499:10)
    at Writable.write (node:internal/streams/writable:508:10)
    at writeChunk (file:///C:/Users/NAKULSHARMA/Downloads/developmentsync-main/frontend/node_modules/vite/dist/node/chunks/config.js:21692:13)
    at IncomingMessage.<anonymous> (file:///C:/Users/NAKULSHARMA/Downloads/developmentsync-main/frontend/node_modules/vite/dist/node/chunks/config.js:21705:6)
    at IncomingMessage.emit (node:events:521:24)
[2m4:07:25 pm[22m [31m[1m[vite][22m[39m [31mws proxy socket error:[39m
Error: write ECONNABORTED
    at afterWriteDispatched (node:internal/stream_base_commons:159:15)
    at writeGeneric (node:internal/stream_base_commons:150:3)
    at Socket._writeGeneric (node:net:1025:11)
    at Socket._write (node:net:1037:8)
    at writeOrBuffer (node:internal/streams/writable:570:12)
    at _write (node:internal/streams/writable:499:10)
    at Writable.write (node:internal/streams/writable:508:10)
    at writeChunk (file:///C:/Users/NAKULSHARMA/Downloads/developmentsync-main/frontend/node_modules/vite/dist/node/chunks/config.js:21692:13)
    at IncomingMessage.<anonymous> (file:///C:/Users/NAKULSHARMA/Downloads/developmentsync-main/frontend/node_modules/vite/dist/node/chunks/config.js:21705:6)
    at IncomingMessage.emit (node:events:521:24)
[2m4:07:27 pm[22m [31m[1m[vite][22m[39m [31mws proxy error:[39m
Error: write ECONNABORTED
    at afterWriteDispatched (node:internal/stream_base_commons:159:15)
    at writeGeneric (node:internal/stream_base_commons:150:3)
    at Socket._writeGeneric (node:net:1025:11)
    at Socket._write (node:net:1037:8)
    at writeOrBuffer (node:internal/streams/writable:570:12)
    at _write (node:internal/streams/writable:499:10)
    at Writable.write (node:internal/streams/writable:508:10)
    at writeChunk (file:///C:/Users/NAKULSHARMA/Downloads/developmentsync-main/frontend/node_modules/vite/dist/node/chunks/config.js:21692:13)
    at IncomingMessage.<anonymous> (file:///C:/Users/NAKULSHARMA/Downloads/developmentsync-main/frontend/node_modules/vite/dist/node/chunks/config.js:21705:6)
    at IncomingMessage.emit (node:events:521:24)
[2m4:07:27 pm[22m [31m[1m[vite][22m[39m [31mws proxy socket error:[39m
Error: write ECONNABORTED
    at afterWriteDispatched (node:internal/stream_base_commons:159:15)
    at writeGeneric (node:internal/stream_base_commons:150:3)
    at Socket._writeGeneric (node:net:1025:11)
    at Socket._write (node:net:1037:8)
    at writeOrBuffer (node:internal/streams/writable:570:12)
    at _write (node:internal/streams/writable:499:10)
    at Writable.write (node:internal/streams/writable:508:10)
    at writeChunk (file:///C:/Users/NAKULSHARMA/Downloads/developmentsync-main/frontend/node_modules/vite/dist/node/chunks/config.js:21692:13)
    at IncomingMessage.<anonymous> (file:///C:/Users/NAKULSHARMA/Downloads/developmentsync-main/frontend/node_modules/vite/dist/node/chunks/config.js:21705:6)
    at IncomingMessage.emit (node:events:521:24)
[2m4:07:29 pm[22m [31m[1m[vite][22m[39m [31mws proxy error:[39m
Error: write ECONNABORTED
    at afterWriteDispatched (node:internal/stream_base_commons:159:15)
    at writeGeneric (node:internal/stream_base_commons:150:3)
    at Socket._writeGeneric (node:net:1025:11)
    at Socket._write (node:net:1037:8)
    at writeOrBuffer (node:internal/streams/writable:570:12)
    at _write (node:internal/streams/writable:499:10)
    at Writable.write (node:internal/streams/writable:508:10)
    at writeChunk (file:///C:/Users/NAKULSHARMA/Downloads/developmentsync-main/frontend/node_modules/vite/dist/node/chunks/config.js:21695:13)
    at IncomingMessage.<anonymous> (file:///C:/Users/NAKULSHARMA/Downloads/developmentsync-main/frontend/node_modules/vite/dist/node/chunks/config.js:21702:6)
    at IncomingMessage.emit (node:events:509:28)
[2m4:07:29 pm[22m [31m[1m[vite][22m[39m [31mws proxy socket error:[39m
Error: write ECONNABORTED
    at afterWriteDispatched (node:internal/stream_base_commons:159:15)
    at writeGeneric (node:internal/stream_base_commons:150:3)
    at Socket._writeGeneric (node:net:1025:11)
    at Socket._write (node:net:1037:8)
    at writeOrBuffer (node:internal/streams/writable:570:12)
    at _write (node:internal/streams/writable:499:10)
    at Writable.write (node:internal/streams/writable:508:10)
    at writeChunk (file:///C:/Users/NAKULSHARMA/Downloads/developmentsync-main/frontend/node_modules/vite/dist/node/chunks/config.js:21695:13)
    at IncomingMessage.<anonymous> (file:///C:/Users/NAKULSHARMA/Downloads/developmentsync-main/frontend/node_modules/vite/dist/node/chunks/config.js:21702:6)
    at IncomingMessage.emit (node:events:509:28)
[2m4:07:31 pm[22m [31m[1m[vite][22m[39m [31mws proxy error:[39m
Error: write ECONNABORTED
    at afterWriteDispatched (node:internal/stream_base_commons:159:15)
    at writeGeneric (node:internal/stream_base_commons:150:3)
    at Socket._writeGeneric (node:net:1025:11)
    at Socket._write (node:net:1037:8)
    at writeOrBuffer (node:internal/streams/writable:570:12)
    at _write (node:internal/streams/writable:499:10)
    at Writable.write (node:internal/streams/writable:508:10)
    at writeChunk (file:///C:/Users/NAKULSHARMA/Downloads/developmentsync-main/frontend/node_modules/vite/dist/node/chunks/config.js:21692:13)
    at IncomingMessage.<anonymous> (file:///C:/Users/NAKULSHARMA/Downloads/developmentsync-main/frontend/node_modules/vite/dist/node/chunks/config.js:21705:6)
    at IncomingMessage.emit (node:events:521:24)
[2m4:07:32 pm[22m [31m[1m[vite][22m[39m [31mws proxy socket error:[39m
Error: write ECONNABORTED
    at afterWriteDispatched (node:internal/stream_base_commons:159:15)
    at writeGeneric (node:internal/stream_base_commons:150:3)
    at Socket._writeGeneric (node:net:1025:11)
    at Socket._write (node:net:1037:8)
    at writeOrBuffer (node:internal/streams/writable:570:12)
    at _write (node:internal/streams/writable:499:10)
    at Writable.write (node:internal/streams/writable:508:10)
    at writeChunk (file:///C:/Users/NAKULSHARMA/Downloads/developmentsync-main/frontend/node_modules/vite/dist/node/chunks/config.js:21692:13)
    at IncomingMessage.<anonymous> (file:///C:/Users/NAKULSHARMA/Downloads/developmentsync-main/frontend/node_modules/vite/dist/node/chunks/config.js:21705:6)
    at IncomingMessage.emit (node:events:521:24)
[2m4:07:34 pm[22m [31m[1m[vite][22m[39m [31mws proxy error:[39m
Error: write ECONNABORTED
    at afterWriteDispatched (node:internal/stream_base_commons:159:15)
    at writeGeneric (node:internal/stream_base_commons:150:3)
    at Socket._writeGeneric (node:net:1025:11)
    at Socket._write (node:net:1037:8)
    at writeOrBuffer (node:internal/streams/writable:570:12)
    at _write (node:internal/streams/writable:499:10)
    at Writable.write (node:internal/streams/writable:508:10)
    at writeChunk (file:///C:/Users/NAKULSHARMA/Downloads/developmentsync-main/frontend/node_modules/vite/dist/node/chunks/config.js:21693:13)
    at IncomingMessage.<anonymous> (file:///C:/Users/NAKULSHARMA/Downloads/developmentsync-main/frontend/node_modules/vite/dist/node/chunks/config.js:21702:6)
    at IncomingMessage.emit (node:events:509:28)
[2m4:07:34 pm[22m [31m[1m[vite][22m[39m [31mws proxy socket error:[39m
Error: write ECONNABORTED
    at afterWriteDispatched (node:internal/stream_base_commons:159:15)
    at writeGeneric (node:internal/stream_base_commons:150:3)
    at Socket._writeGeneric (node:net:1025:11)
    at Socket._write (node:net:1037:8)
    at writeOrBuffer (node:internal/streams/writable:570:12)
    at _write (node:internal/streams/writable:499:10)
    at Writable.write (node:internal/streams/writable:508:10)
    at writeChunk (file:///C:/Users/NAKULSHARMA/Downloads/developmentsync-main/frontend/node_modules/vite/dist/node/chunks/config.js:21693:13)
    at IncomingMessage.<anonymous> (file:///C:/Users/NAKULSHARMA/Downloads/developmentsync-main/frontend/node_modules/vite/dist/node/chunks/config.js:21702:6)
    at IncomingMessage.emit (node:events:509:28)
[2m4:07:37 pm[22m [31m[1m[vite][22m[39m [31mws proxy error:[39m
Error: write ECONNABORTED
    at afterWriteDispatched (node:internal/stream_base_commons:159:15)
    at writeGeneric (node:internal/stream_base_commons:150:3)
    at Socket._writeGeneric (node:net:1025:11)
    at Socket._write (node:net:1037:8)
    at writeOrBuffer (node:internal/streams/writable:570:12)
    at _write (node:internal/streams/writable:499:10)
    at Writable.write (node:internal/streams/writable:508:10)
    at writeChunk (file:///C:/Users/NAKULSHARMA/Downloads/developmentsync-main/frontend/node_modules/vite/dist/node/chunks/config.js:21692:13)
    at IncomingMessage.<anonymous> (file:///C:/Users/NAKULSHARMA/Downloads/developmentsync-main/frontend/node_modules/vite/dist/node/chunks/config.js:21705:6)
    at IncomingMessage.emit (node:events:521:24)
[2m4:07:37 pm[22m [31m[1m[vite][22m[39m [31mws proxy socket error:[39m
Error: write ECONNABORTED
    at afterWriteDispatched (node:internal/stream_base_commons:159:15)
    at writeGeneric (node:internal/stream_base_commons:150:3)
    at Socket._writeGeneric (node:net:1025:11)
    at Socket._write (node:net:1037:8)
    at writeOrBuffer (node:internal/streams/writable:570:12)
    at _write (node:internal/streams/writable:499:10)
    at Writable.write (node:internal/streams/writable:508:10)
    at writeChunk (file:///C:/Users/NAKULSHARMA/Downloads/developmentsync-main/frontend/node_modules/vite/dist/node/chunks/config.js:21692:13)
    at IncomingMessage.<anonymous> (file:///C:/Users/NAKULSHARMA/Downloads/developmentsync-main/frontend/node_modules/vite/dist/node/chunks/config.js:21705:6)
    at IncomingMessage.emit (node:events:521:24)
[2m4:07:40 pm[22m [31m[1m[vite][22m[39m [31mws proxy error:[39m
Error: write ECONNABORTED
    at afterWriteDispatched (node:internal/stream_base_commons:159:15)
    at writeGeneric (node:internal/stream_base_commons:150:3)
    at Socket._writeGeneric (node:net:1025:11)
    at Socket._write (node:net:1037:8)
    at writeOrBuffer (node:internal/streams/writable:570:12)
    at _write (node:internal/streams/writable:499:10)
    at Writable.write (node:internal/streams/writable:508:10)
    at writeChunk (file:///C:/Users/NAKULSHARMA/Downloads/developmentsync-main/frontend/node_modules/vite/dist/node/chunks/config.js:21693:13)
    at IncomingMessage.<anonymous> (file:///C:/Users/NAKULSHARMA/Downloads/developmentsync-main/frontend/node_modules/vite/dist/node/chunks/config.js:21702:6)
    at IncomingMessage.emit (node:events:509:28)
[2m4:07:40 pm[22m [31m[1m[vite][22m[39m [31mws proxy socket error:[39m
Error: write ECONNABORTED
    at afterWriteDispatched (node:internal/stream_base_commons:159:15)
    at writeGeneric (node:internal/stream_base_commons:150:3)
    at Socket._writeGeneric (node:net:1025:11)
    at Socket._write (node:net:1037:8)
    at writeOrBuffer (node:internal/streams/writable:570:12)
    at _write (node:internal/streams/writable:499:10)
    at Writable.write (node:internal/streams/writable:508:10)
    at writeChunk (file:///C:/Users/NAKULSHARMA/Downloads/developmentsync-main/frontend/node_modules/vite/dist/node/chunks/config.js:21693:13)
    at IncomingMessage.<anonymous> (file:///C:/Users/NAKULSHARMA/Downloads/developmentsync-main/frontend/node_modules/vite/dist/node/chunks/config.js:21702:6)
    at IncomingMessage.emit (node:events:509:28)
[2m4:07:43 pm[22m [31m[1m[vite][22m[39m [31mws proxy error:[39m
Error: write ECONNABORTED
    at afterWriteDispatched (node:internal/stream_base_commons:159:15)
    at writeGeneric (node:internal/stream_base_commons:150:3)
    at Socket._writeGeneric (node:net:1025:11)
    at Socket._write (node:net:1037:8)
    at writeOrBuffer (node:internal/streams/writable:570:12)
    at _write (node:internal/streams/writable:499:10)
    at Writable.write (node:internal/streams/writable:508:10)
    at writeChunk (file:///C:/Users/NAKULSHARMA/Downloads/developmentsync-main/frontend/node_modules/vite/dist/node/chunks/config.js:21692:13)
    at IncomingMessage.<anonymous> (file:///C:/Users/NAKULSHARMA/Downloads/developmentsync-main/frontend/node_modules/vite/dist/node/chunks/config.js:21705:6)
    at IncomingMessage.emit (node:events:521:24)
[2m4:07:43 pm[22m [31m[1m[vite][22m[39m [31mws proxy socket error:[39m
Error: write ECONNABORTED
    at afterWriteDispatched (node:internal/stream_base_commons:159:15)
    at writeGeneric (node:internal/stream_base_commons:150:3)
    at Socket._writeGeneric (node:net:1025:11)
    at Socket._write (node:net:1037:8)
    at writeOrBuffer (node:internal/streams/writable:570:12)
    at _write (node:internal/streams/writable:499:10)
    at Writable.write (node:internal/streams/writable:508:10)
    at writeChunk (file:///C:/Users/NAKULSHARMA/Downloads/developmentsync-main/frontend/node_modules/vite/dist/node/chunks/config.js:21692:13)
    at IncomingMessage.<anonymous> (file:///C:/Users/NAKULSHARMA/Downloads/developmentsync-main/frontend/node_modules/vite/dist/node/chunks/config.js:21705:6)
    at IncomingMessage.emit (node:events:521:24)
[2m4:07:46 pm[22m [31m[1m[vite][22m[39m [31mws proxy error:[39m
Error: write ECONNABORTED
    at afterWriteDispatched (node:internal/stream_base_commons:159:15)
    at writeGeneric (node:internal/stream_base_commons:150:3)
    at Socket._writeGeneric (node:net:1025:11)
    at Socket._write (node:net:1037:8)
    at writeOrBuffer (node:internal/streams/writable:570:12)
    at _write (node:internal/streams/writable:499:10)
    at Writable.write (node:internal/streams/writable:508:10)
    at writeChunk (file:///C:/Users/NAKULSHARMA/Downloads/developmentsync-main/frontend/node_modules/vite/dist/node/chunks/config.js:21693:13)
    at IncomingMessage.<anonymous> (file:///C:/Users/NAKULSHARMA/Downloads/developmentsync-main/frontend/node_modules/vite/dist/node/chunks/config.js:21702:6)
    at IncomingMessage.emit (node:events:509:28)
[2m4:07:46 pm[22m [31m[1m[vite][22m[39m [31mws proxy socket error:[39m
Error: write ECONNABORTED
    at afterWriteDispatched (node:internal/stream_base_commons:159:15)
    at writeGeneric (node:internal/stream_base_commons:150:3)
    at Socket._writeGeneric (node:net:1025:11)
    at Socket._write (node:net:1037:8)
    at writeOrBuffer (node:internal/streams/writable:570:12)
    at _write (node:internal/streams/writable:499:10)
    at Writable.write (node:internal/streams/writable:508:10)
    at writeChunk (file:///C:/Users/NAKULSHARMA/Downloads/developmentsync-main/frontend/node_modules/vite/dist/node/chunks/config.js:21693:13)
    at IncomingMessage.<anonymous> (file:///C:/Users/NAKULSHARMA/Downloads/developmentsync-main/frontend/node_modules/vite/dist/node/chunks/config.js:21702:6)
    at IncomingMessage.emit (node:events:509:28)
[2m4:07:49 pm[22m [31m[1m[vite][22m[39m [31mws proxy error:[39m
Error: write ECONNABORTED
    at afterWriteDispatched (node:internal/stream_base_commons:159:15)
    at writeGeneric (node:internal/stream_base_commons:150:3)
    at Socket._writeGeneric (node:net:1025:11)
    at Socket._write (node:net:1037:8)
    at writeOrBuffer (node:internal/streams/writable:570:12)
    at _write (node:internal/streams/writable:499:10)
    at Writable.write (node:internal/streams/writable:508:10)
    at writeChunk (file:///C:/Users/NAKULSHARMA/Downloads/developmentsync-main/frontend/node_modules/vite/dist/node/chunks/config.js:21693:13)
    at IncomingMessage.<anonymous> (file:///C:/Users/NAKULSHARMA/Downloads/developmentsync-main/frontend/node_modules/vite/dist/node/chunks/config.js:21702:6)
    at IncomingMessage.emit (node:events:509:28)
[2m4:07:49 pm[22m [31m[1m[vite][22m[39m [31mws proxy socket error:[39m
Error: write ECONNABORTED
    at afterWriteDispatched (node:internal/stream_base_commons:159:15)
    at writeGeneric (node:internal/stream_base_commons:150:3)
    at Socket._writeGeneric (node:net:1025:11)
    at Socket._write (node:net:1037:8)
    at writeOrBuffer (node:internal/streams/writable:570:12)
    at _write (node:internal/streams/writable:499:10)
    at Writable.write (node:internal/streams/writable:508:10)
    at writeChunk (file:///C:/Users/NAKULSHARMA/Downloads/developmentsync-main/frontend/node_modules/vite/dist/node/chunks/config.js:21693:13)
    at IncomingMessage.<anonymous> (file:///C:/Users/NAKULSHARMA/Downloads/developmentsync-main/frontend/node_modules/vite/dist/node/chunks/config.js:21702:6)
    at IncomingMessage.emit (node:events:509:28)
[2m4:07:52 pm[22m [31m[1m[vite][22m[39m [31mws proxy error:[39m
Error: write ECONNABORTED
    at afterWriteDispatched (node:internal/stream_base_commons:159:15)
    at writeGeneric (node:internal/stream_base_commons:150:3)
    at Socket._writeGeneric (node:net:1025:11)
    at Socket._write (node:net:1037:8)
    at writeOrBuffer (node:internal/streams/writable:570:12)
    at _write (node:internal/streams/writable:499:10)
    at Writable.write (node:internal/streams/writable:508:10)
    at writeChunk (file:///C:/Users/NAKULSHARMA/Downloads/developmentsync-main/frontend/node_modules/vite/dist/node/chunks/config.js:21692:13)
    at IncomingMessage.<anonymous> (file:///C:/Users/NAKULSHARMA/Downloads/developmentsync-main/frontend/node_modules/vite/dist/node/chunks/config.js:21705:6)
    at IncomingMessage.emit (node:events:521:24)
[2m4:07:52 pm[22m [31m[1m[vite][22m[39m [31mws proxy socket error:[39m
Error: write ECONNABORTED
    at afterWriteDispatched (node:internal/stream_base_commons:159:15)
    at writeGeneric (node:internal/stream_base_commons:150:3)
    at Socket._writeGeneric (node:net:1025:11)
    at Socket._write (node:net:1037:8)
    at writeOrBuffer (node:internal/streams/writable:570:12)
    at _write (node:internal/streams/writable:499:10)
    at Writable.write (node:internal/streams/writable:508:10)
    at writeChunk (file:///C:/Users/NAKULSHARMA/Downloads/developmentsync-main/frontend/node_modules/vite/dist/node/chunks/config.js:21692:13)
    at IncomingMessage.<anonymous> (file:///C:/Users/NAKULSHARMA/Downloads/developmentsync-main/frontend/node_modules/vite/dist/node/chunks/config.js:21705:6)
    at IncomingMessage.emit (node:events:521:24)
[2m4:07:58 pm[22m [31m[1m[vite][22m[39m [31mws proxy error:[39m
Error: write ECONNABORTED
    at afterWriteDispatched (node:internal/stream_base_commons:159:15)
    at writeGeneric (node:internal/stream_base_commons:150:3)
    at Socket._writeGeneric (node:net:1025:11)
    at Socket._write (node:net:1037:8)
    at writeOrBuffer (node:internal/streams/writable:570:12)
    at _write (node:internal/streams/writable:499:10)
    at Writable.write (node:internal/streams/writable:508:10)
    at writeChunk (file:///C:/Users/NAKULSHARMA/Downloads/developmentsync-main/frontend/node_modules/vite/dist/node/chunks/config.js:21692:13)
    at IncomingMessage.<anonymous> (file:///C:/Users/NAKULSHARMA/Downloads/developmentsync-main/frontend/node_modules/vite/dist/node/chunks/config.js:21705:6)
    at IncomingMessage.emit (node:events:521:24)
[2m4:07:58 pm[22m [31m[1m[vite][22m[39m [31mws proxy socket error:[39m
Error: write ECONNABORTED
    at afterWriteDispatched (node:internal/stream_base_commons:159:15)
    at writeGeneric (node:internal/stream_base_commons:150:3)
    at Socket._writeGeneric (node:net:1025:11)
    at Socket._write (node:net:1037:8)
    at writeOrBuffer (node:internal/streams/writable:570:12)
    at _write (node:internal/streams/writable:499:10)
    at Writable.write (node:internal/streams/writable:508:10)
    at writeChunk (file:///C:/Users/NAKULSHARMA/Downloads/developmentsync-main/frontend/node_modules/vite/dist/node/chunks/config.js:21692:13)
    at IncomingMessage.<anonymous> (file:///C:/Users/NAKULSHARMA/Downloads/developmentsync-main/frontend/node_modules/vite/dist/node/chunks/config.js:21705:6)
    at IncomingMessage.emit (node:events:521:24)
[2m4:08:05 pm[22m [31m[1m[vite][22m[39m [31mws proxy error:[39m
Error: write ECONNABORTED
    at afterWriteDispatched (node:internal/stream_base_commons:159:15)
    at writeGeneric (node:internal/stream_base_commons:150:3)
    at Socket._writeGeneric (node:net:1025:11)
    at Socket._write (node:net:1037:8)
    at writeOrBuffer (node:internal/streams/writable:570:12)
    at _write (node:internal/streams/writable:499:10)
    at Writable.write (node:internal/streams/writable:508:10)
    at writeChunk (file:///C:/Users/NAKULSHARMA/Downloads/developmentsync-main/frontend/node_modules/vite/dist/node/chunks/config.js:21692:13)
    at IncomingMessage.<anonymous> (file:///C:/Users/NAKULSHARMA/Downloads/developmentsync-main/frontend/node_modules/vite/dist/node/chunks/config.js:21705:6)
    at IncomingMessage.emit (node:events:521:24)
[2m4:08:05 pm[22m [31m[1m[vite][22m[39m [31mws proxy socket error:[39m
Error: write ECONNABORTED
    at afterWriteDispatched (node:internal/stream_base_commons:159:15)
    at writeGeneric (node:internal/stream_base_commons:150:3)
    at Socket._writeGeneric (node:net:1025:11)
    at Socket._write (node:net:1037:8)
    at writeOrBuffer (node:internal/streams/writable:570:12)
    at _write (node:internal/streams/writable:499:10)
    at Writable.write (node:internal/streams/writable:508:10)
    at writeChunk (file:///C:/Users/NAKULSHARMA/Downloads/developmentsync-main/frontend/node_modules/vite/dist/node/chunks/config.js:21692:13)
    at IncomingMessage.<anonymous> (file:///C:/Users/NAKULSHARMA/Downloads/developmentsync-main/frontend/node_modules/vite/dist/node/chunks/config.js:21705:6)
    at IncomingMessage.emit (node:events:521:24)
[2m4:08:08 pm[22m [31m[1m[vite][22m[39m [31mws proxy error:[39m
Error: write ECONNABORTED
    at afterWriteDispatched (node:internal/stream_base_commons:159:15)
    at writeGeneric (node:internal/stream_base_commons:150:3)
    at Socket._writeGeneric (node:net:1025:11)
    at Socket._write (node:net:1037:8)
    at writeOrBuffer (node:internal/streams/writable:570:12)
    at _write (node:internal/streams/writable:499:10)
    at Writable.write (node:internal/streams/writable:508:10)
    at writeChunk (file:///C:/Users/NAKULSHARMA/Downloads/developmentsync-main/frontend/node_modules/vite/dist/node/chunks/config.js:21693:13)
    at IncomingMessage.<anonymous> (file:///C:/Users/NAKULSHARMA/Downloads/developmentsync-main/frontend/node_modules/vite/dist/node/chunks/config.js:21702:6)
    at IncomingMessage.emit (node:events:509:28)
[2m4:08:08 pm[22m [31m[1m[vite][22m[39m [31mws proxy socket error:[39m
Error: write ECONNABORTED
    at afterWriteDispatched (node:internal/stream_base_commons:159:15)
    at writeGeneric (node:internal/stream_base_commons:150:3)
    at Socket._writeGeneric (node:net:1025:11)
    at Socket._write (node:net:1037:8)
    at writeOrBuffer (node:internal/streams/writable:570:12)
    at _write (node:internal/streams/writable:499:10)
    at Writable.write (node:internal/streams/writable:508:10)
    at writeChunk (file:///C:/Users/NAKULSHARMA/Downloads/developmentsync-main/frontend/node_modules/vite/dist/node/chunks/config.js:21693:13)
    at IncomingMessage.<anonymous> (file:///C:/Users/NAKULSHARMA/Downloads/developmentsync-main/frontend/node_modules/vite/dist/node/chunks/config.js:21702:6)
    at IncomingMessage.emit (node:events:509:28)
[2m4:08:11 pm[22m [31m[1m[vite][22m[39m [31mws proxy error:[39m
Error: write ECONNABORTED
    at afterWriteDispatched (node:internal/stream_base_commons:159:15)
    at writeGeneric (node:internal/stream_base_commons:150:3)
    at Socket._writeGeneric (node:net:1025:11)
    at Socket._write (node:net:1037:8)
    at writeOrBuffer (node:internal/streams/writable:570:12)
    at _write (node:internal/streams/writable:499:10)
    at Writable.write (node:internal/streams/writable:508:10)
    at writeChunk (file:///C:/Users/NAKULSHARMA/Downloads/developmentsync-main/frontend/node_modules/vite/dist/node/chunks/config.js:21692:13)
    at IncomingMessage.<anonymous> (file:///C:/Users/NAKULSHARMA/Downloads/developmentsync-main/frontend/node_modules/vite/dist/node/chunks/config.js:21705:6)
    at IncomingMessage.emit (node:events:521:24)
[2m4:08:11 pm[22m [31m[1m[vite][22m[39m [31mws proxy socket error:[39m
Error: write ECONNABORTED
    at afterWriteDispatched (node:internal/stream_base_commons:159:15)
    at writeGeneric (node:internal/stream_base_commons:150:3)
    at Socket._writeGeneric (node:net:1025:11)
    at Socket._write (node:net:1037:8)
    at writeOrBuffer (node:internal/streams/writable:570:12)
    at _write (node:internal/streams/writable:499:10)
    at Writable.write (node:internal/streams/writable:508:10)
    at writeChunk (file:///C:/Users/NAKULSHARMA/Downloads/developmentsync-main/frontend/node_modules/vite/dist/node/chunks/config.js:21692:13)
    at IncomingMessage.<anonymous> (file:///C:/Users/NAKULSHARMA/Downloads/developmentsync-main/frontend/node_modules/vite/dist/node/chunks/config.js:21705:6)
    at IncomingMessage.emit (node:events:521:24)
[2m4:08:17 pm[22m [31m[1m[vite][22m[39m [31mws proxy error:[39m
Error: write ECONNABORTED
    at afterWriteDispatched (node:internal/stream_base_commons:159:15)
    at writeGeneric (node:internal/stream_base_commons:150:3)
    at Socket._writeGeneric (node:net:1025:11)
    at Socket._write (node:net:1037:8)
    at writeOrBuffer (node:internal/streams/writable:570:12)
    at _write (node:internal/streams/writable:499:10)
    at Writable.write (node:internal/streams/writable:508:10)
    at writeChunk (file:///C:/Users/NAKULSHARMA/Downloads/developmentsync-main/frontend/node_modules/vite/dist/node/chunks/config.js:21695:13)
    at IncomingMessage.<anonymous> (file:///C:/Users/NAKULSHARMA/Downloads/developmentsync-main/frontend/node_modules/vite/dist/node/chunks/config.js:21702:6)
    at IncomingMessage.emit (node:events:509:28)
[2m4:08:17 pm[22m [31m[1m[vite][22m[39m [31mws proxy socket error:[39m
Error: write ECONNABORTED
    at afterWriteDispatched (node:internal/stream_base_commons:159:15)
    at writeGeneric (node:internal/stream_base_commons:150:3)
    at Socket._writeGeneric (node:net:1025:11)
    at Socket._write (node:net:1037:8)
    at writeOrBuffer (node:internal/streams/writable:570:12)
    at _write (node:internal/streams/writable:499:10)
    at Writable.write (node:internal/streams/writable:508:10)
    at writeChunk (file:///C:/Users/NAKULSHARMA/Downloads/developmentsync-main/frontend/node_modules/vite/dist/node/chunks/config.js:21695:13)
    at IncomingMessage.<anonymous> (file:///C:/Users/NAKULSHARMA/Downloads/developmentsync-main/frontend/node_modules/vite/dist/node/chunks/config.js:21702:6)
    at IncomingMessage.emit (node:events:509:28)
[2m4:08:22 pm[22m [31m[1m[vite][22m[39m [31mws proxy error:[39m
Error: write ECONNABORTED
    at afterWriteDispatched (node:internal/stream_base_commons:159:15)
    at writeGeneric (node:internal/stream_base_commons:150:3)
    at Socket._writeGeneric (node:net:1025:11)
    at Socket._write (node:net:1037:8)
    at writeOrBuffer (node:internal/streams/writable:570:12)
    at _write (node:internal/streams/writable:499:10)
    at Writable.write (node:internal/streams/writable:508:10)
    at writeChunk (file:///C:/Users/NAKULSHARMA/Downloads/developmentsync-main/frontend/node_modules/vite/dist/node/chunks/config.js:21692:13)
    at IncomingMessage.<anonymous> (file:///C:/Users/NAKULSHARMA/Downloads/developmentsync-main/frontend/node_modules/vite/dist/node/chunks/config.js:21705:6)
    at IncomingMessage.emit (node:events:521:24)
[2m4:08:22 pm[22m [31m[1m[vite][22m[39m [31mws proxy socket error:[39m
Error: write ECONNABORTED
    at afterWriteDispatched (node:internal/stream_base_commons:159:15)
    at writeGeneric (node:internal/stream_base_commons:150:3)
    at Socket._writeGeneric (node:net:1025:11)
    at Socket._write (node:net:1037:8)
    at writeOrBuffer (node:internal/streams/writable:570:12)
    at _write (node:internal/streams/writable:499:10)
    at Writable.write (node:internal/streams/writable:508:10)
    at writeChunk (file:///C:/Users/NAKULSHARMA/Downloads/developmentsync-main/frontend/node_modules/vite/dist/node/chunks/config.js:21692:13)
    at IncomingMessage.<anonymous> (file:///C:/Users/NAKULSHARMA/Downloads/developmentsync-main/frontend/node_modules/vite/dist/node/chunks/config.js:21705:6)
    at IncomingMessage.emit (node:events:521:24)
[2m4:08:26 pm[22m [31m[1m[vite][22m[39m [31mws proxy error:[39m
Error: write ECONNABORTED
    at afterWriteDispatched (node:internal/stream_base_commons:159:15)
    at writeGeneric (node:internal/stream_base_commons:150:3)
    at Socket._writeGeneric (node:net:1025:11)
    at Socket._write (node:net:1037:8)
    at writeOrBuffer (node:internal/streams/writable:570:12)
    at _write (node:internal/streams/writable:499:10)
    at Writable.write (node:internal/streams/writable:508:10)
    at writeChunk (file:///C:/Users/NAKULSHARMA/Downloads/developmentsync-main/frontend/node_modules/vite/dist/node/chunks/config.js:21692:13)
    at IncomingMessage.<anonymous> (file:///C:/Users/NAKULSHARMA/Downloads/developmentsync-main/frontend/node_modules/vite/dist/node/chunks/config.js:21705:6)
    at IncomingMessage.emit (node:events:521:24)
[2m4:08:26 pm[22m [31m[1m[vite][22m[39m [31mws proxy socket error:[39m
Error: write ECONNABORTED
    at afterWriteDispatched (node:internal/stream_base_commons:159:15)
    at writeGeneric (node:internal/stream_base_commons:150:3)
    at Socket._writeGeneric (node:net:1025:11)
    at Socket._write (node:net:1037:8)
    at writeOrBuffer (node:internal/streams/writable:570:12)
    at _write (node:internal/streams/writable:499:10)
    at Writable.write (node:internal/streams/writable:508:10)
    at writeChunk (file:///C:/Users/NAKULSHARMA/Downloads/developmentsync-main/frontend/node_modules/vite/dist/node/chunks/config.js:21692:13)
    at IncomingMessage.<anonymous> (file:///C:/Users/NAKULSHARMA/Downloads/developmentsync-main/frontend/node_modules/vite/dist/node/chunks/config.js:21705:6)
    at IncomingMessage.emit (node:events:521:24)
[2m4:08:29 pm[22m [31m[1m[vite][22m[39m [31mws proxy error:[39m
Error: write ECONNABORTED
    at afterWriteDispatched (node:internal/stream_base_commons:159:15)
    at writeGeneric (node:internal/stream_base_commons:150:3)
    at Socket._writeGeneric (node:net:1025:11)
    at Socket._write (node:net:1037:8)
    at writeOrBuffer (node:internal/streams/writable:570:12)
    at _write (node:internal/streams/writable:499:10)
    at Writable.write (node:internal/streams/writable:508:10)
    at writeChunk (file:///C:/Users/NAKULSHARMA/Downloads/developmentsync-main/frontend/node_modules/vite/dist/node/chunks/config.js:21692:13)
    at IncomingMessage.<anonymous> (file:///C:/Users/NAKULSHARMA/Downloads/developmentsync-main/frontend/node_modules/vite/dist/node/chunks/config.js:21705:6)
    at IncomingMessage.emit (node:events:521:24)
[2m4:08:29 pm[22m [31m[1m[vite][22m[39m [31mws proxy socket error:[39m
Error: write ECONNABORTED
    at afterWriteDispatched (node:internal/stream_base_commons:159:15)
    at writeGeneric (node:internal/stream_base_commons:150:3)
    at Socket._writeGeneric (node:net:1025:11)
    at Socket._write (node:net:1037:8)
    at writeOrBuffer (node:internal/streams/writable:570:12)
    at _write (node:internal/streams/writable:499:10)
    at Writable.write (node:internal/streams/writable:508:10)
    at writeChunk (file:///C:/Users/NAKULSHARMA/Downloads/developmentsync-main/frontend/node_modules/vite/dist/node/chunks/config.js:21692:13)
    at IncomingMessage.<anonymous> (file:///C:/Users/NAKULSHARMA/Downloads/developmentsync-main/frontend/node_modules/vite/dist/node/chunks/config.js:21705:6)
    at IncomingMessage.emit (node:events:521:24)
[2m4:08:33 pm[22m [31m[1m[vite][22m[39m [31mws proxy error:[39m
Error: write ECONNABORTED
    at afterWriteDispatched (node:internal/stream_base_commons:159:15)
    at writeGeneric (node:internal/stream_base_commons:150:3)
    at Socket._writeGeneric (node:net:1025:11)
    at Socket._write (node:net:1037:8)
    at writeOrBuffer (node:internal/streams/writable:570:12)
    at _write (node:internal/streams/writable:499:10)
    at Writable.write (node:internal/streams/writable:508:10)
    at writeChunk (file:///C:/Users/NAKULSHARMA/Downloads/developmentsync-main/frontend/node_modules/vite/dist/node/chunks/config.js:21693:13)
    at IncomingMessage.<anonymous> (file:///C:/Users/NAKULSHARMA/Downloads/developmentsync-main/frontend/node_modules/vite/dist/node/chunks/config.js:21702:6)
    at IncomingMessage.emit (node:events:509:28)
[2m4:08:33 pm[22m [31m[1m[vite][22m[39m [31mws proxy socket error:[39m
Error: write ECONNABORTED
    at afterWriteDispatched (node:internal/stream_base_commons:159:15)
    at writeGeneric (node:internal/stream_base_commons:150:3)
    at Socket._writeGeneric (node:net:1025:11)
    at Socket._write (node:net:1037:8)
    at writeOrBuffer (node:internal/streams/writable:570:12)
    at _write (node:internal/streams/writable:499:10)
    at Writable.write (node:internal/streams/writable:508:10)
    at writeChunk (file:///C:/Users/NAKULSHARMA/Downloads/developmentsync-main/frontend/node_modules/vite/dist/node/chunks/config.js:21693:13)
    at IncomingMessage.<anonymous> (file:///C:/Users/NAKULSHARMA/Downloads/developmentsync-main/frontend/node_modules/vite/dist/node/chunks/config.js:21702:6)
    at IncomingMessage.emit (node:events:509:28)
[2m4:08:39 pm[22m [31m[1m[vite][22m[39m [31mws proxy error:[39m
Error: write ECONNABORTED
    at afterWriteDispatched (node:internal/stream_base_commons:159:15)
    at writeGeneric (node:internal/stream_base_commons:150:3)
    at Socket._writeGeneric (node:net:1025:11)
    at Socket._write (node:net:1037:8)
    at writeOrBuffer (node:internal/streams/writable:570:12)
    at _write (node:internal/streams/writable:499:10)
    at Writable.write (node:internal/streams/writable:508:10)
    at writeChunk (file:///C:/Users/NAKULSHARMA/Downloads/developmentsync-main/frontend/node_modules/vite/dist/node/chunks/config.js:21693:13)
    at IncomingMessage.<anonymous> (file:///C:/Users/NAKULSHARMA/Downloads/developmentsync-main/frontend/node_modules/vite/dist/node/chunks/config.js:21702:6)
    at IncomingMessage.emit (node:events:509:28)
[2m4:08:39 pm[22m [31m[1m[vite][22m[39m [31mws proxy socket error:[39m
Error: write ECONNABORTED
    at afterWriteDispatched (node:internal/stream_base_commons:159:15)
    at writeGeneric (node:internal/stream_base_commons:150:3)
    at Socket._writeGeneric (node:net:1025:11)
    at Socket._write (node:net:1037:8)
    at writeOrBuffer (node:internal/streams/writable:570:12)
    at _write (node:internal/streams/writable:499:10)
    at Writable.write (node:internal/streams/writable:508:10)
    at writeChunk (file:///C:/Users/NAKULSHARMA/Downloads/developmentsync-main/frontend/node_modules/vite/dist/node/chunks/config.js:21693:13)
    at IncomingMessage.<anonymous> (file:///C:/Users/NAKULSHARMA/Downloads/developmentsync-main/frontend/node_modules/vite/dist/node/chunks/config.js:21702:6)
    at IncomingMessage.emit (node:events:509:28)
[2m4:08:44 pm[22m [31m[1m[vite][22m[39m [31mws proxy error:[39m
Error: write ECONNABORTED
    at afterWriteDispatched (node:internal/stream_base_commons:159:15)
    at writeGeneric (node:internal/stream_base_commons:150:3)
    at Socket._writeGeneric (node:net:1025:11)
    at Socket._write (node:net:1037:8)
    at writeOrBuffer (node:internal/streams/writable:570:12)
    at _write (node:internal/streams/writable:499:10)
    at Writable.write (node:internal/streams/writable:508:10)
    at writeChunk (file:///C:/Users/NAKULSHARMA/Downloads/developmentsync-main/frontend/node_modules/vite/dist/node/chunks/config.js:21693:13)
    at IncomingMessage.<anonymous> (file:///C:/Users/NAKULSHARMA/Downloads/developmentsync-main/frontend/node_modules/vite/dist/node/chunks/config.js:21702:6)
    at IncomingMessage.emit (node:events:509:28)
[2m4:08:44 pm[22m [31m[1m[vite][22m[39m [31mws proxy socket error:[39m
Error: write ECONNABORTED
    at afterWriteDispatched (node:internal/stream_base_commons:159:15)
    at writeGeneric (node:internal/stream_base_commons:150:3)
    at Socket._writeGeneric (node:net:1025:11)
    at Socket._write (node:net:1037:8)
    at writeOrBuffer (node:internal/streams/writable:570:12)
    at _write (node:internal/streams/writable:499:10)
    at Writable.write (node:internal/streams/writable:508:10)
    at writeChunk (file:///C:/Users/NAKULSHARMA/Downloads/developmentsync-main/frontend/node_modules/vite/dist/node/chunks/config.js:21693:13)
    at IncomingMessage.<anonymous> (file:///C:/Users/NAKULSHARMA/Downloads/developmentsync-main/frontend/node_modules/vite/dist/node/chunks/config.js:21702:6)
    at IncomingMessage.emit (node:events:509:28)
[2m4:08:54 pm[22m [31m[1m[vite][22m[39m [31mws proxy error:[39m
Error: write ECONNABORTED
    at afterWriteDispatched (node:internal/stream_base_commons:159:15)
    at writeGeneric (node:internal/stream_base_commons:150:3)
    at Socket._writeGeneric (node:net:1025:11)
    at Socket._write (node:net:1037:8)
    at writeOrBuffer (node:internal/streams/writable:570:12)
    at _write (node:internal/streams/writable:499:10)
    at Writable.write (node:internal/streams/writable:508:10)
    at writeChunk (file:///C:/Users/NAKULSHARMA/Downloads/developmentsync-main/frontend/node_modules/vite/dist/node/chunks/config.js:21692:13)
    at IncomingMessage.<anonymous> (file:///C:/Users/NAKULSHARMA/Downloads/developmentsync-main/frontend/node_modules/vite/dist/node/chunks/config.js:21705:6)
    at IncomingMessage.emit (node:events:521:24)
[2m4:08:54 pm[22m [31m[1m[vite][22m[39m [31mws proxy socket error:[39m
Error: write ECONNABORTED
    at afterWriteDispatched (node:internal/stream_base_commons:159:15)
    at writeGeneric (node:internal/stream_base_commons:150:3)
    at Socket._writeGeneric (node:net:1025:11)
    at Socket._write (node:net:1037:8)
    at writeOrBuffer (node:internal/streams/writable:570:12)
    at _write (node:internal/streams/writable:499:10)
    at Writable.write (node:internal/streams/writable:508:10)
    at writeChunk (file:///C:/Users/NAKULSHARMA/Downloads/developmentsync-main/frontend/node_modules/vite/dist/node/chunks/config.js:21692:13)
    at IncomingMessage.<anonymous> (file:///C:/Users/NAKULSHARMA/Downloads/developmentsync-main/frontend/node_modules/vite/dist/node/chunks/config.js:21705:6)
    at IncomingMessage.emit (node:events:521:24)
[2m4:08:59 pm[22m [31m[1m[vite][22m[39m [31mws proxy error:[39m
Error: write ECONNABORTED
    at afterWriteDispatched (node:internal/stream_base_commons:159:15)
    at writeGeneric (node:internal/stream_base_commons:150:3)
    at Socket._writeGeneric (node:net:1025:11)
    at Socket._write (node:net:1037:8)
    at writeOrBuffer (node:internal/streams/writable:570:12)
    at _write (node:internal/streams/writable:499:10)
    at Writable.write (node:internal/streams/writable:508:10)
    at writeChunk (file:///C:/Users/NAKULSHARMA/Downloads/developmentsync-main/frontend/node_modules/vite/dist/node/chunks/config.js:21692:13)
    at IncomingMessage.<anonymous> (file:///C:/Users/NAKULSHARMA/Downloads/developmentsync-main/frontend/node_modules/vite/dist/node/chunks/config.js:21705:6)
    at IncomingMessage.emit (node:events:521:24)
[2m4:08:59 pm[22m [31m[1m[vite][22m[39m [31mws proxy socket error:[39m
Error: write ECONNABORTED
    at afterWriteDispatched (node:internal/stream_base_commons:159:15)
    at writeGeneric (node:internal/stream_base_commons:150:3)
    at Socket._writeGeneric (node:net:1025:11)
    at Socket._write (node:net:1037:8)
    at writeOrBuffer (node:internal/streams/writable:570:12)
    at _write (node:internal/streams/writable:499:10)
    at Writable.write (node:internal/streams/writable:508:10)
    at writeChunk (file:///C:/Users/NAKULSHARMA/Downloads/developmentsync-main/frontend/node_modules/vite/dist/node/chunks/config.js:21692:13)
    at IncomingMessage.<anonymous> (file:///C:/Users/NAKULSHARMA/Downloads/developmentsync-main/frontend/node_modules/vite/dist/node/chunks/config.js:21705:6)
    at IncomingMessage.emit (node:events:521:24)
[2m4:09:03 pm[22m [31m[1m[vite][22m[39m [31mws proxy error:[39m
Error: write ECONNABORTED
    at afterWriteDispatched (node:internal/stream_base_commons:159:15)
    at writeGeneric (node:internal/stream_base_commons:150:3)
    at Socket._writeGeneric (node:net:1025:11)
    at Socket._write (node:net:1037:8)
    at writeOrBuffer (node:internal/streams/writable:570:12)
    at _write (node:internal/streams/writable:499:10)
    at Writable.write (node:internal/streams/writable:508:10)
    at writeChunk (file:///C:/Users/NAKULSHARMA/Downloads/developmentsync-main/frontend/node_modules/vite/dist/node/chunks/config.js:21693:13)
    at IncomingMessage.<anonymous> (file:///C:/Users/NAKULSHARMA/Downloads/developmentsync-main/frontend/node_modules/vite/dist/node/chunks/config.js:21702:6)
    at IncomingMessage.emit (node:events:509:28)
[2m4:09:03 pm[22m [31m[1m[vite][22m[39m [31mws proxy socket error:[39m
Error: write ECONNABORTED
    at afterWriteDispatched (node:internal/stream_base_commons:159:15)
    at writeGeneric (node:internal/stream_base_commons:150:3)
    at Socket._writeGeneric (node:net:1025:11)
    at Socket._write (node:net:1037:8)
    at writeOrBuffer (node:internal/streams/writable:570:12)
    at _write (node:internal/streams/writable:499:10)
    at Writable.write (node:internal/streams/writable:508:10)
    at writeChunk (file:///C:/Users/NAKULSHARMA/Downloads/developmentsync-main/frontend/node_modules/vite/dist/node/chunks/config.js:21693:13)
    at IncomingMessage.<anonymous> (file:///C:/Users/NAKULSHARMA/Downloads/developmentsync-main/frontend/node_modules/vite/dist/node/chunks/config.js:21702:6)
    at IncomingMessage.emit (node:events:509:28)
[2m4:09:09 pm[22m [31m[1m[vite][22m[39m [31mws proxy error:[39m
Error: write ECONNABORTED
    at afterWriteDispatched (node:internal/stream_base_commons:159:15)
    at writeGeneric (node:internal/stream_base_commons:150:3)
    at Socket._writeGeneric (node:net:1025:11)
    at Socket._write (node:net:1037:8)
    at writeOrBuffer (node:internal/streams/writable:570:12)
    at _write (node:internal/streams/writable:499:10)
    at Writable.write (node:internal/streams/writable:508:10)
    at writeChunk (file:///C:/Users/NAKULSHARMA/Downloads/developmentsync-main/frontend/node_modules/vite/dist/node/chunks/config.js:21692:13)
    at IncomingMessage.<anonymous> (file:///C:/Users/NAKULSHARMA/Downloads/developmentsync-main/frontend/node_modules/vite/dist/node/chunks/config.js:21705:6)
    at IncomingMessage.emit (node:events:521:24)
[2m4:09:09 pm[22m [31m[1m[vite][22m[39m [31mws proxy socket error:[39m
Error: write ECONNABORTED
    at afterWriteDispatched (node:internal/stream_base_commons:159:15)
    at writeGeneric (node:internal/stream_base_commons:150:3)
    at Socket._writeGeneric (node:net:1025:11)
    at Socket._write (node:net:1037:8)
    at writeOrBuffer (node:internal/streams/writable:570:12)
    at _write (node:internal/streams/writable:499:10)
    at Writable.write (node:internal/streams/writable:508:10)
    at writeChunk (file:///C:/Users/NAKULSHARMA/Downloads/developmentsync-main/frontend/node_modules/vite/dist/node/chunks/config.js:21692:13)
    at IncomingMessage.<anonymous> (file:///C:/Users/NAKULSHARMA/Downloads/developmentsync-main/frontend/node_modules/vite/dist/node/chunks/config.js:21705:6)
    at IncomingMessage.emit (node:events:521:24)
[2m4:09:15 pm[22m [31m[1m[vite][22m[39m [31mws proxy error:[39m
Error: write ECONNABORTED
    at afterWriteDispatched (node:internal/stream_base_commons:159:15)
    at writeGeneric (node:internal/stream_base_commons:150:3)
    at Socket._writeGeneric (node:net:1025:11)
    at Socket._write (node:net:1037:8)
    at writeOrBuffer (node:internal/streams/writable:570:12)
    at _write (node:internal/streams/writable:499:10)
    at Writable.write (node:internal/streams/writable:508:10)
    at writeChunk (file:///C:/Users/NAKULSHARMA/Downloads/developmentsync-main/frontend/node_modules/vite/dist/node/chunks/config.js:21695:13)
    at IncomingMessage.<anonymous> (file:///C:/Users/NAKULSHARMA/Downloads/developmentsync-main/frontend/node_modules/vite/dist/node/chunks/config.js:21702:6)
    at IncomingMessage.emit (node:events:509:28)
[2m4:09:15 pm[22m [31m[1m[vite][22m[39m [31mws proxy socket error:[39m
Error: write ECONNABORTED
    at afterWriteDispatched (node:internal/stream_base_commons:159:15)
    at writeGeneric (node:internal/stream_base_commons:150:3)
    at Socket._writeGeneric (node:net:1025:11)
    at Socket._write (node:net:1037:8)
    at writeOrBuffer (node:internal/streams/writable:570:12)
    at _write (node:internal/streams/writable:499:10)
    at Writable.write (node:internal/streams/writable:508:10)
    at writeChunk (file:///C:/Users/NAKULSHARMA/Downloads/developmentsync-main/frontend/node_modules/vite/dist/node/chunks/config.js:21695:13)
    at IncomingMessage.<anonymous> (file:///C:/Users/NAKULSHARMA/Downloads/developmentsync-main/frontend/node_modules/vite/dist/node/chunks/config.js:21702:6)
    at IncomingMessage.emit (node:events:509:28)
[2m4:09:21 pm[22m [31m[1m[vite][22m[39m [31mws proxy error:[39m
Error: write ECONNABORTED
    at afterWriteDispatched (node:internal/stream_base_commons:159:15)
    at writeGeneric (node:internal/stream_base_commons:150:3)
    at Socket._writeGeneric (node:net:1025:11)
    at Socket._write (node:net:1037:8)
    at writeOrBuffer (node:internal/streams/writable:570:12)
    at _write (node:internal/streams/writable:499:10)
    at Writable.write (node:internal/streams/writable:508:10)
    at writeChunk (file:///C:/Users/NAKULSHARMA/Downloads/developmentsync-main/frontend/node_modules/vite/dist/node/chunks/config.js:21692:13)
    at IncomingMessage.<anonymous> (file:///C:/Users/NAKULSHARMA/Downloads/developmentsync-main/frontend/node_modules/vite/dist/node/chunks/config.js:21705:6)
    at IncomingMessage.emit (node:events:521:24)
[2m4:09:21 pm[22m [31m[1m[vite][22m[39m [31mws proxy socket error:[39m
Error: write ECONNABORTED
    at afterWriteDispatched (node:internal/stream_base_commons:159:15)
    at writeGeneric (node:internal/stream_base_commons:150:3)
    at Socket._writeGeneric (node:net:1025:11)
    at Socket._write (node:net:1037:8)
    at writeOrBuffer (node:internal/streams/writable:570:12)
    at _write (node:internal/streams/writable:499:10)
    at Writable.write (node:internal/streams/writable:508:10)
    at writeChunk (file:///C:/Users/NAKULSHARMA/Downloads/developmentsync-main/frontend/node_modules/vite/dist/node/chunks/config.js:21692:13)
    at IncomingMessage.<anonymous> (file:///C:/Users/NAKULSHARMA/Downloads/developmentsync-main/frontend/node_modules/vite/dist/node/chunks/config.js:21705:6)
    at IncomingMessage.emit (node:events:521:24)
[2m4:09:32 pm[22m [31m[1m[vite][22m[39m [31mws proxy error:[39m
Error: write ECONNABORTED
    at afterWriteDispatched (node:internal/stream_base_commons:159:15)
    at writeGeneric (node:internal/stream_base_commons:150:3)
    at Socket._writeGeneric (node:net:1025:11)
    at Socket._write (node:net:1037:8)
    at writeOrBuffer (node:internal/streams/writable:570:12)
    at _write (node:internal/streams/writable:499:10)
    at Writable.write (node:internal/streams/writable:508:10)
    at writeChunk (file:///C:/Users/NAKULSHARMA/Downloads/developmentsync-main/frontend/node_modules/vite/dist/node/chunks/config.js:21693:13)
    at IncomingMessage.<anonymous> (file:///C:/Users/NAKULSHARMA/Downloads/developmentsync-main/frontend/node_modules/vite/dist/node/chunks/config.js:21702:6)
    at IncomingMessage.emit (node:events:509:28)
[2m4:09:32 pm[22m [31m[1m[vite][22m[39m [31mws proxy socket error:[39m
Error: write ECONNABORTED
    at afterWriteDispatched (node:internal/stream_base_commons:159:15)
    at writeGeneric (node:internal/stream_base_commons:150:3)
    at Socket._writeGeneric (node:net:1025:11)
    at Socket._write (node:net:1037:8)
    at writeOrBuffer (node:internal/streams/writable:570:12)
    at _write (node:internal/streams/writable:499:10)
    at Writable.write (node:internal/streams/writable:508:10)
    at writeChunk (file:///C:/Users/NAKULSHARMA/Downloads/developmentsync-main/frontend/node_modules/vite/dist/node/chunks/config.js:21693:13)
    at IncomingMessage.<anonymous> (file:///C:/Users/NAKULSHARMA/Downloads/developmentsync-main/frontend/node_modules/vite/dist/node/chunks/config.js:21702:6)
    at IncomingMessage.emit (node:events:509:28)
[2m4:09:42 pm[22m [31m[1m[vite][22m[39m [31mws proxy error:[39m
Error: write ECONNABORTED
    at afterWriteDispatched (node:internal/stream_base_commons:159:15)
    at writeGeneric (node:internal/stream_base_commons:150:3)
    at Socket._writeGeneric (node:net:1025:11)
    at Socket._write (node:net:1037:8)
    at writeOrBuffer (node:internal/streams/writable:570:12)
    at _write (node:internal/streams/writable:499:10)
    at Writable.write (node:internal/streams/writable:508:10)
    at writeChunk (file:///C:/Users/NAKULSHARMA/Downloads/developmentsync-main/frontend/node_modules/vite/dist/node/chunks/config.js:21692:13)
    at IncomingMessage.<anonymous> (file:///C:/Users/NAKULSHARMA/Downloads/developmentsync-main/frontend/node_modules/vite/dist/node/chunks/config.js:21705:6)
    at IncomingMessage.emit (node:events:521:24)
[2m4:09:42 pm[22m [31m[1m[vite][22m[39m [31mws proxy socket error:[39m
Error: write ECONNABORTED
    at afterWriteDispatched (node:internal/stream_base_commons:159:15)
    at writeGeneric (node:internal/stream_base_commons:150:3)
    at Socket._writeGeneric (node:net:1025:11)
    at Socket._write (node:net:1037:8)
    at writeOrBuffer (node:internal/streams/writable:570:12)
    at _write (node:internal/streams/writable:499:10)
    at Writable.write (node:internal/streams/writable:508:10)
    at writeChunk (file:///C:/Users/NAKULSHARMA/Downloads/developmentsync-main/frontend/node_modules/vite/dist/node/chunks/config.js:21692:13)
    at IncomingMessage.<anonymous> (file:///C:/Users/NAKULSHARMA/Downloads/developmentsync-main/frontend/node_modules/vite/dist/node/chunks/config.js:21705:6)
    at IncomingMessage.emit (node:events:521:24)
[2m4:09:46 pm[22m [31m[1m[vite][22m[39m [31mws proxy error:[39m
Error: write ECONNABORTED
    at afterWriteDispatched (node:internal/stream_base_commons:159:15)
    at writeGeneric (node:internal/stream_base_commons:150:3)
    at Socket._writeGeneric (node:net:1025:11)
    at Socket._write (node:net:1037:8)
    at writeOrBuffer (node:internal/streams/writable:570:12)
    at _write (node:internal/streams/writable:499:10)
    at Writable.write (node:internal/streams/writable:508:10)
    at writeChunk (file:///C:/Users/NAKULSHARMA/Downloads/developmentsync-main/frontend/node_modules/vite/dist/node/chunks/config.js:21695:13)
    at IncomingMessage.<anonymous> (file:///C:/Users/NAKULSHARMA/Downloads/developmentsync-main/frontend/node_modules/vite/dist/node/chunks/config.js:21702:6)
    at IncomingMessage.emit (node:events:509:28)
[2m4:09:46 pm[22m [31m[1m[vite][22m[39m [31mws proxy socket error:[39m
Error: write ECONNABORTED
    at afterWriteDispatched (node:internal/stream_base_commons:159:15)
    at writeGeneric (node:internal/stream_base_commons:150:3)
    at Socket._writeGeneric (node:net:1025:11)
    at Socket._write (node:net:1037:8)
    at writeOrBuffer (node:internal/streams/writable:570:12)
    at _write (node:internal/streams/writable:499:10)
    at Writable.write (node:internal/streams/writable:508:10)
    at writeChunk (file:///C:/Users/NAKULSHARMA/Downloads/developmentsync-main/frontend/node_modules/vite/dist/node/chunks/config.js:21695:13)
    at IncomingMessage.<anonymous> (file:///C:/Users/NAKULSHARMA/Downloads/developmentsync-main/frontend/node_modules/vite/dist/node/chunks/config.js:21702:6)
    at IncomingMessage.emit (node:events:509:28)
[2m4:09:52 pm[22m [31m[1m[vite][22m[39m [31mws proxy error:[39m
Error: write ECONNABORTED
    at afterWriteDispatched (node:internal/stream_base_commons:159:15)
    at writeGeneric (node:internal/stream_base_commons:150:3)
    at Socket._writeGeneric (node:net:1025:11)
    at Socket._write (node:net:1037:8)
    at writeOrBuffer (node:internal/streams/writable:570:12)
    at _write (node:internal/streams/writable:499:10)
    at Writable.write (node:internal/streams/writable:508:10)
    at writeChunk (file:///C:/Users/NAKULSHARMA/Downloads/developmentsync-main/frontend/node_modules/vite/dist/node/chunks/config.js:21694:13)
    at IncomingMessage.<anonymous> (file:///C:/Users/NAKULSHARMA/Downloads/developmentsync-main/frontend/node_modules/vite/dist/node/chunks/config.js:21702:6)
    at IncomingMessage.emit (node:events:509:28)
[2m4:09:52 pm[22m [31m[1m[vite][22m[39m [31mws proxy socket error:[39m
Error: write ECONNABORTED
    at afterWriteDispatched (node:internal/stream_base_commons:159:15)
    at writeGeneric (node:internal/stream_base_commons:150:3)
    at Socket._writeGeneric (node:net:1025:11)
    at Socket._write (node:net:1037:8)
    at writeOrBuffer (node:internal/streams/writable:570:12)
    at _write (node:internal/streams/writable:499:10)
    at Writable.write (node:internal/streams/writable:508:10)
    at writeChunk (file:///C:/Users/NAKULSHARMA/Downloads/developmentsync-main/frontend/node_modules/vite/dist/node/chunks/config.js:21694:13)
    at IncomingMessage.<anonymous> (file:///C:/Users/NAKULSHARMA/Downloads/developmentsync-main/frontend/node_modules/vite/dist/node/chunks/config.js:21702:6)
    at IncomingMessage.emit (node:events:509:28)
[2m4:09:56 pm[22m [31m[1m[vite][22m[39m [31mws proxy error:[39m
Error: write ECONNABORTED
    at afterWriteDispatched (node:internal/stream_base_commons:159:15)
    at writeGeneric (node:internal/stream_base_commons:150:3)
    at Socket._writeGeneric (node:net:1025:11)
    at Socket._write (node:net:1037:8)
    at writeOrBuffer (node:internal/streams/writable:570:12)
    at _write (node:internal/streams/writable:499:10)
    at Writable.write (node:internal/streams/writable:508:10)
    at writeChunk (file:///C:/Users/NAKULSHARMA/Downloads/developmentsync-main/frontend/node_modules/vite/dist/node/chunks/config.js:21692:13)
    at IncomingMessage.<anonymous> (file:///C:/Users/NAKULSHARMA/Downloads/developmentsync-main/frontend/node_modules/vite/dist/node/chunks/config.js:21705:6)
    at IncomingMessage.emit (node:events:521:24)
[2m4:09:56 pm[22m [31m[1m[vite][22m[39m [31mws proxy socket error:[39m
Error: write ECONNABORTED
    at afterWriteDispatched (node:internal/stream_base_commons:159:15)
    at writeGeneric (node:internal/stream_base_commons:150:3)
    at Socket._writeGeneric (node:net:1025:11)
    at Socket._write (node:net:1037:8)
    at writeOrBuffer (node:internal/streams/writable:570:12)
    at _write (node:internal/streams/writable:499:10)
    at Writable.write (node:internal/streams/writable:508:10)
    at writeChunk (file:///C:/Users/NAKULSHARMA/Downloads/developmentsync-main/frontend/node_modules/vite/dist/node/chunks/config.js:21692:13)
    at IncomingMessage.<anonymous> (file:///C:/Users/NAKULSHARMA/Downloads/developmentsync-main/frontend/node_modules/vite/dist/node/chunks/config.js:21705:6)
    at IncomingMessage.emit (node:events:521:24)
[2m4:10:02 pm[22m [31m[1m[vite][22m[39m [31mws proxy error:[39m
Error: write ECONNABORTED
    at afterWriteDispatched (node:internal/stream_base_commons:159:15)
    at writeGeneric (node:internal/stream_base_commons:150:3)
    at Socket._writeGeneric (node:net:1025:11)
    at Socket._write (node:net:1037:8)
    at writeOrBuffer (node:internal/streams/writable:570:12)
    at _write (node:internal/streams/writable:499:10)
    at Writable.write (node:internal/streams/writable:508:10)
    at writeChunk (file:///C:/Users/NAKULSHARMA/Downloads/developmentsync-main/frontend/node_modules/vite/dist/node/chunks/config.js:21692:13)
    at IncomingMessage.<anonymous> (file:///C:/Users/NAKULSHARMA/Downloads/developmentsync-main/frontend/node_modules/vite/dist/node/chunks/config.js:21705:6)
    at IncomingMessage.emit (node:events:521:24)
[2m4:10:02 pm[22m [31m[1m[vite][22m[39m [31mws proxy socket error:[39m
Error: write ECONNABORTED
    at afterWriteDispatched (node:internal/stream_base_commons:159:15)
    at writeGeneric (node:internal/stream_base_commons:150:3)
    at Socket._writeGeneric (node:net:1025:11)
    at Socket._write (node:net:1037:8)
    at writeOrBuffer (node:internal/streams/writable:570:12)
    at _write (node:internal/streams/writable:499:10)
    at Writable.write (node:internal/streams/writable:508:10)
    at writeChunk (file:///C:/Users/NAKULSHARMA/Downloads/developmentsync-main/frontend/node_modules/vite/dist/node/chunks/config.js:21692:13)
    at IncomingMessage.<anonymous> (file:///C:/Users/NAKULSHARMA/Downloads/developmentsync-main/frontend/node_modules/vite/dist/node/chunks/config.js:21705:6)
    at IncomingMessage.emit (node:events:521:24)
[2m4:10:05 pm[22m [31m[1m[vite][22m[39m [31mws proxy error:[39m
Error: write ECONNABORTED
    at afterWriteDispatched (node:internal/stream_base_commons:159:15)
    at writeGeneric (node:internal/stream_base_commons:150:3)
    at Socket._writeGeneric (node:net:1025:11)
    at Socket._write (node:net:1037:8)
    at writeOrBuffer (node:internal/streams/writable:570:12)
    at _write (node:internal/streams/writable:499:10)
    at Writable.write (node:internal/streams/writable:508:10)
    at writeChunk (file:///C:/Users/NAKULSHARMA/Downloads/developmentsync-main/frontend/node_modules/vite/dist/node/chunks/config.js:21692:13)
    at IncomingMessage.<anonymous> (file:///C:/Users/NAKULSHARMA/Downloads/developmentsync-main/frontend/node_modules/vite/dist/node/chunks/config.js:21705:6)
    at IncomingMessage.emit (node:events:521:24)
[2m4:10:05 pm[22m [31m[1m[vite][22m[39m [31mws proxy socket error:[39m
Error: write ECONNABORTED
    at afterWriteDispatched (node:internal/stream_base_commons:159:15)
    at writeGeneric (node:internal/stream_base_commons:150:3)
    at Socket._writeGeneric (node:net:1025:11)
    at Socket._write (node:net:1037:8)
    at writeOrBuffer (node:internal/streams/writable:570:12)
    at _write (node:internal/streams/writable:499:10)
    at Writable.write (node:internal/streams/writable:508:10)
    at writeChunk (file:///C:/Users/NAKULSHARMA/Downloads/developmentsync-main/frontend/node_modules/vite/dist/node/chunks/config.js:21692:13)
    at IncomingMessage.<anonymous> (file:///C:/Users/NAKULSHARMA/Downloads/developmentsync-main/frontend/node_modules/vite/dist/node/chunks/config.js:21705:6)
    at IncomingMessage.emit (node:events:521:24)
[2m4:10:08 pm[22m [31m[1m[vite][22m[39m [31mws proxy error:[39m
Error: write ECONNABORTED
    at afterWriteDispatched (node:internal/stream_base_commons:159:15)
    at writeGeneric (node:internal/stream_base_commons:150:3)
    at Socket._writeGeneric (node:net:1025:11)
    at Socket._write (node:net:1037:8)
    at writeOrBuffer (node:internal/streams/writable:570:12)
    at _write (node:internal/streams/writable:499:10)
    at Writable.write (node:internal/streams/writable:508:10)
    at writeChunk (file:///C:/Users/NAKULSHARMA/Downloads/developmentsync-main/frontend/node_modules/vite/dist/node/chunks/config.js:21692:13)
    at IncomingMessage.<anonymous> (file:///C:/Users/NAKULSHARMA/Downloads/developmentsync-main/frontend/node_modules/vite/dist/node/chunks/config.js:21705:6)
    at IncomingMessage.emit (node:events:521:24)
[2m4:10:08 pm[22m [31m[1m[vite][22m[39m [31mws proxy socket error:[39m
Error: write ECONNABORTED
    at afterWriteDispatched (node:internal/stream_base_commons:159:15)
    at writeGeneric (node:internal/stream_base_commons:150:3)
    at Socket._writeGeneric (node:net:1025:11)
    at Socket._write (node:net:1037:8)
    at writeOrBuffer (node:internal/streams/writable:570:12)
    at _write (node:internal/streams/writable:499:10)
    at Writable.write (node:internal/streams/writable:508:10)
    at writeChunk (file:///C:/Users/NAKULSHARMA/Downloads/developmentsync-main/frontend/node_modules/vite/dist/node/chunks/config.js:21692:13)
    at IncomingMessage.<anonymous> (file:///C:/Users/NAKULSHARMA/Downloads/developmentsync-main/frontend/node_modules/vite/dist/node/chunks/config.js:21705:6)
    at IncomingMessage.emit (node:events:521:24)
[2m4:10:14 pm[22m [31m[1m[vite][22m[39m [31mws proxy error:[39m
Error: write ECONNABORTED
    at afterWriteDispatched (node:internal/stream_base_commons:159:15)
    at writeGeneric (node:internal/stream_base_commons:150:3)
    at Socket._writeGeneric (node:net:1025:11)
    at Socket._write (node:net:1037:8)
    at writeOrBuffer (node:internal/streams/writable:570:12)
    at _write (node:internal/streams/writable:499:10)
    at Writable.write (node:internal/streams/writable:508:10)
    at writeChunk (file:///C:/Users/NAKULSHARMA/Downloads/developmentsync-main/frontend/node_modules/vite/dist/node/chunks/config.js:21693:13)
    at IncomingMessage.<anonymous> (file:///C:/Users/NAKULSHARMA/Downloads/developmentsync-main/frontend/node_modules/vite/dist/node/chunks/config.js:21702:6)
    at IncomingMessage.emit (node:events:509:28)
[2m4:10:14 pm[22m [31m[1m[vite][22m[39m [31mws proxy socket error:[39m
Error: write ECONNABORTED
    at afterWriteDispatched (node:internal/stream_base_commons:159:15)
    at writeGeneric (node:internal/stream_base_commons:150:3)
    at Socket._writeGeneric (node:net:1025:11)
    at Socket._write (node:net:1037:8)
    at writeOrBuffer (node:internal/streams/writable:570:12)
    at _write (node:internal/streams/writable:499:10)
    at Writable.write (node:internal/streams/writable:508:10)
    at writeChunk (file:///C:/Users/NAKULSHARMA/Downloads/developmentsync-main/frontend/node_modules/vite/dist/node/chunks/config.js:21693:13)
    at IncomingMessage.<anonymous> (file:///C:/Users/NAKULSHARMA/Downloads/developmentsync-main/frontend/node_modules/vite/dist/node/chunks/config.js:21702:6)
    at IncomingMessage.emit (node:events:509:28)
[2m4:10:21 pm[22m [31m[1m[vite][22m[39m [31mws proxy error:[39m
Error: write ECONNABORTED
    at afterWriteDispatched (node:internal/stream_base_commons:159:15)
    at writeGeneric (node:internal/stream_base_commons:150:3)
    at Socket._writeGeneric (node:net:1025:11)
    at Socket._write (node:net:1037:8)
    at writeOrBuffer (node:internal/streams/writable:570:12)
    at _write (node:internal/streams/writable:499:10)
    at Writable.write (node:internal/streams/writable:508:10)
    at writeChunk (file:///C:/Users/NAKULSHARMA/Downloads/developmentsync-main/frontend/node_modules/vite/dist/node/chunks/config.js:21692:13)
    at IncomingMessage.<anonymous> (file:///C:/Users/NAKULSHARMA/Downloads/developmentsync-main/frontend/node_modules/vite/dist/node/chunks/config.js:21705:6)
    at IncomingMessage.emit (node:events:521:24)
[2m4:10:21 pm[22m [31m[1m[vite][22m[39m [31mws proxy socket error:[39m
Error: write ECONNABORTED
    at afterWriteDispatched (node:internal/stream_base_commons:159:15)
    at writeGeneric (node:internal/stream_base_commons:150:3)
    at Socket._writeGeneric (node:net:1025:11)
    at Socket._write (node:net:1037:8)
    at writeOrBuffer (node:internal/streams/writable:570:12)
    at _write (node:internal/streams/writable:499:10)
    at Writable.write (node:internal/streams/writable:508:10)
    at writeChunk (file:///C:/Users/NAKULSHARMA/Downloads/developmentsync-main/frontend/node_modules/vite/dist/node/chunks/config.js:21692:13)
    at IncomingMessage.<anonymous> (file:///C:/Users/NAKULSHARMA/Downloads/developmentsync-main/frontend/node_modules/vite/dist/node/chunks/config.js:21705:6)
    at IncomingMessage.emit (node:events:521:24)
[2m4:10:27 pm[22m [31m[1m[vite][22m[39m [31mws proxy error:[39m
Error: write ECONNABORTED
    at afterWriteDispatched (node:internal/stream_base_commons:159:15)
    at writeGeneric (node:internal/stream_base_commons:150:3)
    at Socket._writeGeneric (node:net:1025:11)
    at Socket._write (node:net:1037:8)
    at writeOrBuffer (node:internal/streams/writable:570:12)
    at _write (node:internal/streams/writable:499:10)
    at Writable.write (node:internal/streams/writable:508:10)
    at writeChunk (file:///C:/Users/NAKULSHARMA/Downloads/developmentsync-main/frontend/node_modules/vite/dist/node/chunks/config.js:21692:13)
    at IncomingMessage.<anonymous> (file:///C:/Users/NAKULSHARMA/Downloads/developmentsync-main/frontend/node_modules/vite/dist/node/chunks/config.js:21705:6)
    at IncomingMessage.emit (node:events:521:24)
[2m4:10:27 pm[22m [31m[1m[vite][22m[39m [31mws proxy socket error:[39m
Error: write ECONNABORTED
    at afterWriteDispatched (node:internal/stream_base_commons:159:15)
    at writeGeneric (node:internal/stream_base_commons:150:3)
    at Socket._writeGeneric (node:net:1025:11)
    at Socket._write (node:net:1037:8)
    at writeOrBuffer (node:internal/streams/writable:570:12)
    at _write (node:internal/streams/writable:499:10)
    at Writable.write (node:internal/streams/writable:508:10)
    at writeChunk (file:///C:/Users/NAKULSHARMA/Downloads/developmentsync-main/frontend/node_modules/vite/dist/node/chunks/config.js:21692:13)
    at IncomingMessage.<anonymous> (file:///C:/Users/NAKULSHARMA/Downloads/developmentsync-main/frontend/node_modules/vite/dist/node/chunks/config.js:21705:6)
    at IncomingMessage.emit (node:events:521:24)
[2m4:10:34 pm[22m [31m[1m[vite][22m[39m [31mws proxy error:[39m
Error: write ECONNABORTED
    at afterWriteDispatched (node:internal/stream_base_commons:159:15)
    at writeGeneric (node:internal/stream_base_commons:150:3)
    at Socket._writeGeneric (node:net:1025:11)
    at Socket._write (node:net:1037:8)
    at writeOrBuffer (node:internal/streams/writable:570:12)
    at _write (node:internal/streams/writable:499:10)
    at Writable.write (node:internal/streams/writable:508:10)
    at writeChunk (file:///C:/Users/NAKULSHARMA/Downloads/developmentsync-main/frontend/node_modules/vite/dist/node/chunks/config.js:21694:13)
    at IncomingMessage.<anonymous> (file:///C:/Users/NAKULSHARMA/Downloads/developmentsync-main/frontend/node_modules/vite/dist/node/chunks/config.js:21702:6)
    at IncomingMessage.emit (node:events:509:28)
[2m4:10:34 pm[22m [31m[1m[vite][22m[39m [31mws proxy socket error:[39m
Error: write ECONNABORTED
    at afterWriteDispatched (node:internal/stream_base_commons:159:15)
    at writeGeneric (node:internal/stream_base_commons:150:3)
    at Socket._writeGeneric (node:net:1025:11)
    at Socket._write (node:net:1037:8)
    at writeOrBuffer (node:internal/streams/writable:570:12)
    at _write (node:internal/streams/writable:499:10)
    at Writable.write (node:internal/streams/writable:508:10)
    at writeChunk (file:///C:/Users/NAKULSHARMA/Downloads/developmentsync-main/frontend/node_modules/vite/dist/node/chunks/config.js:21694:13)
    at IncomingMessage.<anonymous> (file:///C:/Users/NAKULSHARMA/Downloads/developmentsync-main/frontend/node_modules/vite/dist/node/chunks/config.js:21702:6)
    at IncomingMessage.emit (node:events:509:28)
[2m4:10:40 pm[22m [31m[1m[vite][22m[39m [31mws proxy error:[39m
Error: write ECONNABORTED
    at afterWriteDispatched (node:internal/stream_base_commons:159:15)
    at writeGeneric (node:internal/stream_base_commons:150:3)
    at Socket._writeGeneric (node:net:1025:11)
    at Socket._write (node:net:1037:8)
    at writeOrBuffer (node:internal/streams/writable:570:12)
    at _write (node:internal/streams/writable:499:10)
    at Writable.write (node:internal/streams/writable:508:10)
    at writeChunk (file:///C:/Users/NAKULSHARMA/Downloads/developmentsync-main/frontend/node_modules/vite/dist/node/chunks/config.js:21692:13)
    at IncomingMessage.<anonymous> (file:///C:/Users/NAKULSHARMA/Downloads/developmentsync-main/frontend/node_modules/vite/dist/node/chunks/config.js:21705:6)
    at IncomingMessage.emit (node:events:521:24)
[2m4:10:40 pm[22m [31m[1m[vite][22m[39m [31mws proxy socket error:[39m
Error: write ECONNABORTED
    at afterWriteDispatched (node:internal/stream_base_commons:159:15)
    at writeGeneric (node:internal/stream_base_commons:150:3)
    at Socket._writeGeneric (node:net:1025:11)
    at Socket._write (node:net:1037:8)
    at writeOrBuffer (node:internal/streams/writable:570:12)
    at _write (node:internal/streams/writable:499:10)
    at Writable.write (node:internal/streams/writable:508:10)
    at writeChunk (file:///C:/Users/NAKULSHARMA/Downloads/developmentsync-main/frontend/node_modules/vite/dist/node/chunks/config.js:21692:13)
    at IncomingMessage.<anonymous> (file:///C:/Users/NAKULSHARMA/Downloads/developmentsync-main/frontend/node_modules/vite/dist/node/chunks/config.js:21705:6)
    at IncomingMessage.emit (node:events:521:24)
[2m4:10:45 pm[22m [31m[1m[vite][22m[39m [31mws proxy error:[39m
Error: write ECONNABORTED
    at afterWriteDispatched (node:internal/stream_base_commons:159:15)
    at writeGeneric (node:internal/stream_base_commons:150:3)
    at Socket._writeGeneric (node:net:1025:11)
    at Socket._write (node:net:1037:8)
    at writeOrBuffer (node:internal/streams/writable:570:12)
    at _write (node:internal/streams/writable:499:10)
    at Writable.write (node:internal/streams/writable:508:10)
    at writeChunk (file:///C:/Users/NAKULSHARMA/Downloads/developmentsync-main/frontend/node_modules/vite/dist/node/chunks/config.js:21692:13)
    at IncomingMessage.<anonymous> (file:///C:/Users/NAKULSHARMA/Downloads/developmentsync-main/frontend/node_modules/vite/dist/node/chunks/config.js:21705:6)
    at IncomingMessage.emit (node:events:521:24)
[2m4:10:45 pm[22m [31m[1m[vite][22m[39m [31mws proxy socket error:[39m
Error: write ECONNABORTED
    at afterWriteDispatched (node:internal/stream_base_commons:159:15)
    at writeGeneric (node:internal/stream_base_commons:150:3)
    at Socket._writeGeneric (node:net:1025:11)
    at Socket._write (node:net:1037:8)
    at writeOrBuffer (node:internal/streams/writable:570:12)
    at _write (node:internal/streams/writable:499:10)
    at Writable.write (node:internal/streams/writable:508:10)
    at writeChunk (file:///C:/Users/NAKULSHARMA/Downloads/developmentsync-main/frontend/node_modules/vite/dist/node/chunks/config.js:21692:13)
    at IncomingMessage.<anonymous> (file:///C:/Users/NAKULSHARMA/Downloads/developmentsync-main/frontend/node_modules/vite/dist/node/chunks/config.js:21705:6)
    at IncomingMessage.emit (node:events:521:24)
[2m4:10:49 pm[22m [31m[1m[vite][22m[39m [31mws proxy error:[39m
Error: write ECONNABORTED
    at afterWriteDispatched (node:internal/stream_base_commons:159:15)
    at writeGeneric (node:internal/stream_base_commons:150:3)
    at Socket._writeGeneric (node:net:1025:11)
    at Socket._write (node:net:1037:8)
    at writeOrBuffer (node:internal/streams/writable:570:12)
    at _write (node:internal/streams/writable:499:10)
    at Writable.write (node:internal/streams/writable:508:10)
    at writeChunk (file:///C:/Users/NAKULSHARMA/Downloads/developmentsync-main/frontend/node_modules/vite/dist/node/chunks/config.js:21692:13)
    at IncomingMessage.<anonymous> (file:///C:/Users/NAKULSHARMA/Downloads/developmentsync-main/frontend/node_modules/vite/dist/node/chunks/config.js:21705:6)
    at IncomingMessage.emit (node:events:521:24)
[2m4:10:49 pm[22m [31m[1m[vite][22m[39m [31mws proxy socket error:[39m
Error: write ECONNABORTED
    at afterWriteDispatched (node:internal/stream_base_commons:159:15)
    at writeGeneric (node:internal/stream_base_commons:150:3)
    at Socket._writeGeneric (node:net:1025:11)
    at Socket._write (node:net:1037:8)
    at writeOrBuffer (node:internal/streams/writable:570:12)
    at _write (node:internal/streams/writable:499:10)
    at Writable.write (node:internal/streams/writable:508:10)
    at writeChunk (file:///C:/Users/NAKULSHARMA/Downloads/developmentsync-main/frontend/node_modules/vite/dist/node/chunks/config.js:21692:13)
    at IncomingMessage.<anonymous> (file:///C:/Users/NAKULSHARMA/Downloads/developmentsync-main/frontend/node_modules/vite/dist/node/chunks/config.js:21705:6)
    at IncomingMessage.emit (node:events:521:24)
[2m4:10:56 pm[22m [31m[1m[vite][22m[39m [31mws proxy error:[39m
Error: write ECONNABORTED
    at afterWriteDispatched (node:internal/stream_base_commons:159:15)
    at writeGeneric (node:internal/stream_base_commons:150:3)
    at Socket._writeGeneric (node:net:1025:11)
    at Socket._write (node:net:1037:8)
    at writeOrBuffer (node:internal/streams/writable:570:12)
    at _write (node:internal/streams/writable:499:10)
    at Writable.write (node:internal/streams/writable:508:10)
    at writeChunk (file:///C:/Users/NAKULSHARMA/Downloads/developmentsync-main/frontend/node_modules/vite/dist/node/chunks/config.js:21694:13)
    at IncomingMessage.<anonymous> (file:///C:/Users/NAKULSHARMA/Downloads/developmentsync-main/frontend/node_modules/vite/dist/node/chunks/config.js:21702:6)
    at IncomingMessage.emit (node:events:509:28)
[2m4:10:56 pm[22m [31m[1m[vite][22m[39m [31mws proxy socket error:[39m
Error: write ECONNABORTED
    at afterWriteDispatched (node:internal/stream_base_commons:159:15)
    at writeGeneric (node:internal/stream_base_commons:150:3)
    at Socket._writeGeneric (node:net:1025:11)
    at Socket._write (node:net:1037:8)
    at writeOrBuffer (node:internal/streams/writable:570:12)
    at _write (node:internal/streams/writable:499:10)
    at Writable.write (node:internal/streams/writable:508:10)
    at writeChunk (file:///C:/Users/NAKULSHARMA/Downloads/developmentsync-main/frontend/node_modules/vite/dist/node/chunks/config.js:21694:13)
    at IncomingMessage.<anonymous> (file:///C:/Users/NAKULSHARMA/Downloads/developmentsync-main/frontend/node_modules/vite/dist/node/chunks/config.js:21702:6)
    at IncomingMessage.emit (node:events:509:28)
[2m4:11:02 pm[22m [31m[1m[vite][22m[39m [31mws proxy error:[39m
Error: write ECONNABORTED
    at afterWriteDispatched (node:internal/stream_base_commons:159:15)
    at writeGeneric (node:internal/stream_base_commons:150:3)
    at Socket._writeGeneric (node:net:1025:11)
    at Socket._write (node:net:1037:8)
    at writeOrBuffer (node:internal/streams/writable:570:12)
    at _write (node:internal/streams/writable:499:10)
    at Writable.write (node:internal/streams/writable:508:10)
    at writeChunk (file:///C:/Users/NAKULSHARMA/Downloads/developmentsync-main/frontend/node_modules/vite/dist/node/chunks/config.js:21692:13)
    at IncomingMessage.<anonymous> (file:///C:/Users/NAKULSHARMA/Downloads/developmentsync-main/frontend/node_modules/vite/dist/node/chunks/config.js:21705:6)
    at IncomingMessage.emit (node:events:521:24)
[2m4:11:02 pm[22m [31m[1m[vite][22m[39m [31mws proxy socket error:[39m
Error: write ECONNABORTED
    at afterWriteDispatched (node:internal/stream_base_commons:159:15)
    at writeGeneric (node:internal/stream_base_commons:150:3)
    at Socket._writeGeneric (node:net:1025:11)
    at Socket._write (node:net:1037:8)
    at writeOrBuffer (node:internal/streams/writable:570:12)
    at _write (node:internal/streams/writable:499:10)
    at Writable.write (node:internal/streams/writable:508:10)
    at writeChunk (file:///C:/Users/NAKULSHARMA/Downloads/developmentsync-main/frontend/node_modules/vite/dist/node/chunks/config.js:21692:13)
    at IncomingMessage.<anonymous> (file:///C:/Users/NAKULSHARMA/Downloads/developmentsync-main/frontend/node_modules/vite/dist/node/chunks/config.js:21705:6)
    at IncomingMessage.emit (node:events:521:24)
[2m4:11:06 pm[22m [31m[1m[vite][22m[39m [31mws proxy error:[39m
Error: write ECONNABORTED
    at afterWriteDispatched (node:internal/stream_base_commons:159:15)
    at writeGeneric (node:internal/stream_base_commons:150:3)
    at Socket._writeGeneric (node:net:1025:11)
    at Socket._write (node:net:1037:8)
    at writeOrBuffer (node:internal/streams/writable:570:12)
    at _write (node:internal/streams/writable:499:10)
    at Writable.write (node:internal/streams/writable:508:10)
    at writeChunk (file:///C:/Users/NAKULSHARMA/Downloads/developmentsync-main/frontend/node_modules/vite/dist/node/chunks/config.js:21692:13)
    at IncomingMessage.<anonymous> (file:///C:/Users/NAKULSHARMA/Downloads/developmentsync-main/frontend/node_modules/vite/dist/node/chunks/config.js:21705:6)
    at IncomingMessage.emit (node:events:521:24)
[2m4:11:06 pm[22m [31m[1m[vite][22m[39m [31mws proxy socket error:[39m
Error: write ECONNABORTED
    at afterWriteDispatched (node:internal/stream_base_commons:159:15)
    at writeGeneric (node:internal/stream_base_commons:150:3)
    at Socket._writeGeneric (node:net:1025:11)
    at Socket._write (node:net:1037:8)
    at writeOrBuffer (node:internal/streams/writable:570:12)
    at _write (node:internal/streams/writable:499:10)
    at Writable.write (node:internal/streams/writable:508:10)
    at writeChunk (file:///C:/Users/NAKULSHARMA/Downloads/developmentsync-main/frontend/node_modules/vite/dist/node/chunks/config.js:21692:13)
    at IncomingMessage.<anonymous> (file:///C:/Users/NAKULSHARMA/Downloads/developmentsync-main/frontend/node_modules/vite/dist/node/chunks/config.js:21705:6)
    at IncomingMessage.emit (node:events:521:24)
[2m4:11:11 pm[22m [31m[1m[vite][22m[39m [31mws proxy error:[39m
Error: write ECONNABORTED
    at afterWriteDispatched (node:internal/stream_base_commons:159:15)
    at writeGeneric (node:internal/stream_base_commons:150:3)
    at Socket._writeGeneric (node:net:1025:11)
    at Socket._write (node:net:1037:8)
    at writeOrBuffer (node:internal/streams/writable:570:12)
    at _write (node:internal/streams/writable:499:10)
    at Writable.write (node:internal/streams/writable:508:10)
    at writeChunk (file:///C:/Users/NAKULSHARMA/Downloads/developmentsync-main/frontend/node_modules/vite/dist/node/chunks/config.js:21693:13)
    at IncomingMessage.<anonymous> (file:///C:/Users/NAKULSHARMA/Downloads/developmentsync-main/frontend/node_modules/vite/dist/node/chunks/config.js:21705:6)
    at IncomingMessage.emit (node:events:521:24)
[2m4:11:11 pm[22m [31m[1m[vite][22m[39m [31mws proxy socket error:[39m
Error: write ECONNABORTED
    at afterWriteDispatched (node:internal/stream_base_commons:159:15)
    at writeGeneric (node:internal/stream_base_commons:150:3)
    at Socket._writeGeneric (node:net:1025:11)
    at Socket._write (node:net:1037:8)
    at writeOrBuffer (node:internal/streams/writable:570:12)
    at _write (node:internal/streams/writable:499:10)
    at Writable.write (node:internal/streams/writable:508:10)
    at writeChunk (file:///C:/Users/NAKULSHARMA/Downloads/developmentsync-main/frontend/node_modules/vite/dist/node/chunks/config.js:21693:13)
    at IncomingMessage.<anonymous> (file:///C:/Users/NAKULSHARMA/Downloads/developmentsync-main/frontend/node_modules/vite/dist/node/chunks/config.js:21705:6)
    at IncomingMessage.emit (node:events:521:24)
[2m4:11:15 pm[22m [31m[1m[vite][22m[39m [31mws proxy error:[39m
Error: write ECONNABORTED
    at afterWriteDispatched (node:internal/stream_base_commons:159:15)
    at writeGeneric (node:internal/stream_base_commons:150:3)
    at Socket._writeGeneric (node:net:1025:11)
    at Socket._write (node:net:1037:8)
    at writeOrBuffer (node:internal/streams/writable:570:12)
    at _write (node:internal/streams/writable:499:10)
    at Writable.write (node:internal/streams/writable:508:10)
    at writeChunk (file:///C:/Users/NAKULSHARMA/Downloads/developmentsync-main/frontend/node_modules/vite/dist/node/chunks/config.js:21692:13)
    at IncomingMessage.<anonymous> (file:///C:/Users/NAKULSHARMA/Downloads/developmentsync-main/frontend/node_modules/vite/dist/node/chunks/config.js:21705:6)
    at IncomingMessage.emit (node:events:521:24)
[2m4:11:15 pm[22m [31m[1m[vite][22m[39m [31mws proxy socket error:[39m
Error: write ECONNABORTED
    at afterWriteDispatched (node:internal/stream_base_commons:159:15)
    at writeGeneric (node:internal/stream_base_commons:150:3)
    at Socket._writeGeneric (node:net:1025:11)
    at Socket._write (node:net:1037:8)
    at writeOrBuffer (node:internal/streams/writable:570:12)
    at _write (node:internal/streams/writable:499:10)
    at Writable.write (node:internal/streams/writable:508:10)
    at writeChunk (file:///C:/Users/NAKULSHARMA/Downloads/developmentsync-main/frontend/node_modules/vite/dist/node/chunks/config.js:21692:13)
    at IncomingMessage.<anonymous> (file:///C:/Users/NAKULSHARMA/Downloads/developmentsync-main/frontend/node_modules/vite/dist/node/chunks/config.js:21705:6)
    at IncomingMessage.emit (node:events:521:24)
[2m4:11:19 pm[22m [31m[1m[vite][22m[39m [31mws proxy error:[39m
Error: write ECONNABORTED
    at afterWriteDispatched (node:internal/stream_base_commons:159:15)
    at writeGeneric (node:internal/stream_base_commons:150:3)
    at Socket._writeGeneric (node:net:1025:11)
    at Socket._write (node:net:1037:8)
    at writeOrBuffer (node:internal/streams/writable:570:12)
    at _write (node:internal/streams/writable:499:10)
    at Writable.write (node:internal/streams/writable:508:10)
    at writeChunk (file:///C:/Users/NAKULSHARMA/Downloads/developmentsync-main/frontend/node_modules/vite/dist/node/chunks/config.js:21693:13)
    at IncomingMessage.<anonymous> (file:///C:/Users/NAKULSHARMA/Downloads/developmentsync-main/frontend/node_modules/vite/dist/node/chunks/config.js:21705:6)
    at IncomingMessage.emit (node:events:521:24)
[2m4:11:19 pm[22m [31m[1m[vite][22m[39m [31mws proxy socket error:[39m
Error: write ECONNABORTED
    at afterWriteDispatched (node:internal/stream_base_commons:159:15)
    at writeGeneric (node:internal/stream_base_commons:150:3)
    at Socket._writeGeneric (node:net:1025:11)
    at Socket._write (node:net:1037:8)
    at writeOrBuffer (node:internal/streams/writable:570:12)
    at _write (node:internal/streams/writable:499:10)
    at Writable.write (node:internal/streams/writable:508:10)
    at writeChunk (file:///C:/Users/NAKULSHARMA/Downloads/developmentsync-main/frontend/node_modules/vite/dist/node/chunks/config.js:21693:13)
    at IncomingMessage.<anonymous> (file:///C:/Users/NAKULSHARMA/Downloads/developmentsync-main/frontend/node_modules/vite/dist/node/chunks/config.js:21705:6)
    at IncomingMessage.emit (node:events:521:24)
[2m4:11:28 pm[22m [31m[1m[vite][22m[39m [31mws proxy error:[39m
Error: write ECONNABORTED
    at afterWriteDispatched (node:internal/stream_base_commons:159:15)
    at writeGeneric (node:internal/stream_base_commons:150:3)
    at Socket._writeGeneric (node:net:1025:11)
    at Socket._write (node:net:1037:8)
    at writeOrBuffer (node:internal/streams/writable:570:12)
    at _write (node:internal/streams/writable:499:10)
    at Writable.write (node:internal/streams/writable:508:10)
    at writeChunk (file:///C:/Users/NAKULSHARMA/Downloads/developmentsync-main/frontend/node_modules/vite/dist/node/chunks/config.js:21692:13)
    at IncomingMessage.<anonymous> (file:///C:/Users/NAKULSHARMA/Downloads/developmentsync-main/frontend/node_modules/vite/dist/node/chunks/config.js:21705:6)
    at IncomingMessage.emit (node:events:521:24)
[2m4:11:28 pm[22m [31m[1m[vite][22m[39m [31mws proxy socket error:[39m
Error: write ECONNABORTED
    at afterWriteDispatched (node:internal/stream_base_commons:159:15)
    at writeGeneric (node:internal/stream_base_commons:150:3)
    at Socket._writeGeneric (node:net:1025:11)
    at Socket._write (node:net:1037:8)
    at writeOrBuffer (node:internal/streams/writable:570:12)
    at _write (node:internal/streams/writable:499:10)
    at Writable.write (node:internal/streams/writable:508:10)
    at writeChunk (file:///C:/Users/NAKULSHARMA/Downloads/developmentsync-main/frontend/node_modules/vite/dist/node/chunks/config.js:21692:13)
    at IncomingMessage.<anonymous> (file:///C:/Users/NAKULSHARMA/Downloads/developmentsync-main/frontend/node_modules/vite/dist/node/chunks/config.js:21705:6)
    at IncomingMessage.emit (node:events:521:24)
[2m4:11:33 pm[22m [31m[1m[vite][22m[39m [31mws proxy error:[39m
Error: write ECONNABORTED
    at afterWriteDispatched (node:internal/stream_base_commons:159:15)
    at writeGeneric (node:internal/stream_base_commons:150:3)
    at Socket._writeGeneric (node:net:1025:11)
    at Socket._write (node:net:1037:8)
    at writeOrBuffer (node:internal/streams/writable:570:12)
    at _write (node:internal/streams/writable:499:10)
    at Writable.write (node:internal/streams/writable:508:10)
    at writeChunk (file:///C:/Users/NAKULSHARMA/Downloads/developmentsync-main/frontend/node_modules/vite/dist/node/chunks/config.js:21692:13)
    at IncomingMessage.<anonymous> (file:///C:/Users/NAKULSHARMA/Downloads/developmentsync-main/frontend/node_modules/vite/dist/node/chunks/config.js:21705:6)
    at IncomingMessage.emit (node:events:521:24)
[2m4:11:33 pm[22m [31m[1m[vite][22m[39m [31mws proxy socket error:[39m
Error: write ECONNABORTED
    at afterWriteDispatched (node:internal/stream_base_commons:159:15)
    at writeGeneric (node:internal/stream_base_commons:150:3)
    at Socket._writeGeneric (node:net:1025:11)
    at Socket._write (node:net:1037:8)
    at writeOrBuffer (node:internal/streams/writable:570:12)
    at _write (node:internal/streams/writable:499:10)
    at Writable.write (node:internal/streams/writable:508:10)
    at writeChunk (file:///C:/Users/NAKULSHARMA/Downloads/developmentsync-main/frontend/node_modules/vite/dist/node/chunks/config.js:21692:13)
    at IncomingMessage.<anonymous> (file:///C:/Users/NAKULSHARMA/Downloads/developmentsync-main/frontend/node_modules/vite/dist/node/chunks/config.js:21705:6)
    at IncomingMessage.emit (node:events:521:24)
[2m4:11:39 pm[22m [31m[1m[vite][22m[39m [31mws proxy error:[39m
Error: write ECONNABORTED
    at afterWriteDispatched (node:internal/stream_base_commons:159:15)
    at writeGeneric (node:internal/stream_base_commons:150:3)
    at Socket._writeGeneric (node:net:1025:11)
    at Socket._write (node:net:1037:8)
    at writeOrBuffer (node:internal/streams/writable:570:12)
    at _write (node:internal/streams/writable:499:10)
    at Writable.write (node:internal/streams/writable:508:10)
    at writeChunk (file:///C:/Users/NAKULSHARMA/Downloads/developmentsync-main/frontend/node_modules/vite/dist/node/chunks/config.js:21695:13)
    at IncomingMessage.<anonymous> (file:///C:/Users/NAKULSHARMA/Downloads/developmentsync-main/frontend/node_modules/vite/dist/node/chunks/config.js:21702:6)
    at IncomingMessage.emit (node:events:509:28)
[2m4:11:39 pm[22m [31m[1m[vite][22m[39m [31mws proxy socket error:[39m
Error: write ECONNABORTED
    at afterWriteDispatched (node:internal/stream_base_commons:159:15)
    at writeGeneric (node:internal/stream_base_commons:150:3)
    at Socket._writeGeneric (node:net:1025:11)
    at Socket._write (node:net:1037:8)
    at writeOrBuffer (node:internal/streams/writable:570:12)
    at _write (node:internal/streams/writable:499:10)
    at Writable.write (node:internal/streams/writable:508:10)
    at writeChunk (file:///C:/Users/NAKULSHARMA/Downloads/developmentsync-main/frontend/node_modules/vite/dist/node/chunks/config.js:21695:13)
    at IncomingMessage.<anonymous> (file:///C:/Users/NAKULSHARMA/Downloads/developmentsync-main/frontend/node_modules/vite/dist/node/chunks/config.js:21702:6)
    at IncomingMessage.emit (node:events:509:28)
[2m4:11:43 pm[22m [31m[1m[vite][22m[39m [31mws proxy error:[39m
Error: write ECONNABORTED
    at afterWriteDispatched (node:internal/stream_base_commons:159:15)
    at writeGeneric (node:internal/stream_base_commons:150:3)
    at Socket._writeGeneric (node:net:1025:11)
    at Socket._write (node:net:1037:8)
    at writeOrBuffer (node:internal/streams/writable:570:12)
    at _write (node:internal/streams/writable:499:10)
    at Writable.write (node:internal/streams/writable:508:10)
    at writeChunk (file:///C:/Users/NAKULSHARMA/Downloads/developmentsync-main/frontend/node_modules/vite/dist/node/chunks/config.js:21692:13)
    at IncomingMessage.<anonymous> (file:///C:/Users/NAKULSHARMA/Downloads/developmentsync-main/frontend/node_modules/vite/dist/node/chunks/config.js:21705:6)
    at IncomingMessage.emit (node:events:521:24)
[2m4:11:43 pm[22m [31m[1m[vite][22m[39m [31mws proxy socket error:[39m
Error: write ECONNABORTED
    at afterWriteDispatched (node:internal/stream_base_commons:159:15)
    at writeGeneric (node:internal/stream_base_commons:150:3)
    at Socket._writeGeneric (node:net:1025:11)
    at Socket._write (node:net:1037:8)
    at writeOrBuffer (node:internal/streams/writable:570:12)
    at _write (node:internal/streams/writable:499:10)
    at Writable.write (node:internal/streams/writable:508:10)
    at writeChunk (file:///C:/Users/NAKULSHARMA/Downloads/developmentsync-main/frontend/node_modules/vite/dist/node/chunks/config.js:21692:13)
    at IncomingMessage.<anonymous> (file:///C:/Users/NAKULSHARMA/Downloads/developmentsync-main/frontend/node_modules/vite/dist/node/chunks/config.js:21705:6)
    at IncomingMessage.emit (node:events:521:24)
[2m4:11:47 pm[22m [31m[1m[vite][22m[39m [31mws proxy error:[39m
Error: write ECONNABORTED
    at afterWriteDispatched (node:internal/stream_base_commons:159:15)
    at writeGeneric (node:internal/stream_base_commons:150:3)
    at Socket._writeGeneric (node:net:1025:11)
    at Socket._write (node:net:1037:8)
    at writeOrBuffer (node:internal/streams/writable:570:12)
    at _write (node:internal/streams/writable:499:10)
    at Writable.write (node:internal/streams/writable:508:10)
    at writeChunk (file:///C:/Users/NAKULSHARMA/Downloads/developmentsync-main/frontend/node_modules/vite/dist/node/chunks/config.js:21694:13)
    at IncomingMessage.<anonymous> (file:///C:/Users/NAKULSHARMA/Downloads/developmentsync-main/frontend/node_modules/vite/dist/node/chunks/config.js:21702:6)
    at IncomingMessage.emit (node:events:509:28)
[2m4:11:47 pm[22m [31m[1m[vite][22m[39m [31mws proxy socket error:[39m
Error: write ECONNABORTED
    at afterWriteDispatched (node:internal/stream_base_commons:159:15)
    at writeGeneric (node:internal/stream_base_commons:150:3)
    at Socket._writeGeneric (node:net:1025:11)
    at Socket._write (node:net:1037:8)
    at writeOrBuffer (node:internal/streams/writable:570:12)
    at _write (node:internal/streams/writable:499:10)
    at Writable.write (node:internal/streams/writable:508:10)
    at writeChunk (file:///C:/Users/NAKULSHARMA/Downloads/developmentsync-main/frontend/node_modules/vite/dist/node/chunks/config.js:21694:13)
    at IncomingMessage.<anonymous> (file:///C:/Users/NAKULSHARMA/Downloads/developmentsync-main/frontend/node_modules/vite/dist/node/chunks/config.js:21702:6)
    at IncomingMessage.emit (node:events:509:28)
[2m4:11:53 pm[22m [31m[1m[vite][22m[39m [31mws proxy error:[39m
Error: write ECONNABORTED
    at afterWriteDispatched (node:internal/stream_base_commons:159:15)
    at writeGeneric (node:internal/stream_base_commons:150:3)
    at Socket._writeGeneric (node:net:1025:11)
    at Socket._write (node:net:1037:8)
    at writeOrBuffer (node:internal/streams/writable:570:12)
    at _write (node:internal/streams/writable:499:10)
    at Writable.write (node:internal/streams/writable:508:10)
    at writeChunk (file:///C:/Users/NAKULSHARMA/Downloads/developmentsync-main/frontend/node_modules/vite/dist/node/chunks/config.js:21692:13)
    at IncomingMessage.<anonymous> (file:///C:/Users/NAKULSHARMA/Downloads/developmentsync-main/frontend/node_modules/vite/dist/node/chunks/config.js:21705:6)
    at IncomingMessage.emit (node:events:521:24)
[2m4:11:53 pm[22m [31m[1m[vite][22m[39m [31mws proxy socket error:[39m
Error: write ECONNABORTED
    at afterWriteDispatched (node:internal/stream_base_commons:159:15)
    at writeGeneric (node:internal/stream_base_commons:150:3)
    at Socket._writeGeneric (node:net:1025:11)
    at Socket._write (node:net:1037:8)
    at writeOrBuffer (node:internal/streams/writable:570:12)
    at _write (node:internal/streams/writable:499:10)
    at Writable.write (node:internal/streams/writable:508:10)
    at writeChunk (file:///C:/Users/NAKULSHARMA/Downloads/developmentsync-main/frontend/node_modules/vite/dist/node/chunks/config.js:21692:13)
    at IncomingMessage.<anonymous> (file:///C:/Users/NAKULSHARMA/Downloads/developmentsync-main/frontend/node_modules/vite/dist/node/chunks/config.js:21705:6)
    at IncomingMessage.emit (node:events:521:24)
[2m4:12:03 pm[22m [31m[1m[vite][22m[39m [31mws proxy error:[39m
Error: write ECONNABORTED
    at afterWriteDispatched (node:internal/stream_base_commons:159:15)
    at writeGeneric (node:internal/stream_base_commons:150:3)
    at Socket._writeGeneric (node:net:1025:11)
    at Socket._write (node:net:1037:8)
    at writeOrBuffer (node:internal/streams/writable:570:12)
    at _write (node:internal/streams/writable:499:10)
    at Writable.write (node:internal/streams/writable:508:10)
    at writeChunk (file:///C:/Users/NAKULSHARMA/Downloads/developmentsync-main/frontend/node_modules/vite/dist/node/chunks/config.js:21692:13)
    at IncomingMessage.<anonymous> (file:///C:/Users/NAKULSHARMA/Downloads/developmentsync-main/frontend/node_modules/vite/dist/node/chunks/config.js:21705:6)
    at IncomingMessage.emit (node:events:521:24)
[2m4:12:03 pm[22m [31m[1m[vite][22m[39m [31mws proxy socket error:[39m
Error: write ECONNABORTED
    at afterWriteDispatched (node:internal/stream_base_commons:159:15)
    at writeGeneric (node:internal/stream_base_commons:150:3)
    at Socket._writeGeneric (node:net:1025:11)
    at Socket._write (node:net:1037:8)
    at writeOrBuffer (node:internal/streams/writable:570:12)
    at _write (node:internal/streams/writable:499:10)
    at Writable.write (node:internal/streams/writable:508:10)
    at writeChunk (file:///C:/Users/NAKULSHARMA/Downloads/developmentsync-main/frontend/node_modules/vite/dist/node/chunks/config.js:21692:13)
    at IncomingMessage.<anonymous> (file:///C:/Users/NAKULSHARMA/Downloads/developmentsync-main/frontend/node_modules/vite/dist/node/chunks/config.js:21705:6)
    at IncomingMessage.emit (node:events:521:24)
[2m4:12:09 pm[22m [31m[1m[vite][22m[39m [31mws proxy error:[39m
Error: write ECONNABORTED
    at afterWriteDispatched (node:internal/stream_base_commons:159:15)
    at writeGeneric (node:internal/stream_base_commons:150:3)
    at Socket._writeGeneric (node:net:1025:11)
    at Socket._write (node:net:1037:8)
    at writeOrBuffer (node:internal/streams/writable:570:12)
    at _write (node:internal/streams/writable:499:10)
    at Writable.write (node:internal/streams/writable:508:10)
    at writeChunk (file:///C:/Users/NAKULSHARMA/Downloads/developmentsync-main/frontend/node_modules/vite/dist/node/chunks/config.js:21695:13)
    at IncomingMessage.<anonymous> (file:///C:/Users/NAKULSHARMA/Downloads/developmentsync-main/frontend/node_modules/vite/dist/node/chunks/config.js:21702:6)
    at IncomingMessage.emit (node:events:509:28)
[2m4:12:09 pm[22m [31m[1m[vite][22m[39m [31mws proxy socket error:[39m
Error: write ECONNABORTED
    at afterWriteDispatched (node:internal/stream_base_commons:159:15)
    at writeGeneric (node:internal/stream_base_commons:150:3)
    at Socket._writeGeneric (node:net:1025:11)
    at Socket._write (node:net:1037:8)
    at writeOrBuffer (node:internal/streams/writable:570:12)
    at _write (node:internal/streams/writable:499:10)
    at Writable.write (node:internal/streams/writable:508:10)
    at writeChunk (file:///C:/Users/NAKULSHARMA/Downloads/developmentsync-main/frontend/node_modules/vite/dist/node/chunks/config.js:21695:13)
    at IncomingMessage.<anonymous> (file:///C:/Users/NAKULSHARMA/Downloads/developmentsync-main/frontend/node_modules/vite/dist/node/chunks/config.js:21702:6)
    at IncomingMessage.emit (node:events:509:28)
[2m4:12:15 pm[22m [31m[1m[vite][22m[39m [31mws proxy error:[39m
Error: write ECONNABORTED
    at afterWriteDispatched (node:internal/stream_base_commons:159:15)
    at writeGeneric (node:internal/stream_base_commons:150:3)
    at Socket._writeGeneric (node:net:1025:11)
    at Socket._write (node:net:1037:8)
    at writeOrBuffer (node:internal/streams/writable:570:12)
    at _write (node:internal/streams/writable:499:10)
    at Writable.write (node:internal/streams/writable:508:10)
    at writeChunk (file:///C:/Users/NAKULSHARMA/Downloads/developmentsync-main/frontend/node_modules/vite/dist/node/chunks/config.js:21692:13)
    at IncomingMessage.<anonymous> (file:///C:/Users/NAKULSHARMA/Downloads/developmentsync-main/frontend/node_modules/vite/dist/node/chunks/config.js:21705:6)
    at IncomingMessage.emit (node:events:521:24)
[2m4:12:15 pm[22m [31m[1m[vite][22m[39m [31mws proxy socket error:[39m
Error: write ECONNABORTED
    at afterWriteDispatched (node:internal/stream_base_commons:159:15)
    at writeGeneric (node:internal/stream_base_commons:150:3)
    at Socket._writeGeneric (node:net:1025:11)
    at Socket._write (node:net:1037:8)
    at writeOrBuffer (node:internal/streams/writable:570:12)
    at _write (node:internal/streams/writable:499:10)
    at Writable.write (node:internal/streams/writable:508:10)
    at writeChunk (file:///C:/Users/NAKULSHARMA/Downloads/developmentsync-main/frontend/node_modules/vite/dist/node/chunks/config.js:21692:13)
    at IncomingMessage.<anonymous> (file:///C:/Users/NAKULSHARMA/Downloads/developmentsync-main/frontend/node_modules/vite/dist/node/chunks/config.js:21705:6)
    at IncomingMessage.emit (node:events:521:24)
[2m4:12:21 pm[22m [31m[1m[vite][22m[39m [31mws proxy error:[39m
Error: write ECONNABORTED
    at afterWriteDispatched (node:internal/stream_base_commons:159:15)
    at writeGeneric (node:internal/stream_base_commons:150:3)
    at Socket._writeGeneric (node:net:1025:11)
    at Socket._write (node:net:1037:8)
    at writeOrBuffer (node:internal/streams/writable:570:12)
    at _write (node:internal/streams/writable:499:10)
    at Writable.write (node:internal/streams/writable:508:10)
    at writeChunk (file:///C:/Users/NAKULSHARMA/Downloads/developmentsync-main/frontend/node_modules/vite/dist/node/chunks/config.js:21692:13)
    at IncomingMessage.<anonymous> (file:///C:/Users/NAKULSHARMA/Downloads/developmentsync-main/frontend/node_modules/vite/dist/node/chunks/config.js:21705:6)
    at IncomingMessage.emit (node:events:521:24)
[2m4:12:21 pm[22m [31m[1m[vite][22m[39m [31mws proxy socket error:[39m
Error: write ECONNABORTED
    at afterWriteDispatched (node:internal/stream_base_commons:159:15)
    at writeGeneric (node:internal/stream_base_commons:150:3)
    at Socket._writeGeneric (node:net:1025:11)
    at Socket._write (node:net:1037:8)
    at writeOrBuffer (node:internal/streams/writable:570:12)
    at _write (node:internal/streams/writable:499:10)
    at Writable.write (node:internal/streams/writable:508:10)
    at writeChunk (file:///C:/Users/NAKULSHARMA/Downloads/developmentsync-main/frontend/node_modules/vite/dist/node/chunks/config.js:21692:13)
    at IncomingMessage.<anonymous> (file:///C:/Users/NAKULSHARMA/Downloads/developmentsync-main/frontend/node_modules/vite/dist/node/chunks/config.js:21705:6)
    at IncomingMessage.emit (node:events:521:24)
[2m4:12:27 pm[22m [31m[1m[vite][22m[39m [31mws proxy error:[39m
Error: write ECONNABORTED
    at afterWriteDispatched (node:internal/stream_base_commons:159:15)
    at writeGeneric (node:internal/stream_base_commons:150:3)
    at Socket._writeGeneric (node:net:1025:11)
    at Socket._write (node:net:1037:8)
    at writeOrBuffer (node:internal/streams/writable:570:12)
    at _write (node:internal/streams/writable:499:10)
    at Writable.write (node:internal/streams/writable:508:10)
    at writeChunk (file:///C:/Users/NAKULSHARMA/Downloads/developmentsync-main/frontend/node_modules/vite/dist/node/chunks/config.js:21694:13)
    at IncomingMessage.<anonymous> (file:///C:/Users/NAKULSHARMA/Downloads/developmentsync-main/frontend/node_modules/vite/dist/node/chunks/config.js:21702:6)
    at IncomingMessage.emit (node:events:509:28)
[2m4:12:27 pm[22m [31m[1m[vite][22m[39m [31mws proxy socket error:[39m
Error: write ECONNABORTED
    at afterWriteDispatched (node:internal/stream_base_commons:159:15)
    at writeGeneric (node:internal/stream_base_commons:150:3)
    at Socket._writeGeneric (node:net:1025:11)
    at Socket._write (node:net:1037:8)
    at writeOrBuffer (node:internal/streams/writable:570:12)
    at _write (node:internal/streams/writable:499:10)
    at Writable.write (node:internal/streams/writable:508:10)
    at writeChunk (file:///C:/Users/NAKULSHARMA/Downloads/developmentsync-main/frontend/node_modules/vite/dist/node/chunks/config.js:21694:13)
    at IncomingMessage.<anonymous> (file:///C:/Users/NAKULSHARMA/Downloads/developmentsync-main/frontend/node_modules/vite/dist/node/chunks/config.js:21702:6)
    at IncomingMessage.emit (node:events:509:28)
[2m4:12:32 pm[22m [31m[1m[vite][22m[39m [31mws proxy error:[39m
Error: write ECONNABORTED
    at afterWriteDispatched (node:internal/stream_base_commons:159:15)
    at writeGeneric (node:internal/stream_base_commons:150:3)
    at Socket._writeGeneric (node:net:1025:11)
    at Socket._write (node:net:1037:8)
    at writeOrBuffer (node:internal/streams/writable:570:12)
    at _write (node:internal/streams/writable:499:10)
    at Writable.write (node:internal/streams/writable:508:10)
    at writeChunk (file:///C:/Users/NAKULSHARMA/Downloads/developmentsync-main/frontend/node_modules/vite/dist/node/chunks/config.js:21692:13)
    at IncomingMessage.<anonymous> (file:///C:/Users/NAKULSHARMA/Downloads/developmentsync-main/frontend/node_modules/vite/dist/node/chunks/config.js:21705:6)
    at IncomingMessage.emit (node:events:521:24)
[2m4:12:32 pm[22m [31m[1m[vite][22m[39m [31mws proxy socket error:[39m
Error: write ECONNABORTED
    at afterWriteDispatched (node:internal/stream_base_commons:159:15)
    at writeGeneric (node:internal/stream_base_commons:150:3)
    at Socket._writeGeneric (node:net:1025:11)
    at Socket._write (node:net:1037:8)
    at writeOrBuffer (node:internal/streams/writable:570:12)
    at _write (node:internal/streams/writable:499:10)
    at Writable.write (node:internal/streams/writable:508:10)
    at writeChunk (file:///C:/Users/NAKULSHARMA/Downloads/developmentsync-main/frontend/node_modules/vite/dist/node/chunks/config.js:21692:13)
    at IncomingMessage.<anonymous> (file:///C:/Users/NAKULSHARMA/Downloads/developmentsync-main/frontend/node_modules/vite/dist/node/chunks/config.js:21705:6)
    at IncomingMessage.emit (node:events:521:24)
[2m4:12:39 pm[22m [31m[1m[vite][22m[39m [31mws proxy error:[39m
Error: write ECONNABORTED
    at afterWriteDispatched (node:internal/stream_base_commons:159:15)
    at writeGeneric (node:internal/stream_base_commons:150:3)
    at Socket._writeGeneric (node:net:1025:11)
    at Socket._write (node:net:1037:8)
    at writeOrBuffer (node:internal/streams/writable:570:12)
    at _write (node:internal/streams/writable:499:10)
    at Writable.write (node:internal/streams/writable:508:10)
    at writeChunk (file:///C:/Users/NAKULSHARMA/Downloads/developmentsync-main/frontend/node_modules/vite/dist/node/chunks/config.js:21692:13)
    at IncomingMessage.<anonymous> (file:///C:/Users/NAKULSHARMA/Downloads/developmentsync-main/frontend/node_modules/vite/dist/node/chunks/config.js:21705:6)
    at IncomingMessage.emit (node:events:521:24)
[2m4:12:39 pm[22m [31m[1m[vite][22m[39m [31mws proxy socket error:[39m
Error: write ECONNABORTED
    at afterWriteDispatched (node:internal/stream_base_commons:159:15)
    at writeGeneric (node:internal/stream_base_commons:150:3)
    at Socket._writeGeneric (node:net:1025:11)
    at Socket._write (node:net:1037:8)
    at writeOrBuffer (node:internal/streams/writable:570:12)
    at _write (node:internal/streams/writable:499:10)
    at Writable.write (node:internal/streams/writable:508:10)
    at writeChunk (file:///C:/Users/NAKULSHARMA/Downloads/developmentsync-main/frontend/node_modules/vite/dist/node/chunks/config.js:21692:13)
    at IncomingMessage.<anonymous> (file:///C:/Users/NAKULSHARMA/Downloads/developmentsync-main/frontend/node_modules/vite/dist/node/chunks/config.js:21705:6)
    at IncomingMessage.emit (node:events:521:24)
[2m4:12:43 pm[22m [31m[1m[vite][22m[39m [31mws proxy error:[39m
Error: write ECONNABORTED
    at afterWriteDispatched (node:internal/stream_base_commons:159:15)
    at writeGeneric (node:internal/stream_base_commons:150:3)
    at Socket._writeGeneric (node:net:1025:11)
    at Socket._write (node:net:1037:8)
    at writeOrBuffer (node:internal/streams/writable:570:12)
    at _write (node:internal/streams/writable:499:10)
    at Writable.write (node:internal/streams/writable:508:10)
    at writeChunk (file:///C:/Users/NAKULSHARMA/Downloads/developmentsync-main/frontend/node_modules/vite/dist/node/chunks/config.js:21692:13)
    at IncomingMessage.<anonymous> (file:///C:/Users/NAKULSHARMA/Downloads/developmentsync-main/frontend/node_modules/vite/dist/node/chunks/config.js:21705:6)
    at IncomingMessage.emit (node:events:521:24)
[2m4:12:43 pm[22m [31m[1m[vite][22m[39m [31mws proxy socket error:[39m
Error: write ECONNABORTED
    at afterWriteDispatched (node:internal/stream_base_commons:159:15)
    at writeGeneric (node:internal/stream_base_commons:150:3)
    at Socket._writeGeneric (node:net:1025:11)
    at Socket._write (node:net:1037:8)
    at writeOrBuffer (node:internal/streams/writable:570:12)
    at _write (node:internal/streams/writable:499:10)
    at Writable.write (node:internal/streams/writable:508:10)
    at writeChunk (file:///C:/Users/NAKULSHARMA/Downloads/developmentsync-main/frontend/node_modules/vite/dist/node/chunks/config.js:21692:13)
    at IncomingMessage.<anonymous> (file:///C:/Users/NAKULSHARMA/Downloads/developmentsync-main/frontend/node_modules/vite/dist/node/chunks/config.js:21705:6)
    at IncomingMessage.emit (node:events:521:24)
[2m4:12:47 pm[22m [31m[1m[vite][22m[39m [31mws proxy error:[39m
Error: write ECONNABORTED
    at afterWriteDispatched (node:internal/stream_base_commons:159:15)
    at writeGeneric (node:internal/stream_base_commons:150:3)
    at Socket._writeGeneric (node:net:1025:11)
    at Socket._write (node:net:1037:8)
    at writeOrBuffer (node:internal/streams/writable:570:12)
    at _write (node:internal/streams/writable:499:10)
    at Writable.write (node:internal/streams/writable:508:10)
    at writeChunk (file:///C:/Users/NAKULSHARMA/Downloads/developmentsync-main/frontend/node_modules/vite/dist/node/chunks/config.js:21693:13)
    at IncomingMessage.<anonymous> (file:///C:/Users/NAKULSHARMA/Downloads/developmentsync-main/frontend/node_modules/vite/dist/node/chunks/config.js:21702:6)
    at IncomingMessage.emit (node:events:509:28)
[2m4:12:47 pm[22m [31m[1m[vite][22m[39m [31mws proxy socket error:[39m
Error: write ECONNABORTED
    at afterWriteDispatched (node:internal/stream_base_commons:159:15)
    at writeGeneric (node:internal/stream_base_commons:150:3)
    at Socket._writeGeneric (node:net:1025:11)
    at Socket._write (node:net:1037:8)
    at writeOrBuffer (node:internal/streams/writable:570:12)
    at _write (node:internal/streams/writable:499:10)
    at Writable.write (node:internal/streams/writable:508:10)
    at writeChunk (file:///C:/Users/NAKULSHARMA/Downloads/developmentsync-main/frontend/node_modules/vite/dist/node/chunks/config.js:21693:13)
    at IncomingMessage.<anonymous> (file:///C:/Users/NAKULSHARMA/Downloads/developmentsync-main/frontend/node_modules/vite/dist/node/chunks/config.js:21702:6)
    at IncomingMessage.emit (node:events:509:28)
[2m4:12:54 pm[22m [31m[1m[vite][22m[39m [31mws proxy error:[39m
Error: write ECONNABORTED
    at afterWriteDispatched (node:internal/stream_base_commons:159:15)
    at writeGeneric (node:internal/stream_base_commons:150:3)
    at Socket._writeGeneric (node:net:1025:11)
    at Socket._write (node:net:1037:8)
    at writeOrBuffer (node:internal/streams/writable:570:12)
    at _write (node:internal/streams/writable:499:10)
    at Writable.write (node:internal/streams/writable:508:10)
    at writeChunk (file:///C:/Users/NAKULSHARMA/Downloads/developmentsync-main/frontend/node_modules/vite/dist/node/chunks/config.js:21692:13)
    at IncomingMessage.<anonymous> (file:///C:/Users/NAKULSHARMA/Downloads/developmentsync-main/frontend/node_modules/vite/dist/node/chunks/config.js:21705:6)
    at IncomingMessage.emit (node:events:521:24)
[2m4:12:54 pm[22m [31m[1m[vite][22m[39m [31mws proxy socket error:[39m
Error: write ECONNABORTED
    at afterWriteDispatched (node:internal/stream_base_commons:159:15)
    at writeGeneric (node:internal/stream_base_commons:150:3)
    at Socket._writeGeneric (node:net:1025:11)
    at Socket._write (node:net:1037:8)
    at writeOrBuffer (node:internal/streams/writable:570:12)
    at _write (node:internal/streams/writable:499:10)
    at Writable.write (node:internal/streams/writable:508:10)
    at writeChunk (file:///C:/Users/NAKULSHARMA/Downloads/developmentsync-main/frontend/node_modules/vite/dist/node/chunks/config.js:21692:13)
    at IncomingMessage.<anonymous> (file:///C:/Users/NAKULSHARMA/Downloads/developmentsync-main/frontend/node_modules/vite/dist/node/chunks/config.js:21705:6)
    at IncomingMessage.emit (node:events:521:24)
[2m4:13:01 pm[22m [31m[1m[vite][22m[39m [31mws proxy error:[39m
Error: write ECONNABORTED
    at afterWriteDispatched (node:internal/stream_base_commons:159:15)
    at writeGeneric (node:internal/stream_base_commons:150:3)
    at Socket._writeGeneric (node:net:1025:11)
    at Socket._write (node:net:1037:8)
    at writeOrBuffer (node:internal/streams/writable:570:12)
    at _write (node:internal/streams/writable:499:10)
    at Writable.write (node:internal/streams/writable:508:10)
    at writeChunk (file:///C:/Users/NAKULSHARMA/Downloads/developmentsync-main/frontend/node_modules/vite/dist/node/chunks/config.js:21692:13)
    at IncomingMessage.<anonymous> (file:///C:/Users/NAKULSHARMA/Downloads/developmentsync-main/frontend/node_modules/vite/dist/node/chunks/config.js:21705:6)
    at IncomingMessage.emit (node:events:521:24)
[2m4:13:01 pm[22m [31m[1m[vite][22m[39m [31mws proxy socket error:[39m
Error: write ECONNABORTED
    at afterWriteDispatched (node:internal/stream_base_commons:159:15)
    at writeGeneric (node:internal/stream_base_commons:150:3)
    at Socket._writeGeneric (node:net:1025:11)
    at Socket._write (node:net:1037:8)
    at writeOrBuffer (node:internal/streams/writable:570:12)
    at _write (node:internal/streams/writable:499:10)
    at Writable.write (node:internal/streams/writable:508:10)
    at writeChunk (file:///C:/Users/NAKULSHARMA/Downloads/developmentsync-main/frontend/node_modules/vite/dist/node/chunks/config.js:21692:13)
    at IncomingMessage.<anonymous> (file:///C:/Users/NAKULSHARMA/Downloads/developmentsync-main/frontend/node_modules/vite/dist/node/chunks/config.js:21705:6)
    at IncomingMessage.emit (node:events:521:24)
[2m4:13:06 pm[22m [31m[1m[vite][22m[39m [31mws proxy error:[39m
Error: write ECONNABORTED
    at afterWriteDispatched (node:internal/stream_base_commons:159:15)
    at writeGeneric (node:internal/stream_base_commons:150:3)
    at Socket._writeGeneric (node:net:1025:11)
    at Socket._write (node:net:1037:8)
    at writeOrBuffer (node:internal/streams/writable:570:12)
    at _write (node:internal/streams/writable:499:10)
    at Writable.write (node:internal/streams/writable:508:10)
    at writeChunk (file:///C:/Users/NAKULSHARMA/Downloads/developmentsync-main/frontend/node_modules/vite/dist/node/chunks/config.js:21692:13)
    at IncomingMessage.<anonymous> (file:///C:/Users/NAKULSHARMA/Downloads/developmentsync-main/frontend/node_modules/vite/dist/node/chunks/config.js:21705:6)
    at IncomingMessage.emit (node:events:521:24)
[2m4:13:06 pm[22m [31m[1m[vite][22m[39m [31mws proxy socket error:[39m
Error: write ECONNABORTED
    at afterWriteDispatched (node:internal/stream_base_commons:159:15)
    at writeGeneric (node:internal/stream_base_commons:150:3)
    at Socket._writeGeneric (node:net:1025:11)
    at Socket._write (node:net:1037:8)
    at writeOrBuffer (node:internal/streams/writable:570:12)
    at _write (node:internal/streams/writable:499:10)
    at Writable.write (node:internal/streams/writable:508:10)
    at writeChunk (file:///C:/Users/NAKULSHARMA/Downloads/developmentsync-main/frontend/node_modules/vite/dist/node/chunks/config.js:21692:13)
    at IncomingMessage.<anonymous> (file:///C:/Users/NAKULSHARMA/Downloads/developmentsync-main/frontend/node_modules/vite/dist/node/chunks/config.js:21705:6)
    at IncomingMessage.emit (node:events:521:24)
[2m4:13:09 pm[22m [31m[1m[vite][22m[39m [31mws proxy error:[39m
Error: write ECONNABORTED
    at afterWriteDispatched (node:internal/stream_base_commons:159:15)
    at writeGeneric (node:internal/stream_base_commons:150:3)
    at Socket._writeGeneric (node:net:1025:11)
    at Socket._write (node:net:1037:8)
    at writeOrBuffer (node:internal/streams/writable:570:12)
    at _write (node:internal/streams/writable:499:10)
    at Writable.write (node:internal/streams/writable:508:10)
    at writeChunk (file:///C:/Users/NAKULSHARMA/Downloads/developmentsync-main/frontend/node_modules/vite/dist/node/chunks/config.js:21692:13)
    at IncomingMessage.<anonymous> (file:///C:/Users/NAKULSHARMA/Downloads/developmentsync-main/frontend/node_modules/vite/dist/node/chunks/config.js:21705:6)
    at IncomingMessage.emit (node:events:521:24)
[2m4:13:09 pm[22m [31m[1m[vite][22m[39m [31mws proxy socket error:[39m
Error: write ECONNABORTED
    at afterWriteDispatched (node:internal/stream_base_commons:159:15)
    at writeGeneric (node:internal/stream_base_commons:150:3)
    at Socket._writeGeneric (node:net:1025:11)
    at Socket._write (node:net:1037:8)
    at writeOrBuffer (node:internal/streams/writable:570:12)
    at _write (node:internal/streams/writable:499:10)
    at Writable.write (node:internal/streams/writable:508:10)
    at writeChunk (file:///C:/Users/NAKULSHARMA/Downloads/developmentsync-main/frontend/node_modules/vite/dist/node/chunks/config.js:21692:13)
    at IncomingMessage.<anonymous> (file:///C:/Users/NAKULSHARMA/Downloads/developmentsync-main/frontend/node_modules/vite/dist/node/chunks/config.js:21705:6)
    at IncomingMessage.emit (node:events:521:24)
[2m4:13:15 pm[22m [31m[1m[vite][22m[39m [31mws proxy error:[39m
Error: write ECONNABORTED
    at afterWriteDispatched (node:internal/stream_base_commons:159:15)
    at writeGeneric (node:internal/stream_base_commons:150:3)
    at Socket._writeGeneric (node:net:1025:11)
    at Socket._write (node:net:1037:8)
    at writeOrBuffer (node:internal/streams/writable:570:12)
    at _write (node:internal/streams/writable:499:10)
    at Writable.write (node:internal/streams/writable:508:10)
    at writeChunk (file:///C:/Users/NAKULSHARMA/Downloads/developmentsync-main/frontend/node_modules/vite/dist/node/chunks/config.js:21692:13)
    at IncomingMessage.<anonymous> (file:///C:/Users/NAKULSHARMA/Downloads/developmentsync-main/frontend/node_modules/vite/dist/node/chunks/config.js:21705:6)
    at IncomingMessage.emit (node:events:521:24)
[2m4:13:15 pm[22m [31m[1m[vite][22m[39m [31mws proxy socket error:[39m
Error: write ECONNABORTED
    at afterWriteDispatched (node:internal/stream_base_commons:159:15)
    at writeGeneric (node:internal/stream_base_commons:150:3)
    at Socket._writeGeneric (node:net:1025:11)
    at Socket._write (node:net:1037:8)
    at writeOrBuffer (node:internal/streams/writable:570:12)
    at _write (node:internal/streams/writable:499:10)
    at Writable.write (node:internal/streams/writable:508:10)
    at writeChunk (file:///C:/Users/NAKULSHARMA/Downloads/developmentsync-main/frontend/node_modules/vite/dist/node/chunks/config.js:21692:13)
    at IncomingMessage.<anonymous> (file:///C:/Users/NAKULSHARMA/Downloads/developmentsync-main/frontend/node_modules/vite/dist/node/chunks/config.js:21705:6)
    at IncomingMessage.emit (node:events:521:24)
[2m4:13:21 pm[22m [31m[1m[vite][22m[39m [31mws proxy error:[39m
Error: write ECONNABORTED
    at afterWriteDispatched (node:internal/stream_base_commons:159:15)
    at writeGeneric (node:internal/stream_base_commons:150:3)
    at Socket._writeGeneric (node:net:1025:11)
    at Socket._write (node:net:1037:8)
    at writeOrBuffer (node:internal/streams/writable:570:12)
    at _write (node:internal/streams/writable:499:10)
    at Writable.write (node:internal/streams/writable:508:10)
    at writeChunk (file:///C:/Users/NAKULSHARMA/Downloads/developmentsync-main/frontend/node_modules/vite/dist/node/chunks/config.js:21692:13)
    at IncomingMessage.<anonymous> (file:///C:/Users/NAKULSHARMA/Downloads/developmentsync-main/frontend/node_modules/vite/dist/node/chunks/config.js:21705:6)
    at IncomingMessage.emit (node:events:521:24)
[2m4:13:21 pm[22m [31m[1m[vite][22m[39m [31mws proxy socket error:[39m
Error: write ECONNABORTED
    at afterWriteDispatched (node:internal/stream_base_commons:159:15)
    at writeGeneric (node:internal/stream_base_commons:150:3)
    at Socket._writeGeneric (node:net:1025:11)
    at Socket._write (node:net:1037:8)
    at writeOrBuffer (node:internal/streams/writable:570:12)
    at _write (node:internal/streams/writable:499:10)
    at Writable.write (node:internal/streams/writable:508:10)
    at writeChunk (file:///C:/Users/NAKULSHARMA/Downloads/developmentsync-main/frontend/node_modules/vite/dist/node/chunks/config.js:21692:13)
    at IncomingMessage.<anonymous> (file:///C:/Users/NAKULSHARMA/Downloads/developmentsync-main/frontend/node_modules/vite/dist/node/chunks/config.js:21705:6)
    at IncomingMessage.emit (node:events:521:24)
[2m4:13:27 pm[22m [31m[1m[vite][22m[39m [31mws proxy error:[39m
Error: write ECONNABORTED
    at afterWriteDispatched (node:internal/stream_base_commons:159:15)
    at writeGeneric (node:internal/stream_base_commons:150:3)
    at Socket._writeGeneric (node:net:1025:11)
    at Socket._write (node:net:1037:8)
    at writeOrBuffer (node:internal/streams/writable:570:12)
    at _write (node:internal/streams/writable:499:10)
    at Writable.write (node:internal/streams/writable:508:10)
    at writeChunk (file:///C:/Users/NAKULSHARMA/Downloads/developmentsync-main/frontend/node_modules/vite/dist/node/chunks/config.js:21695:13)
    at IncomingMessage.<anonymous> (file:///C:/Users/NAKULSHARMA/Downloads/developmentsync-main/frontend/node_modules/vite/dist/node/chunks/config.js:21702:6)
    at IncomingMessage.emit (node:events:509:28)
[2m4:13:27 pm[22m [31m[1m[vite][22m[39m [31mws proxy socket error:[39m
Error: write ECONNABORTED
    at afterWriteDispatched (node:internal/stream_base_commons:159:15)
    at writeGeneric (node:internal/stream_base_commons:150:3)
    at Socket._writeGeneric (node:net:1025:11)
    at Socket._write (node:net:1037:8)
    at writeOrBuffer (node:internal/streams/writable:570:12)
    at _write (node:internal/streams/writable:499:10)
    at Writable.write (node:internal/streams/writable:508:10)
    at writeChunk (file:///C:/Users/NAKULSHARMA/Downloads/developmentsync-main/frontend/node_modules/vite/dist/node/chunks/config.js:21695:13)
    at IncomingMessage.<anonymous> (file:///C:/Users/NAKULSHARMA/Downloads/developmentsync-main/frontend/node_modules/vite/dist/node/chunks/config.js:21702:6)
    at IncomingMessage.emit (node:events:509:28)
[2m4:13:32 pm[22m [31m[1m[vite][22m[39m [31mws proxy error:[39m
Error: write ECONNABORTED
    at afterWriteDispatched (node:internal/stream_base_commons:159:15)
    at writeGeneric (node:internal/stream_base_commons:150:3)
    at Socket._writeGeneric (node:net:1025:11)
    at Socket._write (node:net:1037:8)
    at writeOrBuffer (node:internal/streams/writable:570:12)
    at _write (node:internal/streams/writable:499:10)
    at Writable.write (node:internal/streams/writable:508:10)
    at writeChunk (file:///C:/Users/NAKULSHARMA/Downloads/developmentsync-main/frontend/node_modules/vite/dist/node/chunks/config.js:21692:13)
    at IncomingMessage.<anonymous> (file:///C:/Users/NAKULSHARMA/Downloads/developmentsync-main/frontend/node_modules/vite/dist/node/chunks/config.js:21705:6)
    at IncomingMessage.emit (node:events:521:24)
[2m4:13:32 pm[22m [31m[1m[vite][22m[39m [31mws proxy socket error:[39m
Error: write ECONNABORTED
    at afterWriteDispatched (node:internal/stream_base_commons:159:15)
    at writeGeneric (node:internal/stream_base_commons:150:3)
    at Socket._writeGeneric (node:net:1025:11)
    at Socket._write (node:net:1037:8)
    at writeOrBuffer (node:internal/streams/writable:570:12)
    at _write (node:internal/streams/writable:499:10)
    at Writable.write (node:internal/streams/writable:508:10)
    at writeChunk (file:///C:/Users/NAKULSHARMA/Downloads/developmentsync-main/frontend/node_modules/vite/dist/node/chunks/config.js:21692:13)
    at IncomingMessage.<anonymous> (file:///C:/Users/NAKULSHARMA/Downloads/developmentsync-main/frontend/node_modules/vite/dist/node/chunks/config.js:21705:6)
    at IncomingMessage.emit (node:events:521:24)
[2m4:13:36 pm[22m [31m[1m[vite][22m[39m [31mws proxy error:[39m
Error: write ECONNABORTED
    at afterWriteDispatched (node:internal/stream_base_commons:159:15)
    at writeGeneric (node:internal/stream_base_commons:150:3)
    at Socket._writeGeneric (node:net:1025:11)
    at Socket._write (node:net:1037:8)
    at writeOrBuffer (node:internal/streams/writable:570:12)
    at _write (node:internal/streams/writable:499:10)
    at Writable.write (node:internal/streams/writable:508:10)
    at writeChunk (file:///C:/Users/NAKULSHARMA/Downloads/developmentsync-main/frontend/node_modules/vite/dist/node/chunks/config.js:21692:13)
    at IncomingMessage.<anonymous> (file:///C:/Users/NAKULSHARMA/Downloads/developmentsync-main/frontend/node_modules/vite/dist/node/chunks/config.js:21705:6)
    at IncomingMessage.emit (node:events:521:24)
[2m4:13:36 pm[22m [31m[1m[vite][22m[39m [31mws proxy socket error:[39m
Error: write ECONNABORTED
    at afterWriteDispatched (node:internal/stream_base_commons:159:15)
    at writeGeneric (node:internal/stream_base_commons:150:3)
    at Socket._writeGeneric (node:net:1025:11)
    at Socket._write (node:net:1037:8)
    at writeOrBuffer (node:internal/streams/writable:570:12)
    at _write (node:internal/streams/writable:499:10)
    at Writable.write (node:internal/streams/writable:508:10)
    at writeChunk (file:///C:/Users/NAKULSHARMA/Downloads/developmentsync-main/frontend/node_modules/vite/dist/node/chunks/config.js:21692:13)
    at IncomingMessage.<anonymous> (file:///C:/Users/NAKULSHARMA/Downloads/developmentsync-main/frontend/node_modules/vite/dist/node/chunks/config.js:21705:6)
    at IncomingMessage.emit (node:events:521:24)
[2m4:13:40 pm[22m [31m[1m[vite][22m[39m [31mws proxy error:[39m
Error: write ECONNABORTED
    at afterWriteDispatched (node:internal/stream_base_commons:159:15)
    at writeGeneric (node:internal/stream_base_commons:150:3)
    at Socket._writeGeneric (node:net:1025:11)
    at Socket._write (node:net:1037:8)
    at writeOrBuffer (node:internal/streams/writable:570:12)
    at _write (node:internal/streams/writable:499:10)
    at Writable.write (node:internal/streams/writable:508:10)
    at writeChunk (file:///C:/Users/NAKULSHARMA/Downloads/developmentsync-main/frontend/node_modules/vite/dist/node/chunks/config.js:21692:13)
    at IncomingMessage.<anonymous> (file:///C:/Users/NAKULSHARMA/Downloads/developmentsync-main/frontend/node_modules/vite/dist/node/chunks/config.js:21705:6)
    at IncomingMessage.emit (node:events:521:24)
[2m4:13:40 pm[22m [31m[1m[vite][22m[39m [31mws proxy socket error:[39m
Error: write ECONNABORTED
    at afterWriteDispatched (node:internal/stream_base_commons:159:15)
    at writeGeneric (node:internal/stream_base_commons:150:3)
    at Socket._writeGeneric (node:net:1025:11)
    at Socket._write (node:net:1037:8)
    at writeOrBuffer (node:internal/streams/writable:570:12)
    at _write (node:internal/streams/writable:499:10)
    at Writable.write (node:internal/streams/writable:508:10)
    at writeChunk (file:///C:/Users/NAKULSHARMA/Downloads/developmentsync-main/frontend/node_modules/vite/dist/node/chunks/config.js:21692:13)
    at IncomingMessage.<anonymous> (file:///C:/Users/NAKULSHARMA/Downloads/developmentsync-main/frontend/node_modules/vite/dist/node/chunks/config.js:21705:6)
    at IncomingMessage.emit (node:events:521:24)
[2m4:13:46 pm[22m [31m[1m[vite][22m[39m [31mws proxy error:[39m
Error: write ECONNABORTED
    at afterWriteDispatched (node:internal/stream_base_commons:159:15)
    at writeGeneric (node:internal/stream_base_commons:150:3)
    at Socket._writeGeneric (node:net:1025:11)
    at Socket._write (node:net:1037:8)
    at writeOrBuffer (node:internal/streams/writable:570:12)
    at _write (node:internal/streams/writable:499:10)
    at Writable.write (node:internal/streams/writable:508:10)
    at writeChunk (file:///C:/Users/NAKULSHARMA/Downloads/developmentsync-main/frontend/node_modules/vite/dist/node/chunks/config.js:21694:13)
    at IncomingMessage.<anonymous> (file:///C:/Users/NAKULSHARMA/Downloads/developmentsync-main/frontend/node_modules/vite/dist/node/chunks/config.js:21702:6)
    at IncomingMessage.emit (node:events:509:28)
[2m4:13:46 pm[22m [31m[1m[vite][22m[39m [31mws proxy socket error:[39m
Error: write ECONNABORTED
    at afterWriteDispatched (node:internal/stream_base_commons:159:15)
    at writeGeneric (node:internal/stream_base_commons:150:3)
    at Socket._writeGeneric (node:net:1025:11)
    at Socket._write (node:net:1037:8)
    at writeOrBuffer (node:internal/streams/writable:570:12)
    at _write (node:internal/streams/writable:499:10)
    at Writable.write (node:internal/streams/writable:508:10)
    at writeChunk (file:///C:/Users/NAKULSHARMA/Downloads/developmentsync-main/frontend/node_modules/vite/dist/node/chunks/config.js:21694:13)
    at IncomingMessage.<anonymous> (file:///C:/Users/NAKULSHARMA/Downloads/developmentsync-main/frontend/node_modules/vite/dist/node/chunks/config.js:21702:6)
    at IncomingMessage.emit (node:events:509:28)
[2m4:13:50 pm[22m [31m[1m[vite][22m[39m [31mws proxy error:[39m
Error: write ECONNABORTED
    at afterWriteDispatched (node:internal/stream_base_commons:159:15)
    at writeGeneric (node:internal/stream_base_commons:150:3)
    at Socket._writeGeneric (node:net:1025:11)
    at Socket._write (node:net:1037:8)
    at writeOrBuffer (node:internal/streams/writable:570:12)
    at _write (node:internal/streams/writable:499:10)
    at Writable.write (node:internal/streams/writable:508:10)
    at writeChunk (file:///C:/Users/NAKULSHARMA/Downloads/developmentsync-main/frontend/node_modules/vite/dist/node/chunks/config.js:21692:13)
    at IncomingMessage.<anonymous> (file:///C:/Users/NAKULSHARMA/Downloads/developmentsync-main/frontend/node_modules/vite/dist/node/chunks/config.js:21705:6)
    at IncomingMessage.emit (node:events:521:24)
[2m4:13:50 pm[22m [31m[1m[vite][22m[39m [31mws proxy socket error:[39m
Error: write ECONNABORTED
    at afterWriteDispatched (node:internal/stream_base_commons:159:15)
    at writeGeneric (node:internal/stream_base_commons:150:3)
    at Socket._writeGeneric (node:net:1025:11)
    at Socket._write (node:net:1037:8)
    at writeOrBuffer (node:internal/streams/writable:570:12)
    at _write (node:internal/streams/writable:499:10)
    at Writable.write (node:internal/streams/writable:508:10)
    at writeChunk (file:///C:/Users/NAKULSHARMA/Downloads/developmentsync-main/frontend/node_modules/vite/dist/node/chunks/config.js:21692:13)
    at IncomingMessage.<anonymous> (file:///C:/Users/NAKULSHARMA/Downloads/developmentsync-main/frontend/node_modules/vite/dist/node/chunks/config.js:21705:6)
    at IncomingMessage.emit (node:events:521:24)
[2m4:13:55 pm[22m [31m[1m[vite][22m[39m [31mws proxy error:[39m
Error: write ECONNABORTED
    at afterWriteDispatched (node:internal/stream_base_commons:159:15)
    at writeGeneric (node:internal/stream_base_commons:150:3)
    at Socket._writeGeneric (node:net:1025:11)
    at Socket._write (node:net:1037:8)
    at writeOrBuffer (node:internal/streams/writable:570:12)
    at _write (node:internal/streams/writable:499:10)
    at Writable.write (node:internal/streams/writable:508:10)
    at writeChunk (file:///C:/Users/NAKULSHARMA/Downloads/developmentsync-main/frontend/node_modules/vite/dist/node/chunks/config.js:21693:13)
    at IncomingMessage.<anonymous> (file:///C:/Users/NAKULSHARMA/Downloads/developmentsync-main/frontend/node_modules/vite/dist/node/chunks/config.js:21702:6)
    at IncomingMessage.emit (node:events:509:28)
[2m4:13:55 pm[22m [31m[1m[vite][22m[39m [31mws proxy socket error:[39m
Error: write ECONNABORTED
    at afterWriteDispatched (node:internal/stream_base_commons:159:15)
    at writeGeneric (node:internal/stream_base_commons:150:3)
    at Socket._writeGeneric (node:net:1025:11)
    at Socket._write (node:net:1037:8)
    at writeOrBuffer (node:internal/streams/writable:570:12)
    at _write (node:internal/streams/writable:499:10)
    at Writable.write (node:internal/streams/writable:508:10)
    at writeChunk (file:///C:/Users/NAKULSHARMA/Downloads/developmentsync-main/frontend/node_modules/vite/dist/node/chunks/config.js:21693:13)
    at IncomingMessage.<anonymous> (file:///C:/Users/NAKULSHARMA/Downloads/developmentsync-main/frontend/node_modules/vite/dist/node/chunks/config.js:21702:6)
    at IncomingMessage.emit (node:events:509:28)
[2m4:13:59 pm[22m [31m[1m[vite][22m[39m [31mws proxy error:[39m
Error: write ECONNABORTED
    at afterWriteDispatched (node:internal/stream_base_commons:159:15)
    at writeGeneric (node:internal/stream_base_commons:150:3)
    at Socket._writeGeneric (node:net:1025:11)
    at Socket._write (node:net:1037:8)
    at writeOrBuffer (node:internal/streams/writable:570:12)
    at _write (node:internal/streams/writable:499:10)
    at Writable.write (node:internal/streams/writable:508:10)
    at writeChunk (file:///C:/Users/NAKULSHARMA/Downloads/developmentsync-main/frontend/node_modules/vite/dist/node/chunks/config.js:21695:13)
    at IncomingMessage.<anonymous> (file:///C:/Users/NAKULSHARMA/Downloads/developmentsync-main/frontend/node_modules/vite/dist/node/chunks/config.js:21702:6)
    at IncomingMessage.emit (node:events:509:28)
[2m4:13:59 pm[22m [31m[1m[vite][22m[39m [31mws proxy socket error:[39m
Error: write ECONNABORTED
    at afterWriteDispatched (node:internal/stream_base_commons:159:15)
    at writeGeneric (node:internal/stream_base_commons:150:3)
    at Socket._writeGeneric (node:net:1025:11)
    at Socket._write (node:net:1037:8)
    at writeOrBuffer (node:internal/streams/writable:570:12)
    at _write (node:internal/streams/writable:499:10)
    at Writable.write (node:internal/streams/writable:508:10)
    at writeChunk (file:///C:/Users/NAKULSHARMA/Downloads/developmentsync-main/frontend/node_modules/vite/dist/node/chunks/config.js:21695:13)
    at IncomingMessage.<anonymous> (file:///C:/Users/NAKULSHARMA/Downloads/developmentsync-main/frontend/node_modules/vite/dist/node/chunks/config.js:21702:6)
    at IncomingMessage.emit (node:events:509:28)
[2m4:14:05 pm[22m [31m[1m[vite][22m[39m [31mws proxy error:[39m
Error: write ECONNABORTED
    at afterWriteDispatched (node:internal/stream_base_commons:159:15)
    at writeGeneric (node:internal/stream_base_commons:150:3)
    at Socket._writeGeneric (node:net:1025:11)
    at Socket._write (node:net:1037:8)
    at writeOrBuffer (node:internal/streams/writable:570:12)
    at _write (node:internal/streams/writable:499:10)
    at Writable.write (node:internal/streams/writable:508:10)
    at writeChunk (file:///C:/Users/NAKULSHARMA/Downloads/developmentsync-main/frontend/node_modules/vite/dist/node/chunks/config.js:21692:13)
    at IncomingMessage.<anonymous> (file:///C:/Users/NAKULSHARMA/Downloads/developmentsync-main/frontend/node_modules/vite/dist/node/chunks/config.js:21705:6)
    at IncomingMessage.emit (node:events:521:24)
[2m4:14:06 pm[22m [31m[1m[vite][22m[39m [31mws proxy socket error:[39m
Error: write ECONNABORTED
    at afterWriteDispatched (node:internal/stream_base_commons:159:15)
    at writeGeneric (node:internal/stream_base_commons:150:3)
    at Socket._writeGeneric (node:net:1025:11)
    at Socket._write (node:net:1037:8)
    at writeOrBuffer (node:internal/streams/writable:570:12)
    at _write (node:internal/streams/writable:499:10)
    at Writable.write (node:internal/streams/writable:508:10)
    at writeChunk (file:///C:/Users/NAKULSHARMA/Downloads/developmentsync-main/frontend/node_modules/vite/dist/node/chunks/config.js:21692:13)
    at IncomingMessage.<anonymous> (file:///C:/Users/NAKULSHARMA/Downloads/developmentsync-main/frontend/node_modules/vite/dist/node/chunks/config.js:21705:6)
    at IncomingMessage.emit (node:events:521:24)
[2m4:14:11 pm[22m [31m[1m[vite][22m[39m [31mws proxy error:[39m
Error: write ECONNABORTED
    at afterWriteDispatched (node:internal/stream_base_commons:159:15)
    at writeGeneric (node:internal/stream_base_commons:150:3)
    at Socket._writeGeneric (node:net:1025:11)
    at Socket._write (node:net:1037:8)
    at writeOrBuffer (node:internal/streams/writable:570:12)
    at _write (node:internal/streams/writable:499:10)
    at Writable.write (node:internal/streams/writable:508:10)
    at writeChunk (file:///C:/Users/NAKULSHARMA/Downloads/developmentsync-main/frontend/node_modules/vite/dist/node/chunks/config.js:21692:13)
    at IncomingMessage.<anonymous> (file:///C:/Users/NAKULSHARMA/Downloads/developmentsync-main/frontend/node_modules/vite/dist/node/chunks/config.js:21705:6)
    at IncomingMessage.emit (node:events:521:24)
[2m4:14:11 pm[22m [31m[1m[vite][22m[39m [31mws proxy socket error:[39m
Error: write ECONNABORTED
    at afterWriteDispatched (node:internal/stream_base_commons:159:15)
    at writeGeneric (node:internal/stream_base_commons:150:3)
    at Socket._writeGeneric (node:net:1025:11)
    at Socket._write (node:net:1037:8)
    at writeOrBuffer (node:internal/streams/writable:570:12)
    at _write (node:internal/streams/writable:499:10)
    at Writable.write (node:internal/streams/writable:508:10)
    at writeChunk (file:///C:/Users/NAKULSHARMA/Downloads/developmentsync-main/frontend/node_modules/vite/dist/node/chunks/config.js:21692:13)
    at IncomingMessage.<anonymous> (file:///C:/Users/NAKULSHARMA/Downloads/developmentsync-main/frontend/node_modules/vite/dist/node/chunks/config.js:21705:6)
    at IncomingMessage.emit (node:events:521:24)
[2m4:14:15 pm[22m [31m[1m[vite][22m[39m [31mws proxy error:[39m
Error: write ECONNABORTED
    at afterWriteDispatched (node:internal/stream_base_commons:159:15)
    at writeGeneric (node:internal/stream_base_commons:150:3)
    at Socket._writeGeneric (node:net:1025:11)
    at Socket._write (node:net:1037:8)
    at writeOrBuffer (node:internal/streams/writable:570:12)
    at _write (node:internal/streams/writable:499:10)
    at Writable.write (node:internal/streams/writable:508:10)
    at writeChunk (file:///C:/Users/NAKULSHARMA/Downloads/developmentsync-main/frontend/node_modules/vite/dist/node/chunks/config.js:21693:13)
    at IncomingMessage.<anonymous> (file:///C:/Users/NAKULSHARMA/Downloads/developmentsync-main/frontend/node_modules/vite/dist/node/chunks/config.js:21702:6)
    at IncomingMessage.emit (node:events:509:28)
[2m4:14:15 pm[22m [31m[1m[vite][22m[39m [31mws proxy socket error:[39m
Error: write ECONNABORTED
    at afterWriteDispatched (node:internal/stream_base_commons:159:15)
    at writeGeneric (node:internal/stream_base_commons:150:3)
    at Socket._writeGeneric (node:net:1025:11)
    at Socket._write (node:net:1037:8)
    at writeOrBuffer (node:internal/streams/writable:570:12)
    at _write (node:internal/streams/writable:499:10)
    at Writable.write (node:internal/streams/writable:508:10)
    at writeChunk (file:///C:/Users/NAKULSHARMA/Downloads/developmentsync-main/frontend/node_modules/vite/dist/node/chunks/config.js:21693:13)
    at IncomingMessage.<anonymous> (file:///C:/Users/NAKULSHARMA/Downloads/developmentsync-main/frontend/node_modules/vite/dist/node/chunks/config.js:21702:6)
    at IncomingMessage.emit (node:events:509:28)
[2m4:14:22 pm[22m [31m[1m[vite][22m[39m [31mws proxy error:[39m
Error: write ECONNABORTED
    at afterWriteDispatched (node:internal/stream_base_commons:159:15)
    at writeGeneric (node:internal/stream_base_commons:150:3)
    at Socket._writeGeneric (node:net:1025:11)
    at Socket._write (node:net:1037:8)
    at writeOrBuffer (node:internal/streams/writable:570:12)
    at _write (node:internal/streams/writable:499:10)
    at Writable.write (node:internal/streams/writable:508:10)
    at writeChunk (file:///C:/Users/NAKULSHARMA/Downloads/developmentsync-main/frontend/node_modules/vite/dist/node/chunks/config.js:21692:13)
    at IncomingMessage.<anonymous> (file:///C:/Users/NAKULSHARMA/Downloads/developmentsync-main/frontend/node_modules/vite/dist/node/chunks/config.js:21705:6)
    at IncomingMessage.emit (node:events:521:24)
[2m4:14:22 pm[22m [31m[1m[vite][22m[39m [31mws proxy socket error:[39m
Error: write ECONNABORTED
    at afterWriteDispatched (node:internal/stream_base_commons:159:15)
    at writeGeneric (node:internal/stream_base_commons:150:3)
    at Socket._writeGeneric (node:net:1025:11)
    at Socket._write (node:net:1037:8)
    at writeOrBuffer (node:internal/streams/writable:570:12)
    at _write (node:internal/streams/writable:499:10)
    at Writable.write (node:internal/streams/writable:508:10)
    at writeChunk (file:///C:/Users/NAKULSHARMA/Downloads/developmentsync-main/frontend/node_modules/vite/dist/node/chunks/config.js:21692:13)
    at IncomingMessage.<anonymous> (file:///C:/Users/NAKULSHARMA/Downloads/developmentsync-main/frontend/node_modules/vite/dist/node/chunks/config.js:21705:6)
    at IncomingMessage.emit (node:events:521:24)
[2m4:14:28 pm[22m [31m[1m[vite][22m[39m [31mws proxy error:[39m
Error: write ECONNABORTED
    at afterWriteDispatched (node:internal/stream_base_commons:159:15)
    at writeGeneric (node:internal/stream_base_commons:150:3)
    at Socket._writeGeneric (node:net:1025:11)
    at Socket._write (node:net:1037:8)
    at writeOrBuffer (node:internal/streams/writable:570:12)
    at _write (node:internal/streams/writable:499:10)
    at Writable.write (node:internal/streams/writable:508:10)
    at writeChunk (file:///C:/Users/NAKULSHARMA/Downloads/developmentsync-main/frontend/node_modules/vite/dist/node/chunks/config.js:21694:13)
    at IncomingMessage.<anonymous> (file:///C:/Users/NAKULSHARMA/Downloads/developmentsync-main/frontend/node_modules/vite/dist/node/chunks/config.js:21702:6)
    at IncomingMessage.emit (node:events:509:28)
[2m4:14:28 pm[22m [31m[1m[vite][22m[39m [31mws proxy socket error:[39m
Error: write ECONNABORTED
    at afterWriteDispatched (node:internal/stream_base_commons:159:15)
    at writeGeneric (node:internal/stream_base_commons:150:3)
    at Socket._writeGeneric (node:net:1025:11)
    at Socket._write (node:net:1037:8)
    at writeOrBuffer (node:internal/streams/writable:570:12)
    at _write (node:internal/streams/writable:499:10)
    at Writable.write (node:internal/streams/writable:508:10)
    at writeChunk (file:///C:/Users/NAKULSHARMA/Downloads/developmentsync-main/frontend/node_modules/vite/dist/node/chunks/config.js:21694:13)
    at IncomingMessage.<anonymous> (file:///C:/Users/NAKULSHARMA/Downloads/developmentsync-main/frontend/node_modules/vite/dist/node/chunks/config.js:21702:6)
    at IncomingMessage.emit (node:events:509:28)
[2m4:14:32 pm[22m [31m[1m[vite][22m[39m [31mws proxy error:[39m
Error: write ECONNABORTED
    at afterWriteDispatched (node:internal/stream_base_commons:159:15)
    at writeGeneric (node:internal/stream_base_commons:150:3)
    at Socket._writeGeneric (node:net:1025:11)
    at Socket._write (node:net:1037:8)
    at writeOrBuffer (node:internal/streams/writable:570:12)
    at _write (node:internal/streams/writable:499:10)
    at Writable.write (node:internal/streams/writable:508:10)
    at writeChunk (file:///C:/Users/NAKULSHARMA/Downloads/developmentsync-main/frontend/node_modules/vite/dist/node/chunks/config.js:21692:13)
    at IncomingMessage.<anonymous> (file:///C:/Users/NAKULSHARMA/Downloads/developmentsync-main/frontend/node_modules/vite/dist/node/chunks/config.js:21705:6)
    at IncomingMessage.emit (node:events:521:24)
[2m4:14:32 pm[22m [31m[1m[vite][22m[39m [31mws proxy socket error:[39m
Error: write ECONNABORTED
    at afterWriteDispatched (node:internal/stream_base_commons:159:15)
    at writeGeneric (node:internal/stream_base_commons:150:3)
    at Socket._writeGeneric (node:net:1025:11)
    at Socket._write (node:net:1037:8)
    at writeOrBuffer (node:internal/streams/writable:570:12)
    at _write (node:internal/streams/writable:499:10)
    at Writable.write (node:internal/streams/writable:508:10)
    at writeChunk (file:///C:/Users/NAKULSHARMA/Downloads/developmentsync-main/frontend/node_modules/vite/dist/node/chunks/config.js:21692:13)
    at IncomingMessage.<anonymous> (file:///C:/Users/NAKULSHARMA/Downloads/developmentsync-main/frontend/node_modules/vite/dist/node/chunks/config.js:21705:6)
    at IncomingMessage.emit (node:events:521:24)
[2m4:14:36 pm[22m [31m[1m[vite][22m[39m [31mws proxy error:[39m
Error: write ECONNABORTED
    at afterWriteDispatched (node:internal/stream_base_commons:159:15)
    at writeGeneric (node:internal/stream_base_commons:150:3)
    at Socket._writeGeneric (node:net:1025:11)
    at Socket._write (node:net:1037:8)
    at writeOrBuffer (node:internal/streams/writable:570:12)
    at _write (node:internal/streams/writable:499:10)
    at Writable.write (node:internal/streams/writable:508:10)
    at writeChunk (file:///C:/Users/NAKULSHARMA/Downloads/developmentsync-main/frontend/node_modules/vite/dist/node/chunks/config.js:21692:13)
    at IncomingMessage.<anonymous> (file:///C:/Users/NAKULSHARMA/Downloads/developmentsync-main/frontend/node_modules/vite/dist/node/chunks/config.js:21705:6)
    at IncomingMessage.emit (node:events:521:24)
[2m4:14:36 pm[22m [31m[1m[vite][22m[39m [31mws proxy socket error:[39m
Error: write ECONNABORTED
    at afterWriteDispatched (node:internal/stream_base_commons:159:15)
    at writeGeneric (node:internal/stream_base_commons:150:3)
    at Socket._writeGeneric (node:net:1025:11)
    at Socket._write (node:net:1037:8)
    at writeOrBuffer (node:internal/streams/writable:570:12)
    at _write (node:internal/streams/writable:499:10)
    at Writable.write (node:internal/streams/writable:508:10)
    at writeChunk (file:///C:/Users/NAKULSHARMA/Downloads/developmentsync-main/frontend/node_modules/vite/dist/node/chunks/config.js:21692:13)
    at IncomingMessage.<anonymous> (file:///C:/Users/NAKULSHARMA/Downloads/developmentsync-main/frontend/node_modules/vite/dist/node/chunks/config.js:21705:6)
    at IncomingMessage.emit (node:events:521:24)
[2m4:14:39 pm[22m [31m[1m[vite][22m[39m [31mws proxy error:[39m
Error: write ECONNABORTED
    at afterWriteDispatched (node:internal/stream_base_commons:159:15)
    at writeGeneric (node:internal/stream_base_commons:150:3)
    at Socket._writeGeneric (node:net:1025:11)
    at Socket._write (node:net:1037:8)
    at writeOrBuffer (node:internal/streams/writable:570:12)
    at _write (node:internal/streams/writable:499:10)
    at Writable.write (node:internal/streams/writable:508:10)
    at writeChunk (file:///C:/Users/NAKULSHARMA/Downloads/developmentsync-main/frontend/node_modules/vite/dist/node/chunks/config.js:21692:13)
    at IncomingMessage.<anonymous> (file:///C:/Users/NAKULSHARMA/Downloads/developmentsync-main/frontend/node_modules/vite/dist/node/chunks/config.js:21705:6)
    at IncomingMessage.emit (node:events:521:24)
[2m4:14:39 pm[22m [31m[1m[vite][22m[39m [31mws proxy socket error:[39m
Error: write ECONNABORTED
    at afterWriteDispatched (node:internal/stream_base_commons:159:15)
    at writeGeneric (node:internal/stream_base_commons:150:3)
    at Socket._writeGeneric (node:net:1025:11)
    at Socket._write (node:net:1037:8)
    at writeOrBuffer (node:internal/streams/writable:570:12)
    at _write (node:internal/streams/writable:499:10)
    at Writable.write (node:internal/streams/writable:508:10)
    at writeChunk (file:///C:/Users/NAKULSHARMA/Downloads/developmentsync-main/frontend/node_modules/vite/dist/node/chunks/config.js:21692:13)
    at IncomingMessage.<anonymous> (file:///C:/Users/NAKULSHARMA/Downloads/developmentsync-main/frontend/node_modules/vite/dist/node/chunks/config.js:21705:6)
    at IncomingMessage.emit (node:events:521:24)
[2m4:14:48 pm[22m [31m[1m[vite][22m[39m [31mws proxy error:[39m
Error: write ECONNABORTED
    at afterWriteDispatched (node:internal/stream_base_commons:159:15)
    at writeGeneric (node:internal/stream_base_commons:150:3)
    at Socket._writeGeneric (node:net:1025:11)
    at Socket._write (node:net:1037:8)
    at writeOrBuffer (node:internal/streams/writable:570:12)
    at _write (node:internal/streams/writable:499:10)
    at Writable.write (node:internal/streams/writable:508:10)
    at writeChunk (file:///C:/Users/NAKULSHARMA/Downloads/developmentsync-main/frontend/node_modules/vite/dist/node/chunks/config.js:21693:13)
    at IncomingMessage.<anonymous> (file:///C:/Users/NAKULSHARMA/Downloads/developmentsync-main/frontend/node_modules/vite/dist/node/chunks/config.js:21702:6)
    at IncomingMessage.emit (node:events:509:28)
[2m4:14:48 pm[22m [31m[1m[vite][22m[39m [31mws proxy socket error:[39m
Error: write ECONNABORTED
    at afterWriteDispatched (node:internal/stream_base_commons:159:15)
    at writeGeneric (node:internal/stream_base_commons:150:3)
    at Socket._writeGeneric (node:net:1025:11)
    at Socket._write (node:net:1037:8)
    at writeOrBuffer (node:internal/streams/writable:570:12)
    at _write (node:internal/streams/writable:499:10)
    at Writable.write (node:internal/streams/writable:508:10)
    at writeChunk (file:///C:/Users/NAKULSHARMA/Downloads/developmentsync-main/frontend/node_modules/vite/dist/node/chunks/config.js:21693:13)
    at IncomingMessage.<anonymous> (file:///C:/Users/NAKULSHARMA/Downloads/developmentsync-main/frontend/node_modules/vite/dist/node/chunks/config.js:21702:6)
    at IncomingMessage.emit (node:events:509:28)
[2m4:14:53 pm[22m [31m[1m[vite][22m[39m [31mws proxy error:[39m
Error: write ECONNABORTED
    at afterWriteDispatched (node:internal/stream_base_commons:159:15)
    at writeGeneric (node:internal/stream_base_commons:150:3)
    at Socket._writeGeneric (node:net:1025:11)
    at Socket._write (node:net:1037:8)
    at writeOrBuffer (node:internal/streams/writable:570:12)
    at _write (node:internal/streams/writable:499:10)
    at Writable.write (node:internal/streams/writable:508:10)
    at writeChunk (file:///C:/Users/NAKULSHARMA/Downloads/developmentsync-main/frontend/node_modules/vite/dist/node/chunks/config.js:21692:13)
    at IncomingMessage.<anonymous> (file:///C:/Users/NAKULSHARMA/Downloads/developmentsync-main/frontend/node_modules/vite/dist/node/chunks/config.js:21705:6)
    at IncomingMessage.emit (node:events:521:24)
[2m4:14:53 pm[22m [31m[1m[vite][22m[39m [31mws proxy socket error:[39m
Error: write ECONNABORTED
    at afterWriteDispatched (node:internal/stream_base_commons:159:15)
    at writeGeneric (node:internal/stream_base_commons:150:3)
    at Socket._writeGeneric (node:net:1025:11)
    at Socket._write (node:net:1037:8)
    at writeOrBuffer (node:internal/streams/writable:570:12)
    at _write (node:internal/streams/writable:499:10)
    at Writable.write (node:internal/streams/writable:508:10)
    at writeChunk (file:///C:/Users/NAKULSHARMA/Downloads/developmentsync-main/frontend/node_modules/vite/dist/node/chunks/config.js:21692:13)
    at IncomingMessage.<anonymous> (file:///C:/Users/NAKULSHARMA/Downloads/developmentsync-main/frontend/node_modules/vite/dist/node/chunks/config.js:21705:6)
    at IncomingMessage.emit (node:events:521:24)
[2m4:14:56 pm[22m [31m[1m[vite][22m[39m [31mws proxy error:[39m
Error: write ECONNABORTED
    at afterWriteDispatched (node:internal/stream_base_commons:159:15)
    at writeGeneric (node:internal/stream_base_commons:150:3)
    at Socket._writeGeneric (node:net:1025:11)
    at Socket._write (node:net:1037:8)
    at writeOrBuffer (node:internal/streams/writable:570:12)
    at _write (node:internal/streams/writable:499:10)
    at Writable.write (node:internal/streams/writable:508:10)
    at writeChunk (file:///C:/Users/NAKULSHARMA/Downloads/developmentsync-main/frontend/node_modules/vite/dist/node/chunks/config.js:21692:13)
    at IncomingMessage.<anonymous> (file:///C:/Users/NAKULSHARMA/Downloads/developmentsync-main/frontend/node_modules/vite/dist/node/chunks/config.js:21705:6)
    at IncomingMessage.emit (node:events:521:24)
[2m4:14:56 pm[22m [31m[1m[vite][22m[39m [31mws proxy socket error:[39m
Error: write ECONNABORTED
    at afterWriteDispatched (node:internal/stream_base_commons:159:15)
    at writeGeneric (node:internal/stream_base_commons:150:3)
    at Socket._writeGeneric (node:net:1025:11)
    at Socket._write (node:net:1037:8)
    at writeOrBuffer (node:internal/streams/writable:570:12)
    at _write (node:internal/streams/writable:499:10)
    at Writable.write (node:internal/streams/writable:508:10)
    at writeChunk (file:///C:/Users/NAKULSHARMA/Downloads/developmentsync-main/frontend/node_modules/vite/dist/node/chunks/config.js:21692:13)
    at IncomingMessage.<anonymous> (file:///C:/Users/NAKULSHARMA/Downloads/developmentsync-main/frontend/node_modules/vite/dist/node/chunks/config.js:21705:6)
    at IncomingMessage.emit (node:events:521:24)
[2m4:15:00 pm[22m [31m[1m[vite][22m[39m [31mws proxy error:[39m
Error: write ECONNABORTED
    at afterWriteDispatched (node:internal/stream_base_commons:159:15)
    at writeGeneric (node:internal/stream_base_commons:150:3)
    at Socket._writeGeneric (node:net:1025:11)
    at Socket._write (node:net:1037:8)
    at writeOrBuffer (node:internal/streams/writable:570:12)
    at _write (node:internal/streams/writable:499:10)
    at Writable.write (node:internal/streams/writable:508:10)
    at writeChunk (file:///C:/Users/NAKULSHARMA/Downloads/developmentsync-main/frontend/node_modules/vite/dist/node/chunks/config.js:21692:13)
    at IncomingMessage.<anonymous> (file:///C:/Users/NAKULSHARMA/Downloads/developmentsync-main/frontend/node_modules/vite/dist/node/chunks/config.js:21705:6)
    at IncomingMessage.emit (node:events:521:24)
[2m4:15:00 pm[22m [31m[1m[vite][22m[39m [31mws proxy socket error:[39m
Error: write ECONNABORTED
    at afterWriteDispatched (node:internal/stream_base_commons:159:15)
    at writeGeneric (node:internal/stream_base_commons:150:3)
    at Socket._writeGeneric (node:net:1025:11)
    at Socket._write (node:net:1037:8)
    at writeOrBuffer (node:internal/streams/writable:570:12)
    at _write (node:internal/streams/writable:499:10)
    at Writable.write (node:internal/streams/writable:508:10)
    at writeChunk (file:///C:/Users/NAKULSHARMA/Downloads/developmentsync-main/frontend/node_modules/vite/dist/node/chunks/config.js:21692:13)
    at IncomingMessage.<anonymous> (file:///C:/Users/NAKULSHARMA/Downloads/developmentsync-main/frontend/node_modules/vite/dist/node/chunks/config.js:21705:6)
    at IncomingMessage.emit (node:events:521:24)
[2m4:15:06 pm[22m [31m[1m[vite][22m[39m [31mws proxy error:[39m
Error: write ECONNABORTED
    at afterWriteDispatched (node:internal/stream_base_commons:159:15)
    at writeGeneric (node:internal/stream_base_commons:150:3)
    at Socket._writeGeneric (node:net:1025:11)
    at Socket._write (node:net:1037:8)
    at writeOrBuffer (node:internal/streams/writable:570:12)
    at _write (node:internal/streams/writable:499:10)
    at Writable.write (node:internal/streams/writable:508:10)
    at writeChunk (file:///C:/Users/NAKULSHARMA/Downloads/developmentsync-main/frontend/node_modules/vite/dist/node/chunks/config.js:21692:13)
    at IncomingMessage.<anonymous> (file:///C:/Users/NAKULSHARMA/Downloads/developmentsync-main/frontend/node_modules/vite/dist/node/chunks/config.js:21705:6)
    at IncomingMessage.emit (node:events:521:24)
[2m4:15:06 pm[22m [31m[1m[vite][22m[39m [31mws proxy socket error:[39m
Error: write ECONNABORTED
    at afterWriteDispatched (node:internal/stream_base_commons:159:15)
    at writeGeneric (node:internal/stream_base_commons:150:3)
    at Socket._writeGeneric (node:net:1025:11)
    at Socket._write (node:net:1037:8)
    at writeOrBuffer (node:internal/streams/writable:570:12)
    at _write (node:internal/streams/writable:499:10)
    at Writable.write (node:internal/streams/writable:508:10)
    at writeChunk (file:///C:/Users/NAKULSHARMA/Downloads/developmentsync-main/frontend/node_modules/vite/dist/node/chunks/config.js:21692:13)
    at IncomingMessage.<anonymous> (file:///C:/Users/NAKULSHARMA/Downloads/developmentsync-main/frontend/node_modules/vite/dist/node/chunks/config.js:21705:6)
    at IncomingMessage.emit (node:events:521:24)
[2m4:15:12 pm[22m [31m[1m[vite][22m[39m [31mws proxy error:[39m
Error: write ECONNABORTED
    at afterWriteDispatched (node:internal/stream_base_commons:159:15)
    at writeGeneric (node:internal/stream_base_commons:150:3)
    at Socket._writeGeneric (node:net:1025:11)
    at Socket._write (node:net:1037:8)
    at writeOrBuffer (node:internal/streams/writable:570:12)
    at _write (node:internal/streams/writable:499:10)
    at Writable.write (node:internal/streams/writable:508:10)
    at writeChunk (file:///C:/Users/NAKULSHARMA/Downloads/developmentsync-main/frontend/node_modules/vite/dist/node/chunks/config.js:21695:13)
    at IncomingMessage.<anonymous> (file:///C:/Users/NAKULSHARMA/Downloads/developmentsync-main/frontend/node_modules/vite/dist/node/chunks/config.js:21702:6)
    at IncomingMessage.emit (node:events:509:28)
[2m4:15:12 pm[22m [31m[1m[vite][22m[39m [31mws proxy socket error:[39m
Error: write ECONNABORTED
    at afterWriteDispatched (node:internal/stream_base_commons:159:15)
    at writeGeneric (node:internal/stream_base_commons:150:3)
    at Socket._writeGeneric (node:net:1025:11)
    at Socket._write (node:net:1037:8)
    at writeOrBuffer (node:internal/streams/writable:570:12)
    at _write (node:internal/streams/writable:499:10)
    at Writable.write (node:internal/streams/writable:508:10)
    at writeChunk (file:///C:/Users/NAKULSHARMA/Downloads/developmentsync-main/frontend/node_modules/vite/dist/node/chunks/config.js:21695:13)
    at IncomingMessage.<anonymous> (file:///C:/Users/NAKULSHARMA/Downloads/developmentsync-main/frontend/node_modules/vite/dist/node/chunks/config.js:21702:6)
    at IncomingMessage.emit (node:events:509:28)
[2m4:15:18 pm[22m [31m[1m[vite][22m[39m [31mws proxy error:[39m
Error: write ECONNABORTED
    at afterWriteDispatched (node:internal/stream_base_commons:159:15)
    at writeGeneric (node:internal/stream_base_commons:150:3)
    at Socket._writeGeneric (node:net:1025:11)
    at Socket._write (node:net:1037:8)
    at writeOrBuffer (node:internal/streams/writable:570:12)
    at _write (node:internal/streams/writable:499:10)
    at Writable.write (node:internal/streams/writable:508:10)
    at writeChunk (file:///C:/Users/NAKULSHARMA/Downloads/developmentsync-main/frontend/node_modules/vite/dist/node/chunks/config.js:21692:13)
    at IncomingMessage.<anonymous> (file:///C:/Users/NAKULSHARMA/Downloads/developmentsync-main/frontend/node_modules/vite/dist/node/chunks/config.js:21705:6)
    at IncomingMessage.emit (node:events:521:24)
[2m4:15:18 pm[22m [31m[1m[vite][22m[39m [31mws proxy socket error:[39m
Error: write ECONNABORTED
    at afterWriteDispatched (node:internal/stream_base_commons:159:15)
    at writeGeneric (node:internal/stream_base_commons:150:3)
    at Socket._writeGeneric (node:net:1025:11)
    at Socket._write (node:net:1037:8)
    at writeOrBuffer (node:internal/streams/writable:570:12)
    at _write (node:internal/streams/writable:499:10)
    at Writable.write (node:internal/streams/writable:508:10)
    at writeChunk (file:///C:/Users/NAKULSHARMA/Downloads/developmentsync-main/frontend/node_modules/vite/dist/node/chunks/config.js:21692:13)
    at IncomingMessage.<anonymous> (file:///C:/Users/NAKULSHARMA/Downloads/developmentsync-main/frontend/node_modules/vite/dist/node/chunks/config.js:21705:6)
    at IncomingMessage.emit (node:events:521:24)
[2m4:15:23 pm[22m [31m[1m[vite][22m[39m [31mws proxy error:[39m
Error: write ECONNABORTED
    at afterWriteDispatched (node:internal/stream_base_commons:159:15)
    at writeGeneric (node:internal/stream_base_commons:150:3)
    at Socket._writeGeneric (node:net:1025:11)
    at Socket._write (node:net:1037:8)
    at writeOrBuffer (node:internal/streams/writable:570:12)
    at _write (node:internal/streams/writable:499:10)
    at Writable.write (node:internal/streams/writable:508:10)
    at writeChunk (file:///C:/Users/NAKULSHARMA/Downloads/developmentsync-main/frontend/node_modules/vite/dist/node/chunks/config.js:21695:13)
    at IncomingMessage.<anonymous> (file:///C:/Users/NAKULSHARMA/Downloads/developmentsync-main/frontend/node_modules/vite/dist/node/chunks/config.js:21702:6)
    at IncomingMessage.emit (node:events:509:28)
[2m4:15:23 pm[22m [31m[1m[vite][22m[39m [31mws proxy socket error:[39m
Error: write ECONNABORTED
    at afterWriteDispatched (node:internal/stream_base_commons:159:15)
    at writeGeneric (node:internal/stream_base_commons:150:3)
    at Socket._writeGeneric (node:net:1025:11)
    at Socket._write (node:net:1037:8)
    at writeOrBuffer (node:internal/streams/writable:570:12)
    at _write (node:internal/streams/writable:499:10)
    at Writable.write (node:internal/streams/writable:508:10)
    at writeChunk (file:///C:/Users/NAKULSHARMA/Downloads/developmentsync-main/frontend/node_modules/vite/dist/node/chunks/config.js:21695:13)
    at IncomingMessage.<anonymous> (file:///C:/Users/NAKULSHARMA/Downloads/developmentsync-main/frontend/node_modules/vite/dist/node/chunks/config.js:21702:6)
    at IncomingMessage.emit (node:events:509:28)
[2m4:15:27 pm[22m [31m[1m[vite][22m[39m [31mws proxy error:[39m
Error: write ECONNABORTED
    at afterWriteDispatched (node:internal/stream_base_commons:159:15)
    at writeGeneric (node:internal/stream_base_commons:150:3)
    at Socket._writeGeneric (node:net:1025:11)
    at Socket._write (node:net:1037:8)
    at writeOrBuffer (node:internal/streams/writable:570:12)
    at _write (node:internal/streams/writable:499:10)
    at Writable.write (node:internal/streams/writable:508:10)
    at writeChunk (file:///C:/Users/NAKULSHARMA/Downloads/developmentsync-main/frontend/node_modules/vite/dist/node/chunks/config.js:21695:13)
    at IncomingMessage.<anonymous> (file:///C:/Users/NAKULSHARMA/Downloads/developmentsync-main/frontend/node_modules/vite/dist/node/chunks/config.js:21702:6)
    at IncomingMessage.emit (node:events:509:28)
[2m4:15:27 pm[22m [31m[1m[vite][22m[39m [31mws proxy socket error:[39m
Error: write ECONNABORTED
    at afterWriteDispatched (node:internal/stream_base_commons:159:15)
    at writeGeneric (node:internal/stream_base_commons:150:3)
    at Socket._writeGeneric (node:net:1025:11)
    at Socket._write (node:net:1037:8)
    at writeOrBuffer (node:internal/streams/writable:570:12)
    at _write (node:internal/streams/writable:499:10)
    at Writable.write (node:internal/streams/writable:508:10)
    at writeChunk (file:///C:/Users/NAKULSHARMA/Downloads/developmentsync-main/frontend/node_modules/vite/dist/node/chunks/config.js:21695:13)
    at IncomingMessage.<anonymous> (file:///C:/Users/NAKULSHARMA/Downloads/developmentsync-main/frontend/node_modules/vite/dist/node/chunks/config.js:21702:6)
    at IncomingMessage.emit (node:events:509:28)
[2m4:15:32 pm[22m [31m[1m[vite][22m[39m [31mws proxy error:[39m
Error: write ECONNABORTED
    at afterWriteDispatched (node:internal/stream_base_commons:159:15)
    at writeGeneric (node:internal/stream_base_commons:150:3)
    at Socket._writeGeneric (node:net:1025:11)
    at Socket._write (node:net:1037:8)
    at writeOrBuffer (node:internal/streams/writable:570:12)
    at _write (node:internal/streams/writable:499:10)
    at Writable.write (node:internal/streams/writable:508:10)
    at writeChunk (file:///C:/Users/NAKULSHARMA/Downloads/developmentsync-main/frontend/node_modules/vite/dist/node/chunks/config.js:21692:13)
    at IncomingMessage.<anonymous> (file:///C:/Users/NAKULSHARMA/Downloads/developmentsync-main/frontend/node_modules/vite/dist/node/chunks/config.js:21705:6)
    at IncomingMessage.emit (node:events:521:24)
[2m4:15:32 pm[22m [31m[1m[vite][22m[39m [31mws proxy socket error:[39m
Error: write ECONNABORTED
    at afterWriteDispatched (node:internal/stream_base_commons:159:15)
    at writeGeneric (node:internal/stream_base_commons:150:3)
    at Socket._writeGeneric (node:net:1025:11)
    at Socket._write (node:net:1037:8)
    at writeOrBuffer (node:internal/streams/writable:570:12)
    at _write (node:internal/streams/writable:499:10)
    at Writable.write (node:internal/streams/writable:508:10)
    at writeChunk (file:///C:/Users/NAKULSHARMA/Downloads/developmentsync-main/frontend/node_modules/vite/dist/node/chunks/config.js:21692:13)
    at IncomingMessage.<anonymous> (file:///C:/Users/NAKULSHARMA/Downloads/developmentsync-main/frontend/node_modules/vite/dist/node/chunks/config.js:21705:6)
    at IncomingMessage.emit (node:events:521:24)
[2m4:15:39 pm[22m [31m[1m[vite][22m[39m [31mws proxy error:[39m
Error: write ECONNABORTED
    at afterWriteDispatched (node:internal/stream_base_commons:159:15)
    at writeGeneric (node:internal/stream_base_commons:150:3)
    at Socket._writeGeneric (node:net:1025:11)
    at Socket._write (node:net:1037:8)
    at writeOrBuffer (node:internal/streams/writable:570:12)
    at _write (node:internal/streams/writable:499:10)
    at Writable.write (node:internal/streams/writable:508:10)
    at writeChunk (file:///C:/Users/NAKULSHARMA/Downloads/developmentsync-main/frontend/node_modules/vite/dist/node/chunks/config.js:21692:13)
    at IncomingMessage.<anonymous> (file:///C:/Users/NAKULSHARMA/Downloads/developmentsync-main/frontend/node_modules/vite/dist/node/chunks/config.js:21705:6)
    at IncomingMessage.emit (node:events:521:24)
[2m4:15:39 pm[22m [31m[1m[vite][22m[39m [31mws proxy socket error:[39m
Error: write ECONNABORTED
    at afterWriteDispatched (node:internal/stream_base_commons:159:15)
    at writeGeneric (node:internal/stream_base_commons:150:3)
    at Socket._writeGeneric (node:net:1025:11)
    at Socket._write (node:net:1037:8)
    at writeOrBuffer (node:internal/streams/writable:570:12)
    at _write (node:internal/streams/writable:499:10)
    at Writable.write (node:internal/streams/writable:508:10)
    at writeChunk (file:///C:/Users/NAKULSHARMA/Downloads/developmentsync-main/frontend/node_modules/vite/dist/node/chunks/config.js:21692:13)
    at IncomingMessage.<anonymous> (file:///C:/Users/NAKULSHARMA/Downloads/developmentsync-main/frontend/node_modules/vite/dist/node/chunks/config.js:21705:6)
    at IncomingMessage.emit (node:events:521:24)
[2m4:15:45 pm[22m [31m[1m[vite][22m[39m [31mws proxy error:[39m
Error: write ECONNABORTED
    at afterWriteDispatched (node:internal/stream_base_commons:159:15)
    at writeGeneric (node:internal/stream_base_commons:150:3)
    at Socket._writeGeneric (node:net:1025:11)
    at Socket._write (node:net:1037:8)
    at writeOrBuffer (node:internal/streams/writable:570:12)
    at _write (node:internal/streams/writable:499:10)
    at Writable.write (node:internal/streams/writable:508:10)
    at writeChunk (file:///C:/Users/NAKULSHARMA/Downloads/developmentsync-main/frontend/node_modules/vite/dist/node/chunks/config.js:21692:13)
    at IncomingMessage.<anonymous> (file:///C:/Users/NAKULSHARMA/Downloads/developmentsync-main/frontend/node_modules/vite/dist/node/chunks/config.js:21705:6)
    at IncomingMessage.emit (node:events:521:24)
[2m4:15:45 pm[22m [31m[1m[vite][22m[39m [31mws proxy socket error:[39m
Error: write ECONNABORTED
    at afterWriteDispatched (node:internal/stream_base_commons:159:15)
    at writeGeneric (node:internal/stream_base_commons:150:3)
    at Socket._writeGeneric (node:net:1025:11)
    at Socket._write (node:net:1037:8)
    at writeOrBuffer (node:internal/streams/writable:570:12)
    at _write (node:internal/streams/writable:499:10)
    at Writable.write (node:internal/streams/writable:508:10)
    at writeChunk (file:///C:/Users/NAKULSHARMA/Downloads/developmentsync-main/frontend/node_modules/vite/dist/node/chunks/config.js:21692:13)
    at IncomingMessage.<anonymous> (file:///C:/Users/NAKULSHARMA/Downloads/developmentsync-main/frontend/node_modules/vite/dist/node/chunks/config.js:21705:6)
    at IncomingMessage.emit (node:events:521:24)
[2m4:15:48 pm[22m [31m[1m[vite][22m[39m [31mws proxy error:[39m
Error: write ECONNABORTED
    at afterWriteDispatched (node:internal/stream_base_commons:159:15)
    at writeGeneric (node:internal/stream_base_commons:150:3)
    at Socket._writeGeneric (node:net:1025:11)
    at Socket._write (node:net:1037:8)
    at writeOrBuffer (node:internal/streams/writable:570:12)
    at _write (node:internal/streams/writable:499:10)
    at Writable.write (node:internal/streams/writable:508:10)
    at writeChunk (file:///C:/Users/NAKULSHARMA/Downloads/developmentsync-main/frontend/node_modules/vite/dist/node/chunks/config.js:21692:13)
    at IncomingMessage.<anonymous> (file:///C:/Users/NAKULSHARMA/Downloads/developmentsync-main/frontend/node_modules/vite/dist/node/chunks/config.js:21705:6)
    at IncomingMessage.emit (node:events:521:24)
[2m4:15:48 pm[22m [31m[1m[vite][22m[39m [31mws proxy socket error:[39m
Error: write ECONNABORTED
    at afterWriteDispatched (node:internal/stream_base_commons:159:15)
    at writeGeneric (node:internal/stream_base_commons:150:3)
    at Socket._writeGeneric (node:net:1025:11)
    at Socket._write (node:net:1037:8)
    at writeOrBuffer (node:internal/streams/writable:570:12)
    at _write (node:internal/streams/writable:499:10)
    at Writable.write (node:internal/streams/writable:508:10)
    at writeChunk (file:///C:/Users/NAKULSHARMA/Downloads/developmentsync-main/frontend/node_modules/vite/dist/node/chunks/config.js:21692:13)
    at IncomingMessage.<anonymous> (file:///C:/Users/NAKULSHARMA/Downloads/developmentsync-main/frontend/node_modules/vite/dist/node/chunks/config.js:21705:6)
    at IncomingMessage.emit (node:events:521:24)
[2m4:15:55 pm[22m [31m[1m[vite][22m[39m [31mws proxy error:[39m
Error: write ECONNABORTED
    at afterWriteDispatched (node:internal/stream_base_commons:159:15)
    at writeGeneric (node:internal/stream_base_commons:150:3)
    at Socket._writeGeneric (node:net:1025:11)
    at Socket._write (node:net:1037:8)
    at writeOrBuffer (node:internal/streams/writable:570:12)
    at _write (node:internal/streams/writable:499:10)
    at Writable.write (node:internal/streams/writable:508:10)
    at writeChunk (file:///C:/Users/NAKULSHARMA/Downloads/developmentsync-main/frontend/node_modules/vite/dist/node/chunks/config.js:21692:13)
    at IncomingMessage.<anonymous> (file:///C:/Users/NAKULSHARMA/Downloads/developmentsync-main/frontend/node_modules/vite/dist/node/chunks/config.js:21705:6)
    at IncomingMessage.emit (node:events:521:24)
[2m4:15:55 pm[22m [31m[1m[vite][22m[39m [31mws proxy socket error:[39m
Error: write ECONNABORTED
    at afterWriteDispatched (node:internal/stream_base_commons:159:15)
    at writeGeneric (node:internal/stream_base_commons:150:3)
    at Socket._writeGeneric (node:net:1025:11)
    at Socket._write (node:net:1037:8)
    at writeOrBuffer (node:internal/streams/writable:570:12)
    at _write (node:internal/streams/writable:499:10)
    at Writable.write (node:internal/streams/writable:508:10)
    at writeChunk (file:///C:/Users/NAKULSHARMA/Downloads/developmentsync-main/frontend/node_modules/vite/dist/node/chunks/config.js:21692:13)
    at IncomingMessage.<anonymous> (file:///C:/Users/NAKULSHARMA/Downloads/developmentsync-main/frontend/node_modules/vite/dist/node/chunks/config.js:21705:6)
    at IncomingMessage.emit (node:events:521:24)
[2m4:16:01 pm[22m [31m[1m[vite][22m[39m [31mws proxy error:[39m
Error: write ECONNABORTED
    at afterWriteDispatched (node:internal/stream_base_commons:159:15)
    at writeGeneric (node:internal/stream_base_commons:150:3)
    at Socket._writeGeneric (node:net:1025:11)
    at Socket._write (node:net:1037:8)
    at writeOrBuffer (node:internal/streams/writable:570:12)
    at _write (node:internal/streams/writable:499:10)
    at Writable.write (node:internal/streams/writable:508:10)
    at writeChunk (file:///C:/Users/NAKULSHARMA/Downloads/developmentsync-main/frontend/node_modules/vite/dist/node/chunks/config.js:21692:13)
    at IncomingMessage.<anonymous> (file:///C:/Users/NAKULSHARMA/Downloads/developmentsync-main/frontend/node_modules/vite/dist/node/chunks/config.js:21705:6)
    at IncomingMessage.emit (node:events:521:24)
[2m4:16:01 pm[22m [31m[1m[vite][22m[39m [31mws proxy socket error:[39m
Error: write ECONNABORTED
    at afterWriteDispatched (node:internal/stream_base_commons:159:15)
    at writeGeneric (node:internal/stream_base_commons:150:3)
    at Socket._writeGeneric (node:net:1025:11)
    at Socket._write (node:net:1037:8)
    at writeOrBuffer (node:internal/streams/writable:570:12)
    at _write (node:internal/streams/writable:499:10)
    at Writable.write (node:internal/streams/writable:508:10)
    at writeChunk (file:///C:/Users/NAKULSHARMA/Downloads/developmentsync-main/frontend/node_modules/vite/dist/node/chunks/config.js:21692:13)
    at IncomingMessage.<anonymous> (file:///C:/Users/NAKULSHARMA/Downloads/developmentsync-main/frontend/node_modules/vite/dist/node/chunks/config.js:21705:6)
    at IncomingMessage.emit (node:events:521:24)
[2m4:16:06 pm[22m [31m[1m[vite][22m[39m [31mws proxy error:[39m
Error: write ECONNABORTED
    at afterWriteDispatched (node:internal/stream_base_commons:159:15)
    at writeGeneric (node:internal/stream_base_commons:150:3)
    at Socket._writeGeneric (node:net:1025:11)
    at Socket._write (node:net:1037:8)
    at writeOrBuffer (node:internal/streams/writable:570:12)
    at _write (node:internal/streams/writable:499:10)
    at Writable.write (node:internal/streams/writable:508:10)
    at writeChunk (file:///C:/Users/NAKULSHARMA/Downloads/developmentsync-main/frontend/node_modules/vite/dist/node/chunks/config.js:21695:13)
    at IncomingMessage.<anonymous> (file:///C:/Users/NAKULSHARMA/Downloads/developmentsync-main/frontend/node_modules/vite/dist/node/chunks/config.js:21702:6)
    at IncomingMessage.emit (node:events:509:28)
[2m4:16:06 pm[22m [31m[1m[vite][22m[39m [31mws proxy socket error:[39m
Error: write ECONNABORTED
    at afterWriteDispatched (node:internal/stream_base_commons:159:15)
    at writeGeneric (node:internal/stream_base_commons:150:3)
    at Socket._writeGeneric (node:net:1025:11)
    at Socket._write (node:net:1037:8)
    at writeOrBuffer (node:internal/streams/writable:570:12)
    at _write (node:internal/streams/writable:499:10)
    at Writable.write (node:internal/streams/writable:508:10)
    at writeChunk (file:///C:/Users/NAKULSHARMA/Downloads/developmentsync-main/frontend/node_modules/vite/dist/node/chunks/config.js:21695:13)
    at IncomingMessage.<anonymous> (file:///C:/Users/NAKULSHARMA/Downloads/developmentsync-main/frontend/node_modules/vite/dist/node/chunks/config.js:21702:6)
    at IncomingMessage.emit (node:events:509:28)
[2m4:16:12 pm[22m [31m[1m[vite][22m[39m [31mws proxy error:[39m
Error: write ECONNABORTED
    at afterWriteDispatched (node:internal/stream_base_commons:159:15)
    at writeGeneric (node:internal/stream_base_commons:150:3)
    at Socket._writeGeneric (node:net:1025:11)
    at Socket._write (node:net:1037:8)
    at writeOrBuffer (node:internal/streams/writable:570:12)
    at _write (node:internal/streams/writable:499:10)
    at Writable.write (node:internal/streams/writable:508:10)
    at writeChunk (file:///C:/Users/NAKULSHARMA/Downloads/developmentsync-main/frontend/node_modules/vite/dist/node/chunks/config.js:21692:13)
    at IncomingMessage.<anonymous> (file:///C:/Users/NAKULSHARMA/Downloads/developmentsync-main/frontend/node_modules/vite/dist/node/chunks/config.js:21705:6)
    at IncomingMessage.emit (node:events:521:24)
[2m4:16:12 pm[22m [31m[1m[vite][22m[39m [31mws proxy socket error:[39m
Error: write ECONNABORTED
    at afterWriteDispatched (node:internal/stream_base_commons:159:15)
    at writeGeneric (node:internal/stream_base_commons:150:3)
    at Socket._writeGeneric (node:net:1025:11)
    at Socket._write (node:net:1037:8)
    at writeOrBuffer (node:internal/streams/writable:570:12)
    at _write (node:internal/streams/writable:499:10)
    at Writable.write (node:internal/streams/writable:508:10)
    at writeChunk (file:///C:/Users/NAKULSHARMA/Downloads/developmentsync-main/frontend/node_modules/vite/dist/node/chunks/config.js:21692:13)
    at IncomingMessage.<anonymous> (file:///C:/Users/NAKULSHARMA/Downloads/developmentsync-main/frontend/node_modules/vite/dist/node/chunks/config.js:21705:6)
    at IncomingMessage.emit (node:events:521:24)
[2m4:16:17 pm[22m [31m[1m[vite][22m[39m [31mws proxy error:[39m
Error: write ECONNABORTED
    at afterWriteDispatched (node:internal/stream_base_commons:159:15)
    at writeGeneric (node:internal/stream_base_commons:150:3)
    at Socket._writeGeneric (node:net:1025:11)
    at Socket._write (node:net:1037:8)
    at writeOrBuffer (node:internal/streams/writable:570:12)
    at _write (node:internal/streams/writable:499:10)
    at Writable.write (node:internal/streams/writable:508:10)
    at writeChunk (file:///C:/Users/NAKULSHARMA/Downloads/developmentsync-main/frontend/node_modules/vite/dist/node/chunks/config.js:21692:13)
    at IncomingMessage.<anonymous> (file:///C:/Users/NAKULSHARMA/Downloads/developmentsync-main/frontend/node_modules/vite/dist/node/chunks/config.js:21705:6)
    at IncomingMessage.emit (node:events:521:24)
[2m4:16:17 pm[22m [31m[1m[vite][22m[39m [31mws proxy socket error:[39m
Error: write ECONNABORTED
    at afterWriteDispatched (node:internal/stream_base_commons:159:15)
    at writeGeneric (node:internal/stream_base_commons:150:3)
    at Socket._writeGeneric (node:net:1025:11)
    at Socket._write (node:net:1037:8)
    at writeOrBuffer (node:internal/streams/writable:570:12)
    at _write (node:internal/streams/writable:499:10)
    at Writable.write (node:internal/streams/writable:508:10)
    at writeChunk (file:///C:/Users/NAKULSHARMA/Downloads/developmentsync-main/frontend/node_modules/vite/dist/node/chunks/config.js:21692:13)
    at IncomingMessage.<anonymous> (file:///C:/Users/NAKULSHARMA/Downloads/developmentsync-main/frontend/node_modules/vite/dist/node/chunks/config.js:21705:6)
    at IncomingMessage.emit (node:events:521:24)
[2m4:16:22 pm[22m [31m[1m[vite][22m[39m [31mws proxy error:[39m
Error: write ECONNABORTED
    at afterWriteDispatched (node:internal/stream_base_commons:159:15)
    at writeGeneric (node:internal/stream_base_commons:150:3)
    at Socket._writeGeneric (node:net:1025:11)
    at Socket._write (node:net:1037:8)
    at writeOrBuffer (node:internal/streams/writable:570:12)
    at _write (node:internal/streams/writable:499:10)
    at Writable.write (node:internal/streams/writable:508:10)
    at writeChunk (file:///C:/Users/NAKULSHARMA/Downloads/developmentsync-main/frontend/node_modules/vite/dist/node/chunks/config.js:21694:13)
    at IncomingMessage.<anonymous> (file:///C:/Users/NAKULSHARMA/Downloads/developmentsync-main/frontend/node_modules/vite/dist/node/chunks/config.js:21702:6)
    at IncomingMessage.emit (node:events:509:28)
[2m4:16:22 pm[22m [31m[1m[vite][22m[39m [31mws proxy socket error:[39m
Error: write ECONNABORTED
    at afterWriteDispatched (node:internal/stream_base_commons:159:15)
    at writeGeneric (node:internal/stream_base_commons:150:3)
    at Socket._writeGeneric (node:net:1025:11)
    at Socket._write (node:net:1037:8)
    at writeOrBuffer (node:internal/streams/writable:570:12)
    at _write (node:internal/streams/writable:499:10)
    at Writable.write (node:internal/streams/writable:508:10)
    at writeChunk (file:///C:/Users/NAKULSHARMA/Downloads/developmentsync-main/frontend/node_modules/vite/dist/node/chunks/config.js:21694:13)
    at IncomingMessage.<anonymous> (file:///C:/Users/NAKULSHARMA/Downloads/developmentsync-main/frontend/node_modules/vite/dist/node/chunks/config.js:21702:6)
    at IncomingMessage.emit (node:events:509:28)
[2m4:16:27 pm[22m [31m[1m[vite][22m[39m [31mws proxy error:[39m
Error: write ECONNABORTED
    at afterWriteDispatched (node:internal/stream_base_commons:159:15)
    at writeGeneric (node:internal/stream_base_commons:150:3)
    at Socket._writeGeneric (node:net:1025:11)
    at Socket._write (node:net:1037:8)
    at writeOrBuffer (node:internal/streams/writable:570:12)
    at _write (node:internal/streams/writable:499:10)
    at Writable.write (node:internal/streams/writable:508:10)
    at writeChunk (file:///C:/Users/NAKULSHARMA/Downloads/developmentsync-main/frontend/node_modules/vite/dist/node/chunks/config.js:21693:13)
    at IncomingMessage.<anonymous> (file:///C:/Users/NAKULSHARMA/Downloads/developmentsync-main/frontend/node_modules/vite/dist/node/chunks/config.js:21702:6)
    at IncomingMessage.emit (node:events:509:28)
[2m4:16:27 pm[22m [31m[1m[vite][22m[39m [31mws proxy socket error:[39m
Error: write ECONNABORTED
    at afterWriteDispatched (node:internal/stream_base_commons:159:15)
    at writeGeneric (node:internal/stream_base_commons:150:3)
    at Socket._writeGeneric (node:net:1025:11)
    at Socket._write (node:net:1037:8)
    at writeOrBuffer (node:internal/streams/writable:570:12)
    at _write (node:internal/streams/writable:499:10)
    at Writable.write (node:internal/streams/writable:508:10)
    at writeChunk (file:///C:/Users/NAKULSHARMA/Downloads/developmentsync-main/frontend/node_modules/vite/dist/node/chunks/config.js:21693:13)
    at IncomingMessage.<anonymous> (file:///C:/Users/NAKULSHARMA/Downloads/developmentsync-main/frontend/node_modules/vite/dist/node/chunks/config.js:21702:6)
    at IncomingMessage.emit (node:events:509:28)
[2m4:16:33 pm[22m [31m[1m[vite][22m[39m [31mws proxy error:[39m
Error: write ECONNABORTED
    at afterWriteDispatched (node:internal/stream_base_commons:159:15)
    at writeGeneric (node:internal/stream_base_commons:150:3)
    at Socket._writeGeneric (node:net:1025:11)
    at Socket._write (node:net:1037:8)
    at writeOrBuffer (node:internal/streams/writable:570:12)
    at _write (node:internal/streams/writable:499:10)
    at Writable.write (node:internal/streams/writable:508:10)
    at writeChunk (file:///C:/Users/NAKULSHARMA/Downloads/developmentsync-main/frontend/node_modules/vite/dist/node/chunks/config.js:21692:13)
    at IncomingMessage.<anonymous> (file:///C:/Users/NAKULSHARMA/Downloads/developmentsync-main/frontend/node_modules/vite/dist/node/chunks/config.js:21705:6)
    at IncomingMessage.emit (node:events:521:24)
[2m4:16:33 pm[22m [31m[1m[vite][22m[39m [31mws proxy socket error:[39m
Error: write ECONNABORTED
    at afterWriteDispatched (node:internal/stream_base_commons:159:15)
    at writeGeneric (node:internal/stream_base_commons:150:3)
    at Socket._writeGeneric (node:net:1025:11)
    at Socket._write (node:net:1037:8)
    at writeOrBuffer (node:internal/streams/writable:570:12)
    at _write (node:internal/streams/writable:499:10)
    at Writable.write (node:internal/streams/writable:508:10)
    at writeChunk (file:///C:/Users/NAKULSHARMA/Downloads/developmentsync-main/frontend/node_modules/vite/dist/node/chunks/config.js:21692:13)
    at IncomingMessage.<anonymous> (file:///C:/Users/NAKULSHARMA/Downloads/developmentsync-main/frontend/node_modules/vite/dist/node/chunks/config.js:21705:6)
    at IncomingMessage.emit (node:events:521:24)
[2m4:16:40 pm[22m [31m[1m[vite][22m[39m [31mws proxy error:[39m
Error: write ECONNABORTED
    at afterWriteDispatched (node:internal/stream_base_commons:159:15)
    at writeGeneric (node:internal/stream_base_commons:150:3)
    at Socket._writeGeneric (node:net:1025:11)
    at Socket._write (node:net:1037:8)
    at writeOrBuffer (node:internal/streams/writable:570:12)
    at _write (node:internal/streams/writable:499:10)
    at Writable.write (node:internal/streams/writable:508:10)
    at writeChunk (file:///C:/Users/NAKULSHARMA/Downloads/developmentsync-main/frontend/node_modules/vite/dist/node/chunks/config.js:21692:13)
    at IncomingMessage.<anonymous> (file:///C:/Users/NAKULSHARMA/Downloads/developmentsync-main/frontend/node_modules/vite/dist/node/chunks/config.js:21705:6)
    at IncomingMessage.emit (node:events:521:24)
[2m4:16:40 pm[22m [31m[1m[vite][22m[39m [31mws proxy socket error:[39m
Error: write ECONNABORTED
    at afterWriteDispatched (node:internal/stream_base_commons:159:15)
    at writeGeneric (node:internal/stream_base_commons:150:3)
    at Socket._writeGeneric (node:net:1025:11)
    at Socket._write (node:net:1037:8)
    at writeOrBuffer (node:internal/streams/writable:570:12)
    at _write (node:internal/streams/writable:499:10)
    at Writable.write (node:internal/streams/writable:508:10)
    at writeChunk (file:///C:/Users/NAKULSHARMA/Downloads/developmentsync-main/frontend/node_modules/vite/dist/node/chunks/config.js:21692:13)
    at IncomingMessage.<anonymous> (file:///C:/Users/NAKULSHARMA/Downloads/developmentsync-main/frontend/node_modules/vite/dist/node/chunks/config.js:21705:6)
    at IncomingMessage.emit (node:events:521:24)
[2m4:16:46 pm[22m [31m[1m[vite][22m[39m [31mws proxy error:[39m
Error: write ECONNABORTED
    at afterWriteDispatched (node:internal/stream_base_commons:159:15)
    at writeGeneric (node:internal/stream_base_commons:150:3)
    at Socket._writeGeneric (node:net:1025:11)
    at Socket._write (node:net:1037:8)
    at writeOrBuffer (node:internal/streams/writable:570:12)
    at _write (node:internal/streams/writable:499:10)
    at Writable.write (node:internal/streams/writable:508:10)
    at writeChunk (file:///C:/Users/NAKULSHARMA/Downloads/developmentsync-main/frontend/node_modules/vite/dist/node/chunks/config.js:21692:13)
    at IncomingMessage.<anonymous> (file:///C:/Users/NAKULSHARMA/Downloads/developmentsync-main/frontend/node_modules/vite/dist/node/chunks/config.js:21705:6)
    at IncomingMessage.emit (node:events:521:24)
[2m4:16:46 pm[22m [31m[1m[vite][22m[39m [31mws proxy socket error:[39m
Error: write ECONNABORTED
    at afterWriteDispatched (node:internal/stream_base_commons:159:15)
    at writeGeneric (node:internal/stream_base_commons:150:3)
    at Socket._writeGeneric (node:net:1025:11)
    at Socket._write (node:net:1037:8)
    at writeOrBuffer (node:internal/streams/writable:570:12)
    at _write (node:internal/streams/writable:499:10)
    at Writable.write (node:internal/streams/writable:508:10)
    at writeChunk (file:///C:/Users/NAKULSHARMA/Downloads/developmentsync-main/frontend/node_modules/vite/dist/node/chunks/config.js:21692:13)
    at IncomingMessage.<anonymous> (file:///C:/Users/NAKULSHARMA/Downloads/developmentsync-main/frontend/node_modules/vite/dist/node/chunks/config.js:21705:6)
    at IncomingMessage.emit (node:events:521:24)
[2m4:16:51 pm[22m [31m[1m[vite][22m[39m [31mws proxy error:[39m
Error: write ECONNABORTED
    at afterWriteDispatched (node:internal/stream_base_commons:159:15)
    at writeGeneric (node:internal/stream_base_commons:150:3)
    at Socket._writeGeneric (node:net:1025:11)
    at Socket._write (node:net:1037:8)
    at writeOrBuffer (node:internal/streams/writable:570:12)
    at _write (node:internal/streams/writable:499:10)
    at Writable.write (node:internal/streams/writable:508:10)
    at writeChunk (file:///C:/Users/NAKULSHARMA/Downloads/developmentsync-main/frontend/node_modules/vite/dist/node/chunks/config.js:21694:13)
    at IncomingMessage.<anonymous> (file:///C:/Users/NAKULSHARMA/Downloads/developmentsync-main/frontend/node_modules/vite/dist/node/chunks/config.js:21702:6)
    at IncomingMessage.emit (node:events:509:28)
[2m4:16:51 pm[22m [31m[1m[vite][22m[39m [31mws proxy socket error:[39m
Error: write ECONNABORTED
    at afterWriteDispatched (node:internal/stream_base_commons:159:15)
    at writeGeneric (node:internal/stream_base_commons:150:3)
    at Socket._writeGeneric (node:net:1025:11)
    at Socket._write (node:net:1037:8)
    at writeOrBuffer (node:internal/streams/writable:570:12)
    at _write (node:internal/streams/writable:499:10)
    at Writable.write (node:internal/streams/writable:508:10)
    at writeChunk (file:///C:/Users/NAKULSHARMA/Downloads/developmentsync-main/frontend/node_modules/vite/dist/node/chunks/config.js:21694:13)
    at IncomingMessage.<anonymous> (file:///C:/Users/NAKULSHARMA/Downloads/developmentsync-main/frontend/node_modules/vite/dist/node/chunks/config.js:21702:6)
    at IncomingMessage.emit (node:events:509:28)
[2m4:16:58 pm[22m [31m[1m[vite][22m[39m [31mws proxy error:[39m
Error: write ECONNABORTED
    at afterWriteDispatched (node:internal/stream_base_commons:159:15)
    at writeGeneric (node:internal/stream_base_commons:150:3)
    at Socket._writeGeneric (node:net:1025:11)
    at Socket._write (node:net:1037:8)
    at writeOrBuffer (node:internal/streams/writable:570:12)
    at _write (node:internal/streams/writable:499:10)
    at Writable.write (node:internal/streams/writable:508:10)
    at writeChunk (file:///C:/Users/NAKULSHARMA/Downloads/developmentsync-main/frontend/node_modules/vite/dist/node/chunks/config.js:21693:13)
    at IncomingMessage.<anonymous> (file:///C:/Users/NAKULSHARMA/Downloads/developmentsync-main/frontend/node_modules/vite/dist/node/chunks/config.js:21702:6)
    at IncomingMessage.emit (node:events:509:28)
[2m4:16:58 pm[22m [31m[1m[vite][22m[39m [31mws proxy socket error:[39m
Error: write ECONNABORTED
    at afterWriteDispatched (node:internal/stream_base_commons:159:15)
    at writeGeneric (node:internal/stream_base_commons:150:3)
    at Socket._writeGeneric (node:net:1025:11)
    at Socket._write (node:net:1037:8)
    at writeOrBuffer (node:internal/streams/writable:570:12)
    at _write (node:internal/streams/writable:499:10)
    at Writable.write (node:internal/streams/writable:508:10)
    at writeChunk (file:///C:/Users/NAKULSHARMA/Downloads/developmentsync-main/frontend/node_modules/vite/dist/node/chunks/config.js:21693:13)
    at IncomingMessage.<anonymous> (file:///C:/Users/NAKULSHARMA/Downloads/developmentsync-main/frontend/node_modules/vite/dist/node/chunks/config.js:21702:6)
    at IncomingMessage.emit (node:events:509:28)
[2m4:17:02 pm[22m [31m[1m[vite][22m[39m [31mws proxy error:[39m
Error: write ECONNABORTED
    at afterWriteDispatched (node:internal/stream_base_commons:159:15)
    at writeGeneric (node:internal/stream_base_commons:150:3)
    at Socket._writeGeneric (node:net:1025:11)
    at Socket._write (node:net:1037:8)
    at writeOrBuffer (node:internal/streams/writable:570:12)
    at _write (node:internal/streams/writable:499:10)
    at Writable.write (node:internal/streams/writable:508:10)
    at writeChunk (file:///C:/Users/NAKULSHARMA/Downloads/developmentsync-main/frontend/node_modules/vite/dist/node/chunks/config.js:21692:13)
    at IncomingMessage.<anonymous> (file:///C:/Users/NAKULSHARMA/Downloads/developmentsync-main/frontend/node_modules/vite/dist/node/chunks/config.js:21705:6)
    at IncomingMessage.emit (node:events:521:24)
[2m4:17:02 pm[22m [31m[1m[vite][22m[39m [31mws proxy socket error:[39m
Error: write ECONNABORTED
    at afterWriteDispatched (node:internal/stream_base_commons:159:15)
    at writeGeneric (node:internal/stream_base_commons:150:3)
    at Socket._writeGeneric (node:net:1025:11)
    at Socket._write (node:net:1037:8)
    at writeOrBuffer (node:internal/streams/writable:570:12)
    at _write (node:internal/streams/writable:499:10)
    at Writable.write (node:internal/streams/writable:508:10)
    at writeChunk (file:///C:/Users/NAKULSHARMA/Downloads/developmentsync-main/frontend/node_modules/vite/dist/node/chunks/config.js:21692:13)
    at IncomingMessage.<anonymous> (file:///C:/Users/NAKULSHARMA/Downloads/developmentsync-main/frontend/node_modules/vite/dist/node/chunks/config.js:21705:6)
    at IncomingMessage.emit (node:events:521:24)
[2m4:17:07 pm[22m [31m[1m[vite][22m[39m [31mws proxy error:[39m
Error: write ECONNABORTED
    at afterWriteDispatched (node:internal/stream_base_commons:159:15)
    at writeGeneric (node:internal/stream_base_commons:150:3)
    at Socket._writeGeneric (node:net:1025:11)
    at Socket._write (node:net:1037:8)
    at writeOrBuffer (node:internal/streams/writable:570:12)
    at _write (node:internal/streams/writable:499:10)
    at Writable.write (node:internal/streams/writable:508:10)
    at writeChunk (file:///C:/Users/NAKULSHARMA/Downloads/developmentsync-main/frontend/node_modules/vite/dist/node/chunks/config.js:21694:13)
    at IncomingMessage.<anonymous> (file:///C:/Users/NAKULSHARMA/Downloads/developmentsync-main/frontend/node_modules/vite/dist/node/chunks/config.js:21702:6)
    at IncomingMessage.emit (node:events:509:28)
[2m4:17:07 pm[22m [31m[1m[vite][22m[39m [31mws proxy socket error:[39m
Error: write ECONNABORTED
    at afterWriteDispatched (node:internal/stream_base_commons:159:15)
    at writeGeneric (node:internal/stream_base_commons:150:3)
    at Socket._writeGeneric (node:net:1025:11)
    at Socket._write (node:net:1037:8)
    at writeOrBuffer (node:internal/streams/writable:570:12)
    at _write (node:internal/streams/writable:499:10)
    at Writable.write (node:internal/streams/writable:508:10)
    at writeChunk (file:///C:/Users/NAKULSHARMA/Downloads/developmentsync-main/frontend/node_modules/vite/dist/node/chunks/config.js:21694:13)
    at IncomingMessage.<anonymous> (file:///C:/Users/NAKULSHARMA/Downloads/developmentsync-main/frontend/node_modules/vite/dist/node/chunks/config.js:21702:6)
    at IncomingMessage.emit (node:events:509:28)
[2m4:17:14 pm[22m [31m[1m[vite][22m[39m [31mws proxy error:[39m
Error: write ECONNABORTED
    at afterWriteDispatched (node:internal/stream_base_commons:159:15)
    at writeGeneric (node:internal/stream_base_commons:150:3)
    at Socket._writeGeneric (node:net:1025:11)
    at Socket._write (node:net:1037:8)
    at writeOrBuffer (node:internal/streams/writable:570:12)
    at _write (node:internal/streams/writable:499:10)
    at Writable.write (node:internal/streams/writable:508:10)
    at writeChunk (file:///C:/Users/NAKULSHARMA/Downloads/developmentsync-main/frontend/node_modules/vite/dist/node/chunks/config.js:21692:13)
    at IncomingMessage.<anonymous> (file:///C:/Users/NAKULSHARMA/Downloads/developmentsync-main/frontend/node_modules/vite/dist/node/chunks/config.js:21705:6)
    at IncomingMessage.emit (node:events:521:24)
[2m4:17:14 pm[22m [31m[1m[vite][22m[39m [31mws proxy socket error:[39m
Error: write ECONNABORTED
    at afterWriteDispatched (node:internal/stream_base_commons:159:15)
    at writeGeneric (node:internal/stream_base_commons:150:3)
    at Socket._writeGeneric (node:net:1025:11)
    at Socket._write (node:net:1037:8)
    at writeOrBuffer (node:internal/streams/writable:570:12)
    at _write (node:internal/streams/writable:499:10)
    at Writable.write (node:internal/streams/writable:508:10)
    at writeChunk (file:///C:/Users/NAKULSHARMA/Downloads/developmentsync-main/frontend/node_modules/vite/dist/node/chunks/config.js:21692:13)
    at IncomingMessage.<anonymous> (file:///C:/Users/NAKULSHARMA/Downloads/developmentsync-main/frontend/node_modules/vite/dist/node/chunks/config.js:21705:6)
    at IncomingMessage.emit (node:events:521:24)
[2m4:17:19 pm[22m [31m[1m[vite][22m[39m [31mws proxy error:[39m
Error: write ECONNABORTED
    at afterWriteDispatched (node:internal/stream_base_commons:159:15)
    at writeGeneric (node:internal/stream_base_commons:150:3)
    at Socket._writeGeneric (node:net:1025:11)
    at Socket._write (node:net:1037:8)
    at writeOrBuffer (node:internal/streams/writable:570:12)
    at _write (node:internal/streams/writable:499:10)
    at Writable.write (node:internal/streams/writable:508:10)
    at writeChunk (file:///C:/Users/NAKULSHARMA/Downloads/developmentsync-main/frontend/node_modules/vite/dist/node/chunks/config.js:21692:13)
    at IncomingMessage.<anonymous> (file:///C:/Users/NAKULSHARMA/Downloads/developmentsync-main/frontend/node_modules/vite/dist/node/chunks/config.js:21705:6)
    at IncomingMessage.emit (node:events:521:24)
[2m4:17:19 pm[22m [31m[1m[vite][22m[39m [31mws proxy socket error:[39m
Error: write ECONNABORTED
    at afterWriteDispatched (node:internal/stream_base_commons:159:15)
    at writeGeneric (node:internal/stream_base_commons:150:3)
    at Socket._writeGeneric (node:net:1025:11)
    at Socket._write (node:net:1037:8)
    at writeOrBuffer (node:internal/streams/writable:570:12)
    at _write (node:internal/streams/writable:499:10)
    at Writable.write (node:internal/streams/writable:508:10)
    at writeChunk (file:///C:/Users/NAKULSHARMA/Downloads/developmentsync-main/frontend/node_modules/vite/dist/node/chunks/config.js:21692:13)
    at IncomingMessage.<anonymous> (file:///C:/Users/NAKULSHARMA/Downloads/developmentsync-main/frontend/node_modules/vite/dist/node/chunks/config.js:21705:6)
    at IncomingMessage.emit (node:events:521:24)
[2m4:17:23 pm[22m [31m[1m[vite][22m[39m [31mws proxy error:[39m
Error: write ECONNABORTED
    at afterWriteDispatched (node:internal/stream_base_commons:159:15)
    at writeGeneric (node:internal/stream_base_commons:150:3)
    at Socket._writeGeneric (node:net:1025:11)
    at Socket._write (node:net:1037:8)
    at writeOrBuffer (node:internal/streams/writable:570:12)
    at _write (node:internal/streams/writable:499:10)
    at Writable.write (node:internal/streams/writable:508:10)
    at writeChunk (file:///C:/Users/NAKULSHARMA/Downloads/developmentsync-main/frontend/node_modules/vite/dist/node/chunks/config.js:21692:13)
    at IncomingMessage.<anonymous> (file:///C:/Users/NAKULSHARMA/Downloads/developmentsync-main/frontend/node_modules/vite/dist/node/chunks/config.js:21705:6)
    at IncomingMessage.emit (node:events:521:24)
[2m4:17:23 pm[22m [31m[1m[vite][22m[39m [31mws proxy socket error:[39m
Error: write ECONNABORTED
    at afterWriteDispatched (node:internal/stream_base_commons:159:15)
    at writeGeneric (node:internal/stream_base_commons:150:3)
    at Socket._writeGeneric (node:net:1025:11)
    at Socket._write (node:net:1037:8)
    at writeOrBuffer (node:internal/streams/writable:570:12)
    at _write (node:internal/streams/writable:499:10)
    at Writable.write (node:internal/streams/writable:508:10)
    at writeChunk (file:///C:/Users/NAKULSHARMA/Downloads/developmentsync-main/frontend/node_modules/vite/dist/node/chunks/config.js:21692:13)
    at IncomingMessage.<anonymous> (file:///C:/Users/NAKULSHARMA/Downloads/developmentsync-main/frontend/node_modules/vite/dist/node/chunks/config.js:21705:6)
    at IncomingMessage.emit (node:events:521:24)
[2m4:17:29 pm[22m [31m[1m[vite][22m[39m [31mws proxy error:[39m
Error: write ECONNABORTED
    at afterWriteDispatched (node:internal/stream_base_commons:159:15)
    at writeGeneric (node:internal/stream_base_commons:150:3)
    at Socket._writeGeneric (node:net:1025:11)
    at Socket._write (node:net:1037:8)
    at writeOrBuffer (node:internal/streams/writable:570:12)
    at _write (node:internal/streams/writable:499:10)
    at Writable.write (node:internal/streams/writable:508:10)
    at writeChunk (file:///C:/Users/NAKULSHARMA/Downloads/developmentsync-main/frontend/node_modules/vite/dist/node/chunks/config.js:21692:13)
    at IncomingMessage.<anonymous> (file:///C:/Users/NAKULSHARMA/Downloads/developmentsync-main/frontend/node_modules/vite/dist/node/chunks/config.js:21705:6)
    at IncomingMessage.emit (node:events:521:24)
[2m4:17:29 pm[22m [31m[1m[vite][22m[39m [31mws proxy socket error:[39m
Error: write ECONNABORTED
    at afterWriteDispatched (node:internal/stream_base_commons:159:15)
    at writeGeneric (node:internal/stream_base_commons:150:3)
    at Socket._writeGeneric (node:net:1025:11)
    at Socket._write (node:net:1037:8)
    at writeOrBuffer (node:internal/streams/writable:570:12)
    at _write (node:internal/streams/writable:499:10)
    at Writable.write (node:internal/streams/writable:508:10)
    at writeChunk (file:///C:/Users/NAKULSHARMA/Downloads/developmentsync-main/frontend/node_modules/vite/dist/node/chunks/config.js:21692:13)
    at IncomingMessage.<anonymous> (file:///C:/Users/NAKULSHARMA/Downloads/developmentsync-main/frontend/node_modules/vite/dist/node/chunks/config.js:21705:6)
    at IncomingMessage.emit (node:events:521:24)
[2m4:17:35 pm[22m [31m[1m[vite][22m[39m [31mws proxy error:[39m
Error: write ECONNABORTED
    at afterWriteDispatched (node:internal/stream_base_commons:159:15)
    at writeGeneric (node:internal/stream_base_commons:150:3)
    at Socket._writeGeneric (node:net:1025:11)
    at Socket._write (node:net:1037:8)
    at writeOrBuffer (node:internal/streams/writable:570:12)
    at _write (node:internal/streams/writable:499:10)
    at Writable.write (node:internal/streams/writable:508:10)
    at writeChunk (file:///C:/Users/NAKULSHARMA/Downloads/developmentsync-main/frontend/node_modules/vite/dist/node/chunks/config.js:21693:13)
    at IncomingMessage.<anonymous> (file:///C:/Users/NAKULSHARMA/Downloads/developmentsync-main/frontend/node_modules/vite/dist/node/chunks/config.js:21702:6)
    at IncomingMessage.emit (node:events:509:28)
[2m4:17:35 pm[22m [31m[1m[vite][22m[39m [31mws proxy socket error:[39m
Error: write ECONNABORTED
    at afterWriteDispatched (node:internal/stream_base_commons:159:15)
    at writeGeneric (node:internal/stream_base_commons:150:3)
    at Socket._writeGeneric (node:net:1025:11)
    at Socket._write (node:net:1037:8)
    at writeOrBuffer (node:internal/streams/writable:570:12)
    at _write (node:internal/streams/writable:499:10)
    at Writable.write (node:internal/streams/writable:508:10)
    at writeChunk (file:///C:/Users/NAKULSHARMA/Downloads/developmentsync-main/frontend/node_modules/vite/dist/node/chunks/config.js:21693:13)
    at IncomingMessage.<anonymous> (file:///C:/Users/NAKULSHARMA/Downloads/developmentsync-main/frontend/node_modules/vite/dist/node/chunks/config.js:21702:6)
    at IncomingMessage.emit (node:events:509:28)
[2m4:17:40 pm[22m [31m[1m[vite][22m[39m [31mws proxy error:[39m
Error: write ECONNABORTED
    at afterWriteDispatched (node:internal/stream_base_commons:159:15)
    at writeGeneric (node:internal/stream_base_commons:150:3)
    at Socket._writeGeneric (node:net:1025:11)
    at Socket._write (node:net:1037:8)
    at writeOrBuffer (node:internal/streams/writable:570:12)
    at _write (node:internal/streams/writable:499:10)
    at Writable.write (node:internal/streams/writable:508:10)
    at writeChunk (file:///C:/Users/NAKULSHARMA/Downloads/developmentsync-main/frontend/node_modules/vite/dist/node/chunks/config.js:21692:13)
    at IncomingMessage.<anonymous> (file:///C:/Users/NAKULSHARMA/Downloads/developmentsync-main/frontend/node_modules/vite/dist/node/chunks/config.js:21705:6)
    at IncomingMessage.emit (node:events:521:24)
[2m4:17:40 pm[22m [31m[1m[vite][22m[39m [31mws proxy socket error:[39m
Error: write ECONNABORTED
    at afterWriteDispatched (node:internal/stream_base_commons:159:15)
    at writeGeneric (node:internal/stream_base_commons:150:3)
    at Socket._writeGeneric (node:net:1025:11)
    at Socket._write (node:net:1037:8)
    at writeOrBuffer (node:internal/streams/writable:570:12)
    at _write (node:internal/streams/writable:499:10)
    at Writable.write (node:internal/streams/writable:508:10)
    at writeChunk (file:///C:/Users/NAKULSHARMA/Downloads/developmentsync-main/frontend/node_modules/vite/dist/node/chunks/config.js:21692:13)
    at IncomingMessage.<anonymous> (file:///C:/Users/NAKULSHARMA/Downloads/developmentsync-main/frontend/node_modules/vite/dist/node/chunks/config.js:21705:6)
    at IncomingMessage.emit (node:events:521:24)
[2m4:17:47 pm[22m [31m[1m[vite][22m[39m [31mws proxy error:[39m
Error: write ECONNABORTED
    at afterWriteDispatched (node:internal/stream_base_commons:159:15)
    at writeGeneric (node:internal/stream_base_commons:150:3)
    at Socket._writeGeneric (node:net:1025:11)
    at Socket._write (node:net:1037:8)
    at writeOrBuffer (node:internal/streams/writable:570:12)
    at _write (node:internal/streams/writable:499:10)
    at Writable.write (node:internal/streams/writable:508:10)
    at writeChunk (file:///C:/Users/NAKULSHARMA/Downloads/developmentsync-main/frontend/node_modules/vite/dist/node/chunks/config.js:21692:13)
    at IncomingMessage.<anonymous> (file:///C:/Users/NAKULSHARMA/Downloads/developmentsync-main/frontend/node_modules/vite/dist/node/chunks/config.js:21705:6)
    at IncomingMessage.emit (node:events:521:24)
[2m4:17:47 pm[22m [31m[1m[vite][22m[39m [31mws proxy socket error:[39m
Error: write ECONNABORTED
    at afterWriteDispatched (node:internal/stream_base_commons:159:15)
    at writeGeneric (node:internal/stream_base_commons:150:3)
    at Socket._writeGeneric (node:net:1025:11)
    at Socket._write (node:net:1037:8)
    at writeOrBuffer (node:internal/streams/writable:570:12)
    at _write (node:internal/streams/writable:499:10)
    at Writable.write (node:internal/streams/writable:508:10)
    at writeChunk (file:///C:/Users/NAKULSHARMA/Downloads/developmentsync-main/frontend/node_modules/vite/dist/node/chunks/config.js:21692:13)
    at IncomingMessage.<anonymous> (file:///C:/Users/NAKULSHARMA/Downloads/developmentsync-main/frontend/node_modules/vite/dist/node/chunks/config.js:21705:6)
    at IncomingMessage.emit (node:events:521:24)
[2m4:17:50 pm[22m [31m[1m[vite][22m[39m [31mws proxy error:[39m
Error: write ECONNABORTED
    at afterWriteDispatched (node:internal/stream_base_commons:159:15)
    at writeGeneric (node:internal/stream_base_commons:150:3)
    at Socket._writeGeneric (node:net:1025:11)
    at Socket._write (node:net:1037:8)
    at writeOrBuffer (node:internal/streams/writable:570:12)
    at _write (node:internal/streams/writable:499:10)
    at Writable.write (node:internal/streams/writable:508:10)
    at writeChunk (file:///C:/Users/NAKULSHARMA/Downloads/developmentsync-main/frontend/node_modules/vite/dist/node/chunks/config.js:21692:13)
    at IncomingMessage.<anonymous> (file:///C:/Users/NAKULSHARMA/Downloads/developmentsync-main/frontend/node_modules/vite/dist/node/chunks/config.js:21705:6)
    at IncomingMessage.emit (node:events:521:24)
[2m4:17:50 pm[22m [31m[1m[vite][22m[39m [31mws proxy socket error:[39m
Error: write ECONNABORTED
    at afterWriteDispatched (node:internal/stream_base_commons:159:15)
    at writeGeneric (node:internal/stream_base_commons:150:3)
    at Socket._writeGeneric (node:net:1025:11)
    at Socket._write (node:net:1037:8)
    at writeOrBuffer (node:internal/streams/writable:570:12)
    at _write (node:internal/streams/writable:499:10)
    at Writable.write (node:internal/streams/writable:508:10)
    at writeChunk (file:///C:/Users/NAKULSHARMA/Downloads/developmentsync-main/frontend/node_modules/vite/dist/node/chunks/config.js:21692:13)
    at IncomingMessage.<anonymous> (file:///C:/Users/NAKULSHARMA/Downloads/developmentsync-main/frontend/node_modules/vite/dist/node/chunks/config.js:21705:6)
    at IncomingMessage.emit (node:events:521:24)
[2m4:17:57 pm[22m [31m[1m[vite][22m[39m [31mws proxy error:[39m
Error: write ECONNABORTED
    at afterWriteDispatched (node:internal/stream_base_commons:159:15)
    at writeGeneric (node:internal/stream_base_commons:150:3)
    at Socket._writeGeneric (node:net:1025:11)
    at Socket._write (node:net:1037:8)
    at writeOrBuffer (node:internal/streams/writable:570:12)
    at _write (node:internal/streams/writable:499:10)
    at Writable.write (node:internal/streams/writable:508:10)
    at writeChunk (file:///C:/Users/NAKULSHARMA/Downloads/developmentsync-main/frontend/node_modules/vite/dist/node/chunks/config.js:21693:13)
    at IncomingMessage.<anonymous> (file:///C:/Users/NAKULSHARMA/Downloads/developmentsync-main/frontend/node_modules/vite/dist/node/chunks/config.js:21702:6)
    at IncomingMessage.emit (node:events:509:28)
[2m4:17:57 pm[22m [31m[1m[vite][22m[39m [31mws proxy socket error:[39m
Error: write ECONNABORTED
    at afterWriteDispatched (node:internal/stream_base_commons:159:15)
    at writeGeneric (node:internal/stream_base_commons:150:3)
    at Socket._writeGeneric (node:net:1025:11)
    at Socket._write (node:net:1037:8)
    at writeOrBuffer (node:internal/streams/writable:570:12)
    at _write (node:internal/streams/writable:499:10)
    at Writable.write (node:internal/streams/writable:508:10)
    at writeChunk (file:///C:/Users/NAKULSHARMA/Downloads/developmentsync-main/frontend/node_modules/vite/dist/node/chunks/config.js:21693:13)
    at IncomingMessage.<anonymous> (file:///C:/Users/NAKULSHARMA/Downloads/developmentsync-main/frontend/node_modules/vite/dist/node/chunks/config.js:21702:6)
    at IncomingMessage.emit (node:events:509:28)
[2m4:18:03 pm[22m [31m[1m[vite][22m[39m [31mws proxy error:[39m
Error: write ECONNABORTED
    at afterWriteDispatched (node:internal/stream_base_commons:159:15)
    at writeGeneric (node:internal/stream_base_commons:150:3)
    at Socket._writeGeneric (node:net:1025:11)
    at Socket._write (node:net:1037:8)
    at writeOrBuffer (node:internal/streams/writable:570:12)
    at _write (node:internal/streams/writable:499:10)
    at Writable.write (node:internal/streams/writable:508:10)
    at writeChunk (file:///C:/Users/NAKULSHARMA/Downloads/developmentsync-main/frontend/node_modules/vite/dist/node/chunks/config.js:21695:13)
    at IncomingMessage.<anonymous> (file:///C:/Users/NAKULSHARMA/Downloads/developmentsync-main/frontend/node_modules/vite/dist/node/chunks/config.js:21702:6)
    at IncomingMessage.emit (node:events:509:28)
[2m4:18:03 pm[22m [31m[1m[vite][22m[39m [31mws proxy socket error:[39m
Error: write ECONNABORTED
    at afterWriteDispatched (node:internal/stream_base_commons:159:15)
    at writeGeneric (node:internal/stream_base_commons:150:3)
    at Socket._writeGeneric (node:net:1025:11)
    at Socket._write (node:net:1037:8)
    at writeOrBuffer (node:internal/streams/writable:570:12)
    at _write (node:internal/streams/writable:499:10)
    at Writable.write (node:internal/streams/writable:508:10)
    at writeChunk (file:///C:/Users/NAKULSHARMA/Downloads/developmentsync-main/frontend/node_modules/vite/dist/node/chunks/config.js:21695:13)
    at IncomingMessage.<anonymous> (file:///C:/Users/NAKULSHARMA/Downloads/developmentsync-main/frontend/node_modules/vite/dist/node/chunks/config.js:21702:6)
    at IncomingMessage.emit (node:events:509:28)
[2m4:18:08 pm[22m [31m[1m[vite][22m[39m [31mws proxy error:[39m
Error: write ECONNABORTED
    at afterWriteDispatched (node:internal/stream_base_commons:159:15)
    at writeGeneric (node:internal/stream_base_commons:150:3)
    at Socket._writeGeneric (node:net:1025:11)
    at Socket._write (node:net:1037:8)
    at writeOrBuffer (node:internal/streams/writable:570:12)
    at _write (node:internal/streams/writable:499:10)
    at Writable.write (node:internal/streams/writable:508:10)
    at writeChunk (file:///C:/Users/NAKULSHARMA/Downloads/developmentsync-main/frontend/node_modules/vite/dist/node/chunks/config.js:21694:13)
    at IncomingMessage.<anonymous> (file:///C:/Users/NAKULSHARMA/Downloads/developmentsync-main/frontend/node_modules/vite/dist/node/chunks/config.js:21702:6)
    at IncomingMessage.emit (node:events:509:28)
[2m4:18:08 pm[22m [31m[1m[vite][22m[39m [31mws proxy socket error:[39m
Error: write ECONNABORTED
    at afterWriteDispatched (node:internal/stream_base_commons:159:15)
    at writeGeneric (node:internal/stream_base_commons:150:3)
    at Socket._writeGeneric (node:net:1025:11)
    at Socket._write (node:net:1037:8)
    at writeOrBuffer (node:internal/streams/writable:570:12)
    at _write (node:internal/streams/writable:499:10)
    at Writable.write (node:internal/streams/writable:508:10)
    at writeChunk (file:///C:/Users/NAKULSHARMA/Downloads/developmentsync-main/frontend/node_modules/vite/dist/node/chunks/config.js:21694:13)
    at IncomingMessage.<anonymous> (file:///C:/Users/NAKULSHARMA/Downloads/developmentsync-main/frontend/node_modules/vite/dist/node/chunks/config.js:21702:6)
    at IncomingMessage.emit (node:events:509:28)
[2m4:18:15 pm[22m [31m[1m[vite][22m[39m [31mws proxy error:[39m
Error: write ECONNABORTED
    at afterWriteDispatched (node:internal/stream_base_commons:159:15)
    at writeGeneric (node:internal/stream_base_commons:150:3)
    at Socket._writeGeneric (node:net:1025:11)
    at Socket._write (node:net:1037:8)
    at writeOrBuffer (node:internal/streams/writable:570:12)
    at _write (node:internal/streams/writable:499:10)
    at Writable.write (node:internal/streams/writable:508:10)
    at writeChunk (file:///C:/Users/NAKULSHARMA/Downloads/developmentsync-main/frontend/node_modules/vite/dist/node/chunks/config.js:21692:13)
    at IncomingMessage.<anonymous> (file:///C:/Users/NAKULSHARMA/Downloads/developmentsync-main/frontend/node_modules/vite/dist/node/chunks/config.js:21705:6)
    at IncomingMessage.emit (node:events:521:24)
[2m4:18:15 pm[22m [31m[1m[vite][22m[39m [31mws proxy socket error:[39m
Error: write ECONNABORTED
    at afterWriteDispatched (node:internal/stream_base_commons:159:15)
    at writeGeneric (node:internal/stream_base_commons:150:3)
    at Socket._writeGeneric (node:net:1025:11)
    at Socket._write (node:net:1037:8)
    at writeOrBuffer (node:internal/streams/writable:570:12)
    at _write (node:internal/streams/writable:499:10)
    at Writable.write (node:internal/streams/writable:508:10)
    at writeChunk (file:///C:/Users/NAKULSHARMA/Downloads/developmentsync-main/frontend/node_modules/vite/dist/node/chunks/config.js:21692:13)
    at IncomingMessage.<anonymous> (file:///C:/Users/NAKULSHARMA/Downloads/developmentsync-main/frontend/node_modules/vite/dist/node/chunks/config.js:21705:6)
    at IncomingMessage.emit (node:events:521:24)
[2m4:18:20 pm[22m [31m[1m[vite][22m[39m [31mws proxy error:[39m
Error: write ECONNABORTED
    at afterWriteDispatched (node:internal/stream_base_commons:159:15)
    at writeGeneric (node:internal/stream_base_commons:150:3)
    at Socket._writeGeneric (node:net:1025:11)
    at Socket._write (node:net:1037:8)
    at writeOrBuffer (node:internal/streams/writable:570:12)
    at _write (node:internal/streams/writable:499:10)
    at Writable.write (node:internal/streams/writable:508:10)
    at writeChunk (file:///C:/Users/NAKULSHARMA/Downloads/developmentsync-main/frontend/node_modules/vite/dist/node/chunks/config.js:21694:13)
    at IncomingMessage.<anonymous> (file:///C:/Users/NAKULSHARMA/Downloads/developmentsync-main/frontend/node_modules/vite/dist/node/chunks/config.js:21702:6)
    at IncomingMessage.emit (node:events:509:28)
[2m4:18:20 pm[22m [31m[1m[vite][22m[39m [31mws proxy socket error:[39m
Error: write ECONNABORTED
    at afterWriteDispatched (node:internal/stream_base_commons:159:15)
    at writeGeneric (node:internal/stream_base_commons:150:3)
    at Socket._writeGeneric (node:net:1025:11)
    at Socket._write (node:net:1037:8)
    at writeOrBuffer (node:internal/streams/writable:570:12)
    at _write (node:internal/streams/writable:499:10)
    at Writable.write (node:internal/streams/writable:508:10)
    at writeChunk (file:///C:/Users/NAKULSHARMA/Downloads/developmentsync-main/frontend/node_modules/vite/dist/node/chunks/config.js:21694:13)
    at IncomingMessage.<anonymous> (file:///C:/Users/NAKULSHARMA/Downloads/developmentsync-main/frontend/node_modules/vite/dist/node/chunks/config.js:21702:6)
    at IncomingMessage.emit (node:events:509:28)
[2m4:18:38 pm[22m [31m[1m[vite][22m[39m [31mws proxy error:[39m
Error: write ECONNABORTED
    at afterWriteDispatched (node:internal/stream_base_commons:159:15)
    at writeGeneric (node:internal/stream_base_commons:150:3)
    at Socket._writeGeneric (node:net:1025:11)
    at Socket._write (node:net:1037:8)
    at writeOrBuffer (node:internal/streams/writable:570:12)
    at _write (node:internal/streams/writable:499:10)
    at Writable.write (node:internal/streams/writable:508:10)
    at writeChunk (file:///C:/Users/NAKULSHARMA/Downloads/developmentsync-main/frontend/node_modules/vite/dist/node/chunks/config.js:21692:13)
    at IncomingMessage.<anonymous> (file:///C:/Users/NAKULSHARMA/Downloads/developmentsync-main/frontend/node_modules/vite/dist/node/chunks/config.js:21705:6)
    at IncomingMessage.emit (node:events:521:24)
[2m4:18:38 pm[22m [31m[1m[vite][22m[39m [31mws proxy socket error:[39m
Error: write ECONNABORTED
    at afterWriteDispatched (node:internal/stream_base_commons:159:15)
    at writeGeneric (node:internal/stream_base_commons:150:3)
    at Socket._writeGeneric (node:net:1025:11)
    at Socket._write (node:net:1037:8)
    at writeOrBuffer (node:internal/streams/writable:570:12)
    at _write (node:internal/streams/writable:499:10)
    at Writable.write (node:internal/streams/writable:508:10)
    at writeChunk (file:///C:/Users/NAKULSHARMA/Downloads/developmentsync-main/frontend/node_modules/vite/dist/node/chunks/config.js:21692:13)
    at IncomingMessage.<anonymous> (file:///C:/Users/NAKULSHARMA/Downloads/developmentsync-main/frontend/node_modules/vite/dist/node/chunks/config.js:21705:6)
    at IncomingMessage.emit (node:events:521:24)
[2m4:18:40 pm[22m [31m[1m[vite][22m[39m [31mws proxy error:[39m
Error: write ECONNABORTED
    at afterWriteDispatched (node:internal/stream_base_commons:159:15)
    at writeGeneric (node:internal/stream_base_commons:150:3)
    at Socket._writeGeneric (node:net:1025:11)
    at Socket._write (node:net:1037:8)
    at writeOrBuffer (node:internal/streams/writable:570:12)
    at _write (node:internal/streams/writable:499:10)
    at Writable.write (node:internal/streams/writable:508:10)
    at writeChunk (file:///C:/Users/NAKULSHARMA/Downloads/developmentsync-main/frontend/node_modules/vite/dist/node/chunks/config.js:21695:13)
    at IncomingMessage.<anonymous> (file:///C:/Users/NAKULSHARMA/Downloads/developmentsync-main/frontend/node_modules/vite/dist/node/chunks/config.js:21702:6)
    at IncomingMessage.emit (node:events:509:28)
[2m4:18:40 pm[22m [31m[1m[vite][22m[39m [31mws proxy socket error:[39m
Error: write ECONNABORTED
    at afterWriteDispatched (node:internal/stream_base_commons:159:15)
    at writeGeneric (node:internal/stream_base_commons:150:3)
    at Socket._writeGeneric (node:net:1025:11)
    at Socket._write (node:net:1037:8)
    at writeOrBuffer (node:internal/streams/writable:570:12)
    at _write (node:internal/streams/writable:499:10)
    at Writable.write (node:internal/streams/writable:508:10)
    at writeChunk (file:///C:/Users/NAKULSHARMA/Downloads/developmentsync-main/frontend/node_modules/vite/dist/node/chunks/config.js:21695:13)
    at IncomingMessage.<anonymous> (file:///C:/Users/NAKULSHARMA/Downloads/developmentsync-main/frontend/node_modules/vite/dist/node/chunks/config.js:21702:6)
    at IncomingMessage.emit (node:events:509:28)
[2m4:18:42 pm[22m [31m[1m[vite][22m[39m [31mws proxy error:[39m
Error: write ECONNABORTED
    at afterWriteDispatched (node:internal/stream_base_commons:159:15)
    at writeGeneric (node:internal/stream_base_commons:150:3)
    at Socket._writeGeneric (node:net:1025:11)
    at Socket._write (node:net:1037:8)
    at writeOrBuffer (node:internal/streams/writable:570:12)
    at _write (node:internal/streams/writable:499:10)
    at Writable.write (node:internal/streams/writable:508:10)
    at writeChunk (file:///C:/Users/NAKULSHARMA/Downloads/developmentsync-main/frontend/node_modules/vite/dist/node/chunks/config.js:21692:13)
    at IncomingMessage.<anonymous> (file:///C:/Users/NAKULSHARMA/Downloads/developmentsync-main/frontend/node_modules/vite/dist/node/chunks/config.js:21705:6)
    at IncomingMessage.emit (node:events:521:24)
[2m4:18:42 pm[22m [31m[1m[vite][22m[39m [31mws proxy socket error:[39m
Error: write ECONNABORTED
    at afterWriteDispatched (node:internal/stream_base_commons:159:15)
    at writeGeneric (node:internal/stream_base_commons:150:3)
    at Socket._writeGeneric (node:net:1025:11)
    at Socket._write (node:net:1037:8)
    at writeOrBuffer (node:internal/streams/writable:570:12)
    at _write (node:internal/streams/writable:499:10)
    at Writable.write (node:internal/streams/writable:508:10)
    at writeChunk (file:///C:/Users/NAKULSHARMA/Downloads/developmentsync-main/frontend/node_modules/vite/dist/node/chunks/config.js:21692:13)
    at IncomingMessage.<anonymous> (file:///C:/Users/NAKULSHARMA/Downloads/developmentsync-main/frontend/node_modules/vite/dist/node/chunks/config.js:21705:6)
    at IncomingMessage.emit (node:events:521:24)
[2m4:18:44 pm[22m [31m[1m[vite][22m[39m [31mws proxy error:[39m
Error: write ECONNABORTED
    at afterWriteDispatched (node:internal/stream_base_commons:159:15)
    at writeGeneric (node:internal/stream_base_commons:150:3)
    at Socket._writeGeneric (node:net:1025:11)
    at Socket._write (node:net:1037:8)
    at writeOrBuffer (node:internal/streams/writable:570:12)
    at _write (node:internal/streams/writable:499:10)
    at Writable.write (node:internal/streams/writable:508:10)
    at writeChunk (file:///C:/Users/NAKULSHARMA/Downloads/developmentsync-main/frontend/node_modules/vite/dist/node/chunks/config.js:21695:13)
    at IncomingMessage.<anonymous> (file:///C:/Users/NAKULSHARMA/Downloads/developmentsync-main/frontend/node_modules/vite/dist/node/chunks/config.js:21702:6)
    at IncomingMessage.emit (node:events:509:28)
[2m4:18:44 pm[22m [31m[1m[vite][22m[39m [31mws proxy socket error:[39m
Error: write ECONNABORTED
    at afterWriteDispatched (node:internal/stream_base_commons:159:15)
    at writeGeneric (node:internal/stream_base_commons:150:3)
    at Socket._writeGeneric (node:net:1025:11)
    at Socket._write (node:net:1037:8)
    at writeOrBuffer (node:internal/streams/writable:570:12)
    at _write (node:internal/streams/writable:499:10)
    at Writable.write (node:internal/streams/writable:508:10)
    at writeChunk (file:///C:/Users/NAKULSHARMA/Downloads/developmentsync-main/frontend/node_modules/vite/dist/node/chunks/config.js:21695:13)
    at IncomingMessage.<anonymous> (file:///C:/Users/NAKULSHARMA/Downloads/developmentsync-main/frontend/node_modules/vite/dist/node/chunks/config.js:21702:6)
    at IncomingMessage.emit (node:events:509:28)
[2m4:18:46 pm[22m [31m[1m[vite][22m[39m [31mws proxy error:[39m
Error: write ECONNABORTED
    at afterWriteDispatched (node:internal/stream_base_commons:159:15)
    at writeGeneric (node:internal/stream_base_commons:150:3)
    at Socket._writeGeneric (node:net:1025:11)
    at Socket._write (node:net:1037:8)
    at writeOrBuffer (node:internal/streams/writable:570:12)
    at _write (node:internal/streams/writable:499:10)
    at Writable.write (node:internal/streams/writable:508:10)
    at writeChunk (file:///C:/Users/NAKULSHARMA/Downloads/developmentsync-main/frontend/node_modules/vite/dist/node/chunks/config.js:21694:13)
    at IncomingMessage.<anonymous> (file:///C:/Users/NAKULSHARMA/Downloads/developmentsync-main/frontend/node_modules/vite/dist/node/chunks/config.js:21702:6)
    at IncomingMessage.emit (node:events:509:28)
[2m4:18:46 pm[22m [31m[1m[vite][22m[39m [31mws proxy socket error:[39m
Error: write ECONNABORTED
    at afterWriteDispatched (node:internal/stream_base_commons:159:15)
    at writeGeneric (node:internal/stream_base_commons:150:3)
    at Socket._writeGeneric (node:net:1025:11)
    at Socket._write (node:net:1037:8)
    at writeOrBuffer (node:internal/streams/writable:570:12)
    at _write (node:internal/streams/writable:499:10)
    at Writable.write (node:internal/streams/writable:508:10)
    at writeChunk (file:///C:/Users/NAKULSHARMA/Downloads/developmentsync-main/frontend/node_modules/vite/dist/node/chunks/config.js:21694:13)
    at IncomingMessage.<anonymous> (file:///C:/Users/NAKULSHARMA/Downloads/developmentsync-main/frontend/node_modules/vite/dist/node/chunks/config.js:21702:6)
    at IncomingMessage.emit (node:events:509:28)
[2m4:18:48 pm[22m [31m[1m[vite][22m[39m [31mws proxy error:[39m
Error: write ECONNABORTED
    at afterWriteDispatched (node:internal/stream_base_commons:159:15)
    at writeGeneric (node:internal/stream_base_commons:150:3)
    at Socket._writeGeneric (node:net:1025:11)
    at Socket._write (node:net:1037:8)
    at writeOrBuffer (node:internal/streams/writable:570:12)
    at _write (node:internal/streams/writable:499:10)
    at Writable.write (node:internal/streams/writable:508:10)
    at writeChunk (file:///C:/Users/NAKULSHARMA/Downloads/developmentsync-main/frontend/node_modules/vite/dist/node/chunks/config.js:21692:13)
    at IncomingMessage.<anonymous> (file:///C:/Users/NAKULSHARMA/Downloads/developmentsync-main/frontend/node_modules/vite/dist/node/chunks/config.js:21705:6)
    at IncomingMessage.emit (node:events:521:24)
[2m4:18:48 pm[22m [31m[1m[vite][22m[39m [31mws proxy socket error:[39m
Error: write ECONNABORTED
    at afterWriteDispatched (node:internal/stream_base_commons:159:15)
    at writeGeneric (node:internal/stream_base_commons:150:3)
    at Socket._writeGeneric (node:net:1025:11)
    at Socket._write (node:net:1037:8)
    at writeOrBuffer (node:internal/streams/writable:570:12)
    at _write (node:internal/streams/writable:499:10)
    at Writable.write (node:internal/streams/writable:508:10)
    at writeChunk (file:///C:/Users/NAKULSHARMA/Downloads/developmentsync-main/frontend/node_modules/vite/dist/node/chunks/config.js:21692:13)
    at IncomingMessage.<anonymous> (file:///C:/Users/NAKULSHARMA/Downloads/developmentsync-main/frontend/node_modules/vite/dist/node/chunks/config.js:21705:6)
    at IncomingMessage.emit (node:events:521:24)
[2m4:18:50 pm[22m [31m[1m[vite][22m[39m [31mws proxy error:[39m
Error: write ECONNABORTED
    at afterWriteDispatched (node:internal/stream_base_commons:159:15)
    at writeGeneric (node:internal/stream_base_commons:150:3)
    at Socket._writeGeneric (node:net:1025:11)
    at Socket._write (node:net:1037:8)
    at writeOrBuffer (node:internal/streams/writable:570:12)
    at _write (node:internal/streams/writable:499:10)
    at Writable.write (node:internal/streams/writable:508:10)
    at writeChunk (file:///C:/Users/NAKULSHARMA/Downloads/developmentsync-main/frontend/node_modules/vite/dist/node/chunks/config.js:21692:13)
    at IncomingMessage.<anonymous> (file:///C:/Users/NAKULSHARMA/Downloads/developmentsync-main/frontend/node_modules/vite/dist/node/chunks/config.js:21705:6)
    at IncomingMessage.emit (node:events:521:24)
[2m4:18:50 pm[22m [31m[1m[vite][22m[39m [31mws proxy socket error:[39m
Error: write ECONNABORTED
    at afterWriteDispatched (node:internal/stream_base_commons:159:15)
    at writeGeneric (node:internal/stream_base_commons:150:3)
    at Socket._writeGeneric (node:net:1025:11)
    at Socket._write (node:net:1037:8)
    at writeOrBuffer (node:internal/streams/writable:570:12)
    at _write (node:internal/streams/writable:499:10)
    at Writable.write (node:internal/streams/writable:508:10)
    at writeChunk (file:///C:/Users/NAKULSHARMA/Downloads/developmentsync-main/frontend/node_modules/vite/dist/node/chunks/config.js:21692:13)
    at IncomingMessage.<anonymous> (file:///C:/Users/NAKULSHARMA/Downloads/developmentsync-main/frontend/node_modules/vite/dist/node/chunks/config.js:21705:6)
    at IncomingMessage.emit (node:events:521:24)
[2m4:18:52 pm[22m [31m[1m[vite][22m[39m [31mws proxy error:[39m
Error: write ECONNABORTED
    at afterWriteDispatched (node:internal/stream_base_commons:159:15)
    at writeGeneric (node:internal/stream_base_commons:150:3)
    at Socket._writeGeneric (node:net:1025:11)
    at Socket._write (node:net:1037:8)
    at writeOrBuffer (node:internal/streams/writable:570:12)
    at _write (node:internal/streams/writable:499:10)
    at Writable.write (node:internal/streams/writable:508:10)
    at writeChunk (file:///C:/Users/NAKULSHARMA/Downloads/developmentsync-main/frontend/node_modules/vite/dist/node/chunks/config.js:21694:13)
    at IncomingMessage.<anonymous> (file:///C:/Users/NAKULSHARMA/Downloads/developmentsync-main/frontend/node_modules/vite/dist/node/chunks/config.js:21702:6)
    at IncomingMessage.emit (node:events:509:28)
[2m4:18:52 pm[22m [31m[1m[vite][22m[39m [31mws proxy socket error:[39m
Error: write ECONNABORTED
    at afterWriteDispatched (node:internal/stream_base_commons:159:15)
    at writeGeneric (node:internal/stream_base_commons:150:3)
    at Socket._writeGeneric (node:net:1025:11)
    at Socket._write (node:net:1037:8)
    at writeOrBuffer (node:internal/streams/writable:570:12)
    at _write (node:internal/streams/writable:499:10)
    at Writable.write (node:internal/streams/writable:508:10)
    at writeChunk (file:///C:/Users/NAKULSHARMA/Downloads/developmentsync-main/frontend/node_modules/vite/dist/node/chunks/config.js:21694:13)
    at IncomingMessage.<anonymous> (file:///C:/Users/NAKULSHARMA/Downloads/developmentsync-main/frontend/node_modules/vite/dist/node/chunks/config.js:21702:6)
    at IncomingMessage.emit (node:events:509:28)
[2m4:18:54 pm[22m [31m[1m[vite][22m[39m [31mws proxy error:[39m
Error: write ECONNABORTED
    at afterWriteDispatched (node:internal/stream_base_commons:159:15)
    at writeGeneric (node:internal/stream_base_commons:150:3)
    at Socket._writeGeneric (node:net:1025:11)
    at Socket._write (node:net:1037:8)
    at writeOrBuffer (node:internal/streams/writable:570:12)
    at _write (node:internal/streams/writable:499:10)
    at Writable.write (node:internal/streams/writable:508:10)
    at writeChunk (file:///C:/Users/NAKULSHARMA/Downloads/developmentsync-main/frontend/node_modules/vite/dist/node/chunks/config.js:21693:13)
    at IncomingMessage.<anonymous> (file:///C:/Users/NAKULSHARMA/Downloads/developmentsync-main/frontend/node_modules/vite/dist/node/chunks/config.js:21702:6)
    at IncomingMessage.emit (node:events:509:28)
[2m4:18:54 pm[22m [31m[1m[vite][22m[39m [31mws proxy socket error:[39m
Error: write ECONNABORTED
    at afterWriteDispatched (node:internal/stream_base_commons:159:15)
    at writeGeneric (node:internal/stream_base_commons:150:3)
    at Socket._writeGeneric (node:net:1025:11)
    at Socket._write (node:net:1037:8)
    at writeOrBuffer (node:internal/streams/writable:570:12)
    at _write (node:internal/streams/writable:499:10)
    at Writable.write (node:internal/streams/writable:508:10)
    at writeChunk (file:///C:/Users/NAKULSHARMA/Downloads/developmentsync-main/frontend/node_modules/vite/dist/node/chunks/config.js:21693:13)
    at IncomingMessage.<anonymous> (file:///C:/Users/NAKULSHARMA/Downloads/developmentsync-main/frontend/node_modules/vite/dist/node/chunks/config.js:21702:6)
    at IncomingMessage.emit (node:events:509:28)
[2m4:18:56 pm[22m [31m[1m[vite][22m[39m [31mws proxy error:[39m
Error: write ECONNABORTED
    at afterWriteDispatched (node:internal/stream_base_commons:159:15)
    at writeGeneric (node:internal/stream_base_commons:150:3)
    at Socket._writeGeneric (node:net:1025:11)
    at Socket._write (node:net:1037:8)
    at writeOrBuffer (node:internal/streams/writable:570:12)
    at _write (node:internal/streams/writable:499:10)
    at Writable.write (node:internal/streams/writable:508:10)
    at writeChunk (file:///C:/Users/NAKULSHARMA/Downloads/developmentsync-main/frontend/node_modules/vite/dist/node/chunks/config.js:21692:13)
    at IncomingMessage.<anonymous> (file:///C:/Users/NAKULSHARMA/Downloads/developmentsync-main/frontend/node_modules/vite/dist/node/chunks/config.js:21705:6)
    at IncomingMessage.emit (node:events:521:24)
[2m4:18:56 pm[22m [31m[1m[vite][22m[39m [31mws proxy socket error:[39m
Error: write ECONNABORTED
    at afterWriteDispatched (node:internal/stream_base_commons:159:15)
    at writeGeneric (node:internal/stream_base_commons:150:3)
    at Socket._writeGeneric (node:net:1025:11)
    at Socket._write (node:net:1037:8)
    at writeOrBuffer (node:internal/streams/writable:570:12)
    at _write (node:internal/streams/writable:499:10)
    at Writable.write (node:internal/streams/writable:508:10)
    at writeChunk (file:///C:/Users/NAKULSHARMA/Downloads/developmentsync-main/frontend/node_modules/vite/dist/node/chunks/config.js:21692:13)
    at IncomingMessage.<anonymous> (file:///C:/Users/NAKULSHARMA/Downloads/developmentsync-main/frontend/node_modules/vite/dist/node/chunks/config.js:21705:6)
    at IncomingMessage.emit (node:events:521:24)
[2m4:18:59 pm[22m [31m[1m[vite][22m[39m [31mws proxy error:[39m
Error: write ECONNABORTED
    at afterWriteDispatched (node:internal/stream_base_commons:159:15)
    at writeGeneric (node:internal/stream_base_commons:150:3)
    at Socket._writeGeneric (node:net:1025:11)
    at Socket._write (node:net:1037:8)
    at writeOrBuffer (node:internal/streams/writable:570:12)
    at _write (node:internal/streams/writable:499:10)
    at Writable.write (node:internal/streams/writable:508:10)
    at writeChunk (file:///C:/Users/NAKULSHARMA/Downloads/developmentsync-main/frontend/node_modules/vite/dist/node/chunks/config.js:21692:13)
    at IncomingMessage.<anonymous> (file:///C:/Users/NAKULSHARMA/Downloads/developmentsync-main/frontend/node_modules/vite/dist/node/chunks/config.js:21705:6)
    at IncomingMessage.emit (node:events:521:24)
[2m4:18:59 pm[22m [31m[1m[vite][22m[39m [31mws proxy socket error:[39m
Error: write ECONNABORTED
    at afterWriteDispatched (node:internal/stream_base_commons:159:15)
    at writeGeneric (node:internal/stream_base_commons:150:3)
    at Socket._writeGeneric (node:net:1025:11)
    at Socket._write (node:net:1037:8)
    at writeOrBuffer (node:internal/streams/writable:570:12)
    at _write (node:internal/streams/writable:499:10)
    at Writable.write (node:internal/streams/writable:508:10)
    at writeChunk (file:///C:/Users/NAKULSHARMA/Downloads/developmentsync-main/frontend/node_modules/vite/dist/node/chunks/config.js:21692:13)
    at IncomingMessage.<anonymous> (file:///C:/Users/NAKULSHARMA/Downloads/developmentsync-main/frontend/node_modules/vite/dist/node/chunks/config.js:21705:6)
    at IncomingMessage.emit (node:events:521:24)
[2m4:19:01 pm[22m [31m[1m[vite][22m[39m [31mws proxy error:[39m
Error: write ECONNABORTED
    at afterWriteDispatched (node:internal/stream_base_commons:159:15)
    at writeGeneric (node:internal/stream_base_commons:150:3)
    at Socket._writeGeneric (node:net:1025:11)
    at Socket._write (node:net:1037:8)
    at writeOrBuffer (node:internal/streams/writable:570:12)
    at _write (node:internal/streams/writable:499:10)
    at Writable.write (node:internal/streams/writable:508:10)
    at writeChunk (file:///C:/Users/NAKULSHARMA/Downloads/developmentsync-main/frontend/node_modules/vite/dist/node/chunks/config.js:21695:13)
    at IncomingMessage.<anonymous> (file:///C:/Users/NAKULSHARMA/Downloads/developmentsync-main/frontend/node_modules/vite/dist/node/chunks/config.js:21702:6)
    at IncomingMessage.emit (node:events:509:28)
[2m4:19:01 pm[22m [31m[1m[vite][22m[39m [31mws proxy socket error:[39m
Error: write ECONNABORTED
    at afterWriteDispatched (node:internal/stream_base_commons:159:15)
    at writeGeneric (node:internal/stream_base_commons:150:3)
    at Socket._writeGeneric (node:net:1025:11)
    at Socket._write (node:net:1037:8)
    at writeOrBuffer (node:internal/streams/writable:570:12)
    at _write (node:internal/streams/writable:499:10)
    at Writable.write (node:internal/streams/writable:508:10)
    at writeChunk (file:///C:/Users/NAKULSHARMA/Downloads/developmentsync-main/frontend/node_modules/vite/dist/node/chunks/config.js:21695:13)
    at IncomingMessage.<anonymous> (file:///C:/Users/NAKULSHARMA/Downloads/developmentsync-main/frontend/node_modules/vite/dist/node/chunks/config.js:21702:6)
    at IncomingMessage.emit (node:events:509:28)
[2m4:19:03 pm[22m [31m[1m[vite][22m[39m [31mws proxy error:[39m
Error: write ECONNABORTED
    at afterWriteDispatched (node:internal/stream_base_commons:159:15)
    at writeGeneric (node:internal/stream_base_commons:150:3)
    at Socket._writeGeneric (node:net:1025:11)
    at Socket._write (node:net:1037:8)
    at writeOrBuffer (node:internal/streams/writable:570:12)
    at _write (node:internal/streams/writable:499:10)
    at Writable.write (node:internal/streams/writable:508:10)
    at writeChunk (file:///C:/Users/NAKULSHARMA/Downloads/developmentsync-main/frontend/node_modules/vite/dist/node/chunks/config.js:21692:13)
    at IncomingMessage.<anonymous> (file:///C:/Users/NAKULSHARMA/Downloads/developmentsync-main/frontend/node_modules/vite/dist/node/chunks/config.js:21705:6)
    at IncomingMessage.emit (node:events:521:24)
[2m4:19:03 pm[22m [31m[1m[vite][22m[39m [31mws proxy socket error:[39m
Error: write ECONNABORTED
    at afterWriteDispatched (node:internal/stream_base_commons:159:15)
    at writeGeneric (node:internal/stream_base_commons:150:3)
    at Socket._writeGeneric (node:net:1025:11)
    at Socket._write (node:net:1037:8)
    at writeOrBuffer (node:internal/streams/writable:570:12)
    at _write (node:internal/streams/writable:499:10)
    at Writable.write (node:internal/streams/writable:508:10)
    at writeChunk (file:///C:/Users/NAKULSHARMA/Downloads/developmentsync-main/frontend/node_modules/vite/dist/node/chunks/config.js:21692:13)
    at IncomingMessage.<anonymous> (file:///C:/Users/NAKULSHARMA/Downloads/developmentsync-main/frontend/node_modules/vite/dist/node/chunks/config.js:21705:6)
    at IncomingMessage.emit (node:events:521:24)
[2m4:19:05 pm[22m [31m[1m[vite][22m[39m [31mws proxy error:[39m
Error: write ECONNABORTED
    at afterWriteDispatched (node:internal/stream_base_commons:159:15)
    at writeGeneric (node:internal/stream_base_commons:150:3)
    at Socket._writeGeneric (node:net:1025:11)
    at Socket._write (node:net:1037:8)
    at writeOrBuffer (node:internal/streams/writable:570:12)
    at _write (node:internal/streams/writable:499:10)
    at Writable.write (node:internal/streams/writable:508:10)
    at writeChunk (file:///C:/Users/NAKULSHARMA/Downloads/developmentsync-main/frontend/node_modules/vite/dist/node/chunks/config.js:21693:13)
    at IncomingMessage.<anonymous> (file:///C:/Users/NAKULSHARMA/Downloads/developmentsync-main/frontend/node_modules/vite/dist/node/chunks/config.js:21702:6)
    at IncomingMessage.emit (node:events:509:28)
[2m4:19:05 pm[22m [31m[1m[vite][22m[39m [31mws proxy socket error:[39m
Error: write ECONNABORTED
    at afterWriteDispatched (node:internal/stream_base_commons:159:15)
    at writeGeneric (node:internal/stream_base_commons:150:3)
    at Socket._writeGeneric (node:net:1025:11)
    at Socket._write (node:net:1037:8)
    at writeOrBuffer (node:internal/streams/writable:570:12)
    at _write (node:internal/streams/writable:499:10)
    at Writable.write (node:internal/streams/writable:508:10)
    at writeChunk (file:///C:/Users/NAKULSHARMA/Downloads/developmentsync-main/frontend/node_modules/vite/dist/node/chunks/config.js:21693:13)
    at IncomingMessage.<anonymous> (file:///C:/Users/NAKULSHARMA/Downloads/developmentsync-main/frontend/node_modules/vite/dist/node/chunks/config.js:21702:6)
    at IncomingMessage.emit (node:events:509:28)
[2m4:19:08 pm[22m [31m[1m[vite][22m[39m [31mws proxy error:[39m
Error: write ECONNABORTED
    at afterWriteDispatched (node:internal/stream_base_commons:159:15)
    at writeGeneric (node:internal/stream_base_commons:150:3)
    at Socket._writeGeneric (node:net:1025:11)
    at Socket._write (node:net:1037:8)
    at writeOrBuffer (node:internal/streams/writable:570:12)
    at _write (node:internal/streams/writable:499:10)
    at Writable.write (node:internal/streams/writable:508:10)
    at writeChunk (file:///C:/Users/NAKULSHARMA/Downloads/developmentsync-main/frontend/node_modules/vite/dist/node/chunks/config.js:21694:13)
    at IncomingMessage.<anonymous> (file:///C:/Users/NAKULSHARMA/Downloads/developmentsync-main/frontend/node_modules/vite/dist/node/chunks/config.js:21702:6)
    at IncomingMessage.emit (node:events:509:28)
[2m4:19:08 pm[22m [31m[1m[vite][22m[39m [31mws proxy socket error:[39m
Error: write ECONNABORTED
    at afterWriteDispatched (node:internal/stream_base_commons:159:15)
    at writeGeneric (node:internal/stream_base_commons:150:3)
    at Socket._writeGeneric (node:net:1025:11)
    at Socket._write (node:net:1037:8)
    at writeOrBuffer (node:internal/streams/writable:570:12)
    at _write (node:internal/streams/writable:499:10)
    at Writable.write (node:internal/streams/writable:508:10)
    at writeChunk (file:///C:/Users/NAKULSHARMA/Downloads/developmentsync-main/frontend/node_modules/vite/dist/node/chunks/config.js:21694:13)
    at IncomingMessage.<anonymous> (file:///C:/Users/NAKULSHARMA/Downloads/developmentsync-main/frontend/node_modules/vite/dist/node/chunks/config.js:21702:6)
    at IncomingMessage.emit (node:events:509:28)
[2m4:19:11 pm[22m [31m[1m[vite][22m[39m [31mws proxy error:[39m
Error: write ECONNABORTED
    at afterWriteDispatched (node:internal/stream_base_commons:159:15)
    at writeGeneric (node:internal/stream_base_commons:150:3)
    at Socket._writeGeneric (node:net:1025:11)
    at Socket._write (node:net:1037:8)
    at writeOrBuffer (node:internal/streams/writable:570:12)
    at _write (node:internal/streams/writable:499:10)
    at Writable.write (node:internal/streams/writable:508:10)
    at writeChunk (file:///C:/Users/NAKULSHARMA/Downloads/developmentsync-main/frontend/node_modules/vite/dist/node/chunks/config.js:21693:13)
    at IncomingMessage.<anonymous> (file:///C:/Users/NAKULSHARMA/Downloads/developmentsync-main/frontend/node_modules/vite/dist/node/chunks/config.js:21705:6)
    at IncomingMessage.emit (node:events:521:24)
[2m4:19:11 pm[22m [31m[1m[vite][22m[39m [31mws proxy socket error:[39m
Error: write ECONNABORTED
    at afterWriteDispatched (node:internal/stream_base_commons:159:15)
    at writeGeneric (node:internal/stream_base_commons:150:3)
    at Socket._writeGeneric (node:net:1025:11)
    at Socket._write (node:net:1037:8)
    at writeOrBuffer (node:internal/streams/writable:570:12)
    at _write (node:internal/streams/writable:499:10)
    at Writable.write (node:internal/streams/writable:508:10)
    at writeChunk (file:///C:/Users/NAKULSHARMA/Downloads/developmentsync-main/frontend/node_modules/vite/dist/node/chunks/config.js:21693:13)
    at IncomingMessage.<anonymous> (file:///C:/Users/NAKULSHARMA/Downloads/developmentsync-main/frontend/node_modules/vite/dist/node/chunks/config.js:21705:6)
    at IncomingMessage.emit (node:events:521:24)
[2m4:19:14 pm[22m [31m[1m[vite][22m[39m [31mws proxy error:[39m
Error: write ECONNABORTED
    at afterWriteDispatched (node:internal/stream_base_commons:159:15)
    at writeGeneric (node:internal/stream_base_commons:150:3)
    at Socket._writeGeneric (node:net:1025:11)
    at Socket._write (node:net:1037:8)
    at writeOrBuffer (node:internal/streams/writable:570:12)
    at _write (node:internal/streams/writable:499:10)
    at Writable.write (node:internal/streams/writable:508:10)
    at writeChunk (file:///C:/Users/NAKULSHARMA/Downloads/developmentsync-main/frontend/node_modules/vite/dist/node/chunks/config.js:21692:13)
    at IncomingMessage.<anonymous> (file:///C:/Users/NAKULSHARMA/Downloads/developmentsync-main/frontend/node_modules/vite/dist/node/chunks/config.js:21705:6)
    at IncomingMessage.emit (node:events:521:24)
[2m4:19:14 pm[22m [31m[1m[vite][22m[39m [31mws proxy socket error:[39m
Error: write ECONNABORTED
    at afterWriteDispatched (node:internal/stream_base_commons:159:15)
    at writeGeneric (node:internal/stream_base_commons:150:3)
    at Socket._writeGeneric (node:net:1025:11)
    at Socket._write (node:net:1037:8)
    at writeOrBuffer (node:internal/streams/writable:570:12)
    at _write (node:internal/streams/writable:499:10)
    at Writable.write (node:internal/streams/writable:508:10)
    at writeChunk (file:///C:/Users/NAKULSHARMA/Downloads/developmentsync-main/frontend/node_modules/vite/dist/node/chunks/config.js:21692:13)
    at IncomingMessage.<anonymous> (file:///C:/Users/NAKULSHARMA/Downloads/developmentsync-main/frontend/node_modules/vite/dist/node/chunks/config.js:21705:6)
    at IncomingMessage.emit (node:events:521:24)
[2m4:19:22 pm[22m [31m[1m[vite][22m[39m [31mws proxy error:[39m
Error: write ECONNABORTED
    at afterWriteDispatched (node:internal/stream_base_commons:159:15)
    at writeGeneric (node:internal/stream_base_commons:150:3)
    at Socket._writeGeneric (node:net:1025:11)
    at Socket._write (node:net:1037:8)
    at writeOrBuffer (node:internal/streams/writable:570:12)
    at _write (node:internal/streams/writable:499:10)
    at Writable.write (node:internal/streams/writable:508:10)
    at writeChunk (file:///C:/Users/NAKULSHARMA/Downloads/developmentsync-main/frontend/node_modules/vite/dist/node/chunks/config.js:21693:13)
    at IncomingMessage.<anonymous> (file:///C:/Users/NAKULSHARMA/Downloads/developmentsync-main/frontend/node_modules/vite/dist/node/chunks/config.js:21705:6)
    at IncomingMessage.emit (node:events:521:24)
[2m4:19:22 pm[22m [31m[1m[vite][22m[39m [31mws proxy socket error:[39m
Error: write ECONNABORTED
    at afterWriteDispatched (node:internal/stream_base_commons:159:15)
    at writeGeneric (node:internal/stream_base_commons:150:3)
    at Socket._writeGeneric (node:net:1025:11)
    at Socket._write (node:net:1037:8)
    at writeOrBuffer (node:internal/streams/writable:570:12)
    at _write (node:internal/streams/writable:499:10)
    at Writable.write (node:internal/streams/writable:508:10)
    at writeChunk (file:///C:/Users/NAKULSHARMA/Downloads/developmentsync-main/frontend/node_modules/vite/dist/node/chunks/config.js:21693:13)
    at IncomingMessage.<anonymous> (file:///C:/Users/NAKULSHARMA/Downloads/developmentsync-main/frontend/node_modules/vite/dist/node/chunks/config.js:21705:6)
    at IncomingMessage.emit (node:events:521:24)
[2m4:19:28 pm[22m [31m[1m[vite][22m[39m [31mws proxy error:[39m
Error: write ECONNABORTED
    at afterWriteDispatched (node:internal/stream_base_commons:159:15)
    at writeGeneric (node:internal/stream_base_commons:150:3)
    at Socket._writeGeneric (node:net:1025:11)
    at Socket._write (node:net:1037:8)
    at writeOrBuffer (node:internal/streams/writable:570:12)
    at _write (node:internal/streams/writable:499:10)
    at Writable.write (node:internal/streams/writable:508:10)
    at writeChunk (file:///C:/Users/NAKULSHARMA/Downloads/developmentsync-main/frontend/node_modules/vite/dist/node/chunks/config.js:21692:13)
    at IncomingMessage.<anonymous> (file:///C:/Users/NAKULSHARMA/Downloads/developmentsync-main/frontend/node_modules/vite/dist/node/chunks/config.js:21705:6)
    at IncomingMessage.emit (node:events:521:24)
[2m4:19:28 pm[22m [31m[1m[vite][22m[39m [31mws proxy socket error:[39m
Error: write ECONNABORTED
    at afterWriteDispatched (node:internal/stream_base_commons:159:15)
    at writeGeneric (node:internal/stream_base_commons:150:3)
    at Socket._writeGeneric (node:net:1025:11)
    at Socket._write (node:net:1037:8)
    at writeOrBuffer (node:internal/streams/writable:570:12)
    at _write (node:internal/streams/writable:499:10)
    at Writable.write (node:internal/streams/writable:508:10)
    at writeChunk (file:///C:/Users/NAKULSHARMA/Downloads/developmentsync-main/frontend/node_modules/vite/dist/node/chunks/config.js:21692:13)
    at IncomingMessage.<anonymous> (file:///C:/Users/NAKULSHARMA/Downloads/developmentsync-main/frontend/node_modules/vite/dist/node/chunks/config.js:21705:6)
    at IncomingMessage.emit (node:events:521:24)
[2m4:19:33 pm[22m [31m[1m[vite][22m[39m [31mws proxy error:[39m
Error: write ECONNABORTED
    at afterWriteDispatched (node:internal/stream_base_commons:159:15)
    at writeGeneric (node:internal/stream_base_commons:150:3)
    at Socket._writeGeneric (node:net:1025:11)
    at Socket._write (node:net:1037:8)
    at writeOrBuffer (node:internal/streams/writable:570:12)
    at _write (node:internal/streams/writable:499:10)
    at Writable.write (node:internal/streams/writable:508:10)
    at writeChunk (file:///C:/Users/NAKULSHARMA/Downloads/developmentsync-main/frontend/node_modules/vite/dist/node/chunks/config.js:21692:13)
    at IncomingMessage.<anonymous> (file:///C:/Users/NAKULSHARMA/Downloads/developmentsync-main/frontend/node_modules/vite/dist/node/chunks/config.js:21705:6)
    at IncomingMessage.emit (node:events:521:24)
[2m4:19:33 pm[22m [31m[1m[vite][22m[39m [31mws proxy socket error:[39m
Error: write ECONNABORTED
    at afterWriteDispatched (node:internal/stream_base_commons:159:15)
    at writeGeneric (node:internal/stream_base_commons:150:3)
    at Socket._writeGeneric (node:net:1025:11)
    at Socket._write (node:net:1037:8)
    at writeOrBuffer (node:internal/streams/writable:570:12)
    at _write (node:internal/streams/writable:499:10)
    at Writable.write (node:internal/streams/writable:508:10)
    at writeChunk (file:///C:/Users/NAKULSHARMA/Downloads/developmentsync-main/frontend/node_modules/vite/dist/node/chunks/config.js:21692:13)
    at IncomingMessage.<anonymous> (file:///C:/Users/NAKULSHARMA/Downloads/developmentsync-main/frontend/node_modules/vite/dist/node/chunks/config.js:21705:6)
    at IncomingMessage.emit (node:events:521:24)
[2m4:19:40 pm[22m [31m[1m[vite][22m[39m [31mws proxy error:[39m
Error: write ECONNABORTED
    at afterWriteDispatched (node:internal/stream_base_commons:159:15)
    at writeGeneric (node:internal/stream_base_commons:150:3)
    at Socket._writeGeneric (node:net:1025:11)
    at Socket._write (node:net:1037:8)
    at writeOrBuffer (node:internal/streams/writable:570:12)
    at _write (node:internal/streams/writable:499:10)
    at Writable.write (node:internal/streams/writable:508:10)
    at writeChunk (file:///C:/Users/NAKULSHARMA/Downloads/developmentsync-main/frontend/node_modules/vite/dist/node/chunks/config.js:21692:13)
    at IncomingMessage.<anonymous> (file:///C:/Users/NAKULSHARMA/Downloads/developmentsync-main/frontend/node_modules/vite/dist/node/chunks/config.js:21705:6)
    at IncomingMessage.emit (node:events:521:24)
[2m4:19:40 pm[22m [31m[1m[vite][22m[39m [31mws proxy socket error:[39m
Error: write ECONNABORTED
    at afterWriteDispatched (node:internal/stream_base_commons:159:15)
    at writeGeneric (node:internal/stream_base_commons:150:3)
    at Socket._writeGeneric (node:net:1025:11)
    at Socket._write (node:net:1037:8)
    at writeOrBuffer (node:internal/streams/writable:570:12)
    at _write (node:internal/streams/writable:499:10)
    at Writable.write (node:internal/streams/writable:508:10)
    at writeChunk (file:///C:/Users/NAKULSHARMA/Downloads/developmentsync-main/frontend/node_modules/vite/dist/node/chunks/config.js:21692:13)
    at IncomingMessage.<anonymous> (file:///C:/Users/NAKULSHARMA/Downloads/developmentsync-main/frontend/node_modules/vite/dist/node/chunks/config.js:21705:6)
    at IncomingMessage.emit (node:events:521:24)
[2m4:19:45 pm[22m [31m[1m[vite][22m[39m [31mws proxy error:[39m
Error: write ECONNABORTED
    at afterWriteDispatched (node:internal/stream_base_commons:159:15)
    at writeGeneric (node:internal/stream_base_commons:150:3)
    at Socket._writeGeneric (node:net:1025:11)
    at Socket._write (node:net:1037:8)
    at writeOrBuffer (node:internal/streams/writable:570:12)
    at _write (node:internal/streams/writable:499:10)
    at Writable.write (node:internal/streams/writable:508:10)
    at writeChunk (file:///C:/Users/NAKULSHARMA/Downloads/developmentsync-main/frontend/node_modules/vite/dist/node/chunks/config.js:21692:13)
    at IncomingMessage.<anonymous> (file:///C:/Users/NAKULSHARMA/Downloads/developmentsync-main/frontend/node_modules/vite/dist/node/chunks/config.js:21705:6)
    at IncomingMessage.emit (node:events:521:24)
[2m4:19:45 pm[22m [31m[1m[vite][22m[39m [31mws proxy socket error:[39m
Error: write ECONNABORTED
    at afterWriteDispatched (node:internal/stream_base_commons:159:15)
    at writeGeneric (node:internal/stream_base_commons:150:3)
    at Socket._writeGeneric (node:net:1025:11)
    at Socket._write (node:net:1037:8)
    at writeOrBuffer (node:internal/streams/writable:570:12)
    at _write (node:internal/streams/writable:499:10)
    at Writable.write (node:internal/streams/writable:508:10)
    at writeChunk (file:///C:/Users/NAKULSHARMA/Downloads/developmentsync-main/frontend/node_modules/vite/dist/node/chunks/config.js:21692:13)
    at IncomingMessage.<anonymous> (file:///C:/Users/NAKULSHARMA/Downloads/developmentsync-main/frontend/node_modules/vite/dist/node/chunks/config.js:21705:6)
    at IncomingMessage.emit (node:events:521:24)
[2m4:19:51 pm[22m [31m[1m[vite][22m[39m [31mws proxy error:[39m
Error: write ECONNABORTED
    at afterWriteDispatched (node:internal/stream_base_commons:159:15)
    at writeGeneric (node:internal/stream_base_commons:150:3)
    at Socket._writeGeneric (node:net:1025:11)
    at Socket._write (node:net:1037:8)
    at writeOrBuffer (node:internal/streams/writable:570:12)
    at _write (node:internal/streams/writable:499:10)
    at Writable.write (node:internal/streams/writable:508:10)
    at writeChunk (file:///C:/Users/NAKULSHARMA/Downloads/developmentsync-main/frontend/node_modules/vite/dist/node/chunks/config.js:21694:13)
    at IncomingMessage.<anonymous> (file:///C:/Users/NAKULSHARMA/Downloads/developmentsync-main/frontend/node_modules/vite/dist/node/chunks/config.js:21702:6)
    at IncomingMessage.emit (node:events:509:28)
[2m4:19:51 pm[22m [31m[1m[vite][22m[39m [31mws proxy socket error:[39m
Error: write ECONNABORTED
    at afterWriteDispatched (node:internal/stream_base_commons:159:15)
    at writeGeneric (node:internal/stream_base_commons:150:3)
    at Socket._writeGeneric (node:net:1025:11)
    at Socket._write (node:net:1037:8)
    at writeOrBuffer (node:internal/streams/writable:570:12)
    at _write (node:internal/streams/writable:499:10)
    at Writable.write (node:internal/streams/writable:508:10)
    at writeChunk (file:///C:/Users/NAKULSHARMA/Downloads/developmentsync-main/frontend/node_modules/vite/dist/node/chunks/config.js:21694:13)
    at IncomingMessage.<anonymous> (file:///C:/Users/NAKULSHARMA/Downloads/developmentsync-main/frontend/node_modules/vite/dist/node/chunks/config.js:21702:6)
    at IncomingMessage.emit (node:events:509:28)
[2m4:19:57 pm[22m [31m[1m[vite][22m[39m [31mws proxy error:[39m
Error: write ECONNABORTED
    at afterWriteDispatched (node:internal/stream_base_commons:159:15)
    at writeGeneric (node:internal/stream_base_commons:150:3)
    at Socket._writeGeneric (node:net:1025:11)
    at Socket._write (node:net:1037:8)
    at writeOrBuffer (node:internal/streams/writable:570:12)
    at _write (node:internal/streams/writable:499:10)
    at Writable.write (node:internal/streams/writable:508:10)
    at writeChunk (file:///C:/Users/NAKULSHARMA/Downloads/developmentsync-main/frontend/node_modules/vite/dist/node/chunks/config.js:21692:13)
    at IncomingMessage.<anonymous> (file:///C:/Users/NAKULSHARMA/Downloads/developmentsync-main/frontend/node_modules/vite/dist/node/chunks/config.js:21705:6)
    at IncomingMessage.emit (node:events:521:24)
[2m4:19:57 pm[22m [31m[1m[vite][22m[39m [31mws proxy socket error:[39m
Error: write ECONNABORTED
    at afterWriteDispatched (node:internal/stream_base_commons:159:15)
    at writeGeneric (node:internal/stream_base_commons:150:3)
    at Socket._writeGeneric (node:net:1025:11)
    at Socket._write (node:net:1037:8)
    at writeOrBuffer (node:internal/streams/writable:570:12)
    at _write (node:internal/streams/writable:499:10)
    at Writable.write (node:internal/streams/writable:508:10)
    at writeChunk (file:///C:/Users/NAKULSHARMA/Downloads/developmentsync-main/frontend/node_modules/vite/dist/node/chunks/config.js:21692:13)
    at IncomingMessage.<anonymous> (file:///C:/Users/NAKULSHARMA/Downloads/developmentsync-main/frontend/node_modules/vite/dist/node/chunks/config.js:21705:6)
    at IncomingMessage.emit (node:events:521:24)
[2m4:20:03 pm[22m [31m[1m[vite][22m[39m [31mws proxy error:[39m
Error: write ECONNABORTED
    at afterWriteDispatched (node:internal/stream_base_commons:159:15)
    at writeGeneric (node:internal/stream_base_commons:150:3)
    at Socket._writeGeneric (node:net:1025:11)
    at Socket._write (node:net:1037:8)
    at writeOrBuffer (node:internal/streams/writable:570:12)
    at _write (node:internal/streams/writable:499:10)
    at Writable.write (node:internal/streams/writable:508:10)
    at writeChunk (file:///C:/Users/NAKULSHARMA/Downloads/developmentsync-main/frontend/node_modules/vite/dist/node/chunks/config.js:21692:13)
    at IncomingMessage.<anonymous> (file:///C:/Users/NAKULSHARMA/Downloads/developmentsync-main/frontend/node_modules/vite/dist/node/chunks/config.js:21705:6)
    at IncomingMessage.emit (node:events:521:24)
[2m4:20:03 pm[22m [31m[1m[vite][22m[39m [31mws proxy socket error:[39m
Error: write ECONNABORTED
    at afterWriteDispatched (node:internal/stream_base_commons:159:15)
    at writeGeneric (node:internal/stream_base_commons:150:3)
    at Socket._writeGeneric (node:net:1025:11)
    at Socket._write (node:net:1037:8)
    at writeOrBuffer (node:internal/streams/writable:570:12)
    at _write (node:internal/streams/writable:499:10)
    at Writable.write (node:internal/streams/writable:508:10)
    at writeChunk (file:///C:/Users/NAKULSHARMA/Downloads/developmentsync-main/frontend/node_modules/vite/dist/node/chunks/config.js:21692:13)
    at IncomingMessage.<anonymous> (file:///C:/Users/NAKULSHARMA/Downloads/developmentsync-main/frontend/node_modules/vite/dist/node/chunks/config.js:21705:6)
    at IncomingMessage.emit (node:events:521:24)
[2m4:20:07 pm[22m [31m[1m[vite][22m[39m [31mws proxy error:[39m
Error: write ECONNABORTED
    at afterWriteDispatched (node:internal/stream_base_commons:159:15)
    at writeGeneric (node:internal/stream_base_commons:150:3)
    at Socket._writeGeneric (node:net:1025:11)
    at Socket._write (node:net:1037:8)
    at writeOrBuffer (node:internal/streams/writable:570:12)
    at _write (node:internal/streams/writable:499:10)
    at Writable.write (node:internal/streams/writable:508:10)
    at writeChunk (file:///C:/Users/NAKULSHARMA/Downloads/developmentsync-main/frontend/node_modules/vite/dist/node/chunks/config.js:21692:13)
    at IncomingMessage.<anonymous> (file:///C:/Users/NAKULSHARMA/Downloads/developmentsync-main/frontend/node_modules/vite/dist/node/chunks/config.js:21705:6)
    at IncomingMessage.emit (node:events:521:24)
[2m4:20:07 pm[22m [31m[1m[vite][22m[39m [31mws proxy socket error:[39m
Error: write ECONNABORTED
    at afterWriteDispatched (node:internal/stream_base_commons:159:15)
    at writeGeneric (node:internal/stream_base_commons:150:3)
    at Socket._writeGeneric (node:net:1025:11)
    at Socket._write (node:net:1037:8)
    at writeOrBuffer (node:internal/streams/writable:570:12)
    at _write (node:internal/streams/writable:499:10)
    at Writable.write (node:internal/streams/writable:508:10)
    at writeChunk (file:///C:/Users/NAKULSHARMA/Downloads/developmentsync-main/frontend/node_modules/vite/dist/node/chunks/config.js:21692:13)
    at IncomingMessage.<anonymous> (file:///C:/Users/NAKULSHARMA/Downloads/developmentsync-main/frontend/node_modules/vite/dist/node/chunks/config.js:21705:6)
    at IncomingMessage.emit (node:events:521:24)
[2m4:20:14 pm[22m [31m[1m[vite][22m[39m [31mws proxy error:[39m
Error: write ECONNABORTED
    at afterWriteDispatched (node:internal/stream_base_commons:159:15)
    at writeGeneric (node:internal/stream_base_commons:150:3)
    at Socket._writeGeneric (node:net:1025:11)
    at Socket._write (node:net:1037:8)
    at writeOrBuffer (node:internal/streams/writable:570:12)
    at _write (node:internal/streams/writable:499:10)
    at Writable.write (node:internal/streams/writable:508:10)
    at writeChunk (file:///C:/Users/NAKULSHARMA/Downloads/developmentsync-main/frontend/node_modules/vite/dist/node/chunks/config.js:21692:13)
    at IncomingMessage.<anonymous> (file:///C:/Users/NAKULSHARMA/Downloads/developmentsync-main/frontend/node_modules/vite/dist/node/chunks/config.js:21705:6)
    at IncomingMessage.emit (node:events:521:24)
[2m4:20:14 pm[22m [31m[1m[vite][22m[39m [31mws proxy socket error:[39m
Error: write ECONNABORTED
    at afterWriteDispatched (node:internal/stream_base_commons:159:15)
    at writeGeneric (node:internal/stream_base_commons:150:3)
    at Socket._writeGeneric (node:net:1025:11)
    at Socket._write (node:net:1037:8)
    at writeOrBuffer (node:internal/streams/writable:570:12)
    at _write (node:internal/streams/writable:499:10)
    at Writable.write (node:internal/streams/writable:508:10)
    at writeChunk (file:///C:/Users/NAKULSHARMA/Downloads/developmentsync-main/frontend/node_modules/vite/dist/node/chunks/config.js:21692:13)
    at IncomingMessage.<anonymous> (file:///C:/Users/NAKULSHARMA/Downloads/developmentsync-main/frontend/node_modules/vite/dist/node/chunks/config.js:21705:6)
    at IncomingMessage.emit (node:events:521:24)
[2m4:20:20 pm[22m [31m[1m[vite][22m[39m [31mws proxy error:[39m
Error: write ECONNABORTED
    at afterWriteDispatched (node:internal/stream_base_commons:159:15)
    at writeGeneric (node:internal/stream_base_commons:150:3)
    at Socket._writeGeneric (node:net:1025:11)
    at Socket._write (node:net:1037:8)
    at writeOrBuffer (node:internal/streams/writable:570:12)
    at _write (node:internal/streams/writable:499:10)
    at Writable.write (node:internal/streams/writable:508:10)
    at writeChunk (file:///C:/Users/NAKULSHARMA/Downloads/developmentsync-main/frontend/node_modules/vite/dist/node/chunks/config.js:21693:13)
    at IncomingMessage.<anonymous> (file:///C:/Users/NAKULSHARMA/Downloads/developmentsync-main/frontend/node_modules/vite/dist/node/chunks/config.js:21705:6)
    at IncomingMessage.emit (node:events:521:24)
[2m4:20:20 pm[22m [31m[1m[vite][22m[39m [31mws proxy socket error:[39m
Error: write ECONNABORTED
    at afterWriteDispatched (node:internal/stream_base_commons:159:15)
    at writeGeneric (node:internal/stream_base_commons:150:3)
    at Socket._writeGeneric (node:net:1025:11)
    at Socket._write (node:net:1037:8)
    at writeOrBuffer (node:internal/streams/writable:570:12)
    at _write (node:internal/streams/writable:499:10)
    at Writable.write (node:internal/streams/writable:508:10)
    at writeChunk (file:///C:/Users/NAKULSHARMA/Downloads/developmentsync-main/frontend/node_modules/vite/dist/node/chunks/config.js:21693:13)
    at IncomingMessage.<anonymous> (file:///C:/Users/NAKULSHARMA/Downloads/developmentsync-main/frontend/node_modules/vite/dist/node/chunks/config.js:21705:6)
    at IncomingMessage.emit (node:events:521:24)
[2m4:20:25 pm[22m [31m[1m[vite][22m[39m [31mws proxy error:[39m
Error: write ECONNABORTED
    at afterWriteDispatched (node:internal/stream_base_commons:159:15)
    at writeGeneric (node:internal/stream_base_commons:150:3)
    at Socket._writeGeneric (node:net:1025:11)
    at Socket._write (node:net:1037:8)
    at writeOrBuffer (node:internal/streams/writable:570:12)
    at _write (node:internal/streams/writable:499:10)
    at Writable.write (node:internal/streams/writable:508:10)
    at writeChunk (file:///C:/Users/NAKULSHARMA/Downloads/developmentsync-main/frontend/node_modules/vite/dist/node/chunks/config.js:21692:13)
    at IncomingMessage.<anonymous> (file:///C:/Users/NAKULSHARMA/Downloads/developmentsync-main/frontend/node_modules/vite/dist/node/chunks/config.js:21705:6)
    at IncomingMessage.emit (node:events:521:24)
[2m4:20:25 pm[22m [31m[1m[vite][22m[39m [31mws proxy socket error:[39m
Error: write ECONNABORTED
    at afterWriteDispatched (node:internal/stream_base_commons:159:15)
    at writeGeneric (node:internal/stream_base_commons:150:3)
    at Socket._writeGeneric (node:net:1025:11)
    at Socket._write (node:net:1037:8)
    at writeOrBuffer (node:internal/streams/writable:570:12)
    at _write (node:internal/streams/writable:499:10)
    at Writable.write (node:internal/streams/writable:508:10)
    at writeChunk (file:///C:/Users/NAKULSHARMA/Downloads/developmentsync-main/frontend/node_modules/vite/dist/node/chunks/config.js:21692:13)
    at IncomingMessage.<anonymous> (file:///C:/Users/NAKULSHARMA/Downloads/developmentsync-main/frontend/node_modules/vite/dist/node/chunks/config.js:21705:6)
    at IncomingMessage.emit (node:events:521:24)
[2m4:20:29 pm[22m [31m[1m[vite][22m[39m [31mws proxy error:[39m
Error: write ECONNABORTED
    at afterWriteDispatched (node:internal/stream_base_commons:159:15)
    at writeGeneric (node:internal/stream_base_commons:150:3)
    at Socket._writeGeneric (node:net:1025:11)
    at Socket._write (node:net:1037:8)
    at writeOrBuffer (node:internal/streams/writable:570:12)
    at _write (node:internal/streams/writable:499:10)
    at Writable.write (node:internal/streams/writable:508:10)
    at writeChunk (file:///C:/Users/NAKULSHARMA/Downloads/developmentsync-main/frontend/node_modules/vite/dist/node/chunks/config.js:21692:13)
    at IncomingMessage.<anonymous> (file:///C:/Users/NAKULSHARMA/Downloads/developmentsync-main/frontend/node_modules/vite/dist/node/chunks/config.js:21705:6)
    at IncomingMessage.emit (node:events:521:24)
[2m4:20:29 pm[22m [31m[1m[vite][22m[39m [31mws proxy socket error:[39m
Error: write ECONNABORTED
    at afterWriteDispatched (node:internal/stream_base_commons:159:15)
    at writeGeneric (node:internal/stream_base_commons:150:3)
    at Socket._writeGeneric (node:net:1025:11)
    at Socket._write (node:net:1037:8)
    at writeOrBuffer (node:internal/streams/writable:570:12)
    at _write (node:internal/streams/writable:499:10)
    at Writable.write (node:internal/streams/writable:508:10)
    at writeChunk (file:///C:/Users/NAKULSHARMA/Downloads/developmentsync-main/frontend/node_modules/vite/dist/node/chunks/config.js:21692:13)
    at IncomingMessage.<anonymous> (file:///C:/Users/NAKULSHARMA/Downloads/developmentsync-main/frontend/node_modules/vite/dist/node/chunks/config.js:21705:6)
    at IncomingMessage.emit (node:events:521:24)
[2m4:20:34 pm[22m [31m[1m[vite][22m[39m [31mws proxy error:[39m
Error: write ECONNABORTED
    at afterWriteDispatched (node:internal/stream_base_commons:159:15)
    at writeGeneric (node:internal/stream_base_commons:150:3)
    at Socket._writeGeneric (node:net:1025:11)
    at Socket._write (node:net:1037:8)
    at writeOrBuffer (node:internal/streams/writable:570:12)
    at _write (node:internal/streams/writable:499:10)
    at Writable.write (node:internal/streams/writable:508:10)
    at writeChunk (file:///C:/Users/NAKULSHARMA/Downloads/developmentsync-main/frontend/node_modules/vite/dist/node/chunks/config.js:21692:13)
    at IncomingMessage.<anonymous> (file:///C:/Users/NAKULSHARMA/Downloads/developmentsync-main/frontend/node_modules/vite/dist/node/chunks/config.js:21705:6)
    at IncomingMessage.emit (node:events:521:24)
[2m4:20:34 pm[22m [31m[1m[vite][22m[39m [31mws proxy socket error:[39m
Error: write ECONNABORTED
    at afterWriteDispatched (node:internal/stream_base_commons:159:15)
    at writeGeneric (node:internal/stream_base_commons:150:3)
    at Socket._writeGeneric (node:net:1025:11)
    at Socket._write (node:net:1037:8)
    at writeOrBuffer (node:internal/streams/writable:570:12)
    at _write (node:internal/streams/writable:499:10)
    at Writable.write (node:internal/streams/writable:508:10)
    at writeChunk (file:///C:/Users/NAKULSHARMA/Downloads/developmentsync-main/frontend/node_modules/vite/dist/node/chunks/config.js:21692:13)
    at IncomingMessage.<anonymous> (file:///C:/Users/NAKULSHARMA/Downloads/developmentsync-main/frontend/node_modules/vite/dist/node/chunks/config.js:21705:6)
    at IncomingMessage.emit (node:events:521:24)
[2m4:20:40 pm[22m [31m[1m[vite][22m[39m [31mws proxy error:[39m
Error: write ECONNABORTED
    at afterWriteDispatched (node:internal/stream_base_commons:159:15)
    at writeGeneric (node:internal/stream_base_commons:150:3)
    at Socket._writeGeneric (node:net:1025:11)
    at Socket._write (node:net:1037:8)
    at writeOrBuffer (node:internal/streams/writable:570:12)
    at _write (node:internal/streams/writable:499:10)
    at Writable.write (node:internal/streams/writable:508:10)
    at writeChunk (file:///C:/Users/NAKULSHARMA/Downloads/developmentsync-main/frontend/node_modules/vite/dist/node/chunks/config.js:21692:13)
    at IncomingMessage.<anonymous> (file:///C:/Users/NAKULSHARMA/Downloads/developmentsync-main/frontend/node_modules/vite/dist/node/chunks/config.js:21705:6)
    at IncomingMessage.emit (node:events:521:24)
[2m4:20:40 pm[22m [31m[1m[vite][22m[39m [31mws proxy socket error:[39m
Error: write ECONNABORTED
    at afterWriteDispatched (node:internal/stream_base_commons:159:15)
    at writeGeneric (node:internal/stream_base_commons:150:3)
    at Socket._writeGeneric (node:net:1025:11)
    at Socket._write (node:net:1037:8)
    at writeOrBuffer (node:internal/streams/writable:570:12)
    at _write (node:internal/streams/writable:499:10)
    at Writable.write (node:internal/streams/writable:508:10)
    at writeChunk (file:///C:/Users/NAKULSHARMA/Downloads/developmentsync-main/frontend/node_modules/vite/dist/node/chunks/config.js:21692:13)
    at IncomingMessage.<anonymous> (file:///C:/Users/NAKULSHARMA/Downloads/developmentsync-main/frontend/node_modules/vite/dist/node/chunks/config.js:21705:6)
    at IncomingMessage.emit (node:events:521:24)
[2m4:20:42 pm[22m [31m[1m[vite][22m[39m [31mws proxy error:[39m
Error: write ECONNABORTED
    at afterWriteDispatched (node:internal/stream_base_commons:159:15)
    at writeGeneric (node:internal/stream_base_commons:150:3)
    at Socket._writeGeneric (node:net:1025:11)
    at Socket._write (node:net:1037:8)
    at writeOrBuffer (node:internal/streams/writable:570:12)
    at _write (node:internal/streams/writable:499:10)
    at Writable.write (node:internal/streams/writable:508:10)
    at writeChunk (file:///C:/Users/NAKULSHARMA/Downloads/developmentsync-main/frontend/node_modules/vite/dist/node/chunks/config.js:21693:13)
    at IncomingMessage.<anonymous> (file:///C:/Users/NAKULSHARMA/Downloads/developmentsync-main/frontend/node_modules/vite/dist/node/chunks/config.js:21702:6)
    at IncomingMessage.emit (node:events:509:28)
[2m4:20:42 pm[22m [31m[1m[vite][22m[39m [31mws proxy socket error:[39m
Error: write ECONNABORTED
    at afterWriteDispatched (node:internal/stream_base_commons:159:15)
    at writeGeneric (node:internal/stream_base_commons:150:3)
    at Socket._writeGeneric (node:net:1025:11)
    at Socket._write (node:net:1037:8)
    at writeOrBuffer (node:internal/streams/writable:570:12)
    at _write (node:internal/streams/writable:499:10)
    at Writable.write (node:internal/streams/writable:508:10)
    at writeChunk (file:///C:/Users/NAKULSHARMA/Downloads/developmentsync-main/frontend/node_modules/vite/dist/node/chunks/config.js:21693:13)
    at IncomingMessage.<anonymous> (file:///C:/Users/NAKULSHARMA/Downloads/developmentsync-main/frontend/node_modules/vite/dist/node/chunks/config.js:21702:6)
    at IncomingMessage.emit (node:events:509:28)
[2m4:20:45 pm[22m [31m[1m[vite][22m[39m [31mws proxy error:[39m
Error: write ECONNABORTED
    at afterWriteDispatched (node:internal/stream_base_commons:159:15)
    at writeGeneric (node:internal/stream_base_commons:150:3)
    at Socket._writeGeneric (node:net:1025:11)
    at Socket._write (node:net:1037:8)
    at writeOrBuffer (node:internal/streams/writable:570:12)
    at _write (node:internal/streams/writable:499:10)
    at Writable.write (node:internal/streams/writable:508:10)
    at writeChunk (file:///C:/Users/NAKULSHARMA/Downloads/developmentsync-main/frontend/node_modules/vite/dist/node/chunks/config.js:21692:13)
    at IncomingMessage.<anonymous> (file:///C:/Users/NAKULSHARMA/Downloads/developmentsync-main/frontend/node_modules/vite/dist/node/chunks/config.js:21705:6)
    at IncomingMessage.emit (node:events:521:24)
[2m4:20:45 pm[22m [31m[1m[vite][22m[39m [31mws proxy socket error:[39m
Error: write ECONNABORTED
    at afterWriteDispatched (node:internal/stream_base_commons:159:15)
    at writeGeneric (node:internal/stream_base_commons:150:3)
    at Socket._writeGeneric (node:net:1025:11)
    at Socket._write (node:net:1037:8)
    at writeOrBuffer (node:internal/streams/writable:570:12)
    at _write (node:internal/streams/writable:499:10)
    at Writable.write (node:internal/streams/writable:508:10)
    at writeChunk (file:///C:/Users/NAKULSHARMA/Downloads/developmentsync-main/frontend/node_modules/vite/dist/node/chunks/config.js:21692:13)
    at IncomingMessage.<anonymous> (file:///C:/Users/NAKULSHARMA/Downloads/developmentsync-main/frontend/node_modules/vite/dist/node/chunks/config.js:21705:6)
    at IncomingMessage.emit (node:events:521:24)
[2m4:20:48 pm[22m [31m[1m[vite][22m[39m [31mws proxy error:[39m
Error: write ECONNABORTED
    at afterWriteDispatched (node:internal/stream_base_commons:159:15)
    at writeGeneric (node:internal/stream_base_commons:150:3)
    at Socket._writeGeneric (node:net:1025:11)
    at Socket._write (node:net:1037:8)
    at writeOrBuffer (node:internal/streams/writable:570:12)
    at _write (node:internal/streams/writable:499:10)
    at Writable.write (node:internal/streams/writable:508:10)
    at writeChunk (file:///C:/Users/NAKULSHARMA/Downloads/developmentsync-main/frontend/node_modules/vite/dist/node/chunks/config.js:21693:13)
    at IncomingMessage.<anonymous> (file:///C:/Users/NAKULSHARMA/Downloads/developmentsync-main/frontend/node_modules/vite/dist/node/chunks/config.js:21705:6)
    at IncomingMessage.emit (node:events:521:24)
[2m4:20:48 pm[22m [31m[1m[vite][22m[39m [31mws proxy socket error:[39m
Error: write ECONNABORTED
    at afterWriteDispatched (node:internal/stream_base_commons:159:15)
    at writeGeneric (node:internal/stream_base_commons:150:3)
    at Socket._writeGeneric (node:net:1025:11)
    at Socket._write (node:net:1037:8)
    at writeOrBuffer (node:internal/streams/writable:570:12)
    at _write (node:internal/streams/writable:499:10)
    at Writable.write (node:internal/streams/writable:508:10)
    at writeChunk (file:///C:/Users/NAKULSHARMA/Downloads/developmentsync-main/frontend/node_modules/vite/dist/node/chunks/config.js:21693:13)
    at IncomingMessage.<anonymous> (file:///C:/Users/NAKULSHARMA/Downloads/developmentsync-main/frontend/node_modules/vite/dist/node/chunks/config.js:21705:6)
    at IncomingMessage.emit (node:events:521:24)
[2m4:20:51 pm[22m [31m[1m[vite][22m[39m [31mws proxy error:[39m
Error: write ECONNABORTED
    at afterWriteDispatched (node:internal/stream_base_commons:159:15)
    at writeGeneric (node:internal/stream_base_commons:150:3)
    at Socket._writeGeneric (node:net:1025:11)
    at Socket._write (node:net:1037:8)
    at writeOrBuffer (node:internal/streams/writable:570:12)
    at _write (node:internal/streams/writable:499:10)
    at Writable.write (node:internal/streams/writable:508:10)
    at writeChunk (file:///C:/Users/NAKULSHARMA/Downloads/developmentsync-main/frontend/node_modules/vite/dist/node/chunks/config.js:21692:13)
    at IncomingMessage.<anonymous> (file:///C:/Users/NAKULSHARMA/Downloads/developmentsync-main/frontend/node_modules/vite/dist/node/chunks/config.js:21705:6)
    at IncomingMessage.emit (node:events:521:24)
[2m4:20:51 pm[22m [31m[1m[vite][22m[39m [31mws proxy socket error:[39m
Error: write ECONNABORTED
    at afterWriteDispatched (node:internal/stream_base_commons:159:15)
    at writeGeneric (node:internal/stream_base_commons:150:3)
    at Socket._writeGeneric (node:net:1025:11)
    at Socket._write (node:net:1037:8)
    at writeOrBuffer (node:internal/streams/writable:570:12)
    at _write (node:internal/streams/writable:499:10)
    at Writable.write (node:internal/streams/writable:508:10)
    at writeChunk (file:///C:/Users/NAKULSHARMA/Downloads/developmentsync-main/frontend/node_modules/vite/dist/node/chunks/config.js:21692:13)
    at IncomingMessage.<anonymous> (file:///C:/Users/NAKULSHARMA/Downloads/developmentsync-main/frontend/node_modules/vite/dist/node/chunks/config.js:21705:6)
    at IncomingMessage.emit (node:events:521:24)
[2m4:20:54 pm[22m [31m[1m[vite][22m[39m [31mws proxy error:[39m
Error: write ECONNABORTED
    at afterWriteDispatched (node:internal/stream_base_commons:159:15)
    at writeGeneric (node:internal/stream_base_commons:150:3)
    at Socket._writeGeneric (node:net:1025:11)
    at Socket._write (node:net:1037:8)
    at writeOrBuffer (node:internal/streams/writable:570:12)
    at _write (node:internal/streams/writable:499:10)
    at Writable.write (node:internal/streams/writable:508:10)
    at writeChunk (file:///C:/Users/NAKULSHARMA/Downloads/developmentsync-main/frontend/node_modules/vite/dist/node/chunks/config.js:21695:13)
    at IncomingMessage.<anonymous> (file:///C:/Users/NAKULSHARMA/Downloads/developmentsync-main/frontend/node_modules/vite/dist/node/chunks/config.js:21702:6)
    at IncomingMessage.emit (node:events:509:28)
[2m4:20:54 pm[22m [31m[1m[vite][22m[39m [31mws proxy socket error:[39m
Error: write ECONNABORTED
    at afterWriteDispatched (node:internal/stream_base_commons:159:15)
    at writeGeneric (node:internal/stream_base_commons:150:3)
    at Socket._writeGeneric (node:net:1025:11)
    at Socket._write (node:net:1037:8)
    at writeOrBuffer (node:internal/streams/writable:570:12)
    at _write (node:internal/streams/writable:499:10)
    at Writable.write (node:internal/streams/writable:508:10)
    at writeChunk (file:///C:/Users/NAKULSHARMA/Downloads/developmentsync-main/frontend/node_modules/vite/dist/node/chunks/config.js:21695:13)
    at IncomingMessage.<anonymous> (file:///C:/Users/NAKULSHARMA/Downloads/developmentsync-main/frontend/node_modules/vite/dist/node/chunks/config.js:21702:6)
    at IncomingMessage.emit (node:events:509:28)
[2m4:20:57 pm[22m [31m[1m[vite][22m[39m [31mws proxy error:[39m
Error: write ECONNABORTED
    at afterWriteDispatched (node:internal/stream_base_commons:159:15)
    at writeGeneric (node:internal/stream_base_commons:150:3)
    at Socket._writeGeneric (node:net:1025:11)
    at Socket._write (node:net:1037:8)
    at writeOrBuffer (node:internal/streams/writable:570:12)
    at _write (node:internal/streams/writable:499:10)
    at Writable.write (node:internal/streams/writable:508:10)
    at writeChunk (file:///C:/Users/NAKULSHARMA/Downloads/developmentsync-main/frontend/node_modules/vite/dist/node/chunks/config.js:21693:13)
    at IncomingMessage.<anonymous> (file:///C:/Users/NAKULSHARMA/Downloads/developmentsync-main/frontend/node_modules/vite/dist/node/chunks/config.js:21702:6)
    at IncomingMessage.emit (node:events:509:28)
[2m4:20:57 pm[22m [31m[1m[vite][22m[39m [31mws proxy socket error:[39m
Error: write ECONNABORTED
    at afterWriteDispatched (node:internal/stream_base_commons:159:15)
    at writeGeneric (node:internal/stream_base_commons:150:3)
    at Socket._writeGeneric (node:net:1025:11)
    at Socket._write (node:net:1037:8)
    at writeOrBuffer (node:internal/streams/writable:570:12)
    at _write (node:internal/streams/writable:499:10)
    at Writable.write (node:internal/streams/writable:508:10)
    at writeChunk (file:///C:/Users/NAKULSHARMA/Downloads/developmentsync-main/frontend/node_modules/vite/dist/node/chunks/config.js:21693:13)
    at IncomingMessage.<anonymous> (file:///C:/Users/NAKULSHARMA/Downloads/developmentsync-main/frontend/node_modules/vite/dist/node/chunks/config.js:21702:6)
    at IncomingMessage.emit (node:events:509:28)
[2m4:21:00 pm[22m [31m[1m[vite][22m[39m [31mws proxy error:[39m
Error: write ECONNABORTED
    at afterWriteDispatched (node:internal/stream_base_commons:159:15)
    at writeGeneric (node:internal/stream_base_commons:150:3)
    at Socket._writeGeneric (node:net:1025:11)
    at Socket._write (node:net:1037:8)
    at writeOrBuffer (node:internal/streams/writable:570:12)
    at _write (node:internal/streams/writable:499:10)
    at Writable.write (node:internal/streams/writable:508:10)
    at writeChunk (file:///C:/Users/NAKULSHARMA/Downloads/developmentsync-main/frontend/node_modules/vite/dist/node/chunks/config.js:21692:13)
    at IncomingMessage.<anonymous> (file:///C:/Users/NAKULSHARMA/Downloads/developmentsync-main/frontend/node_modules/vite/dist/node/chunks/config.js:21705:6)
    at IncomingMessage.emit (node:events:521:24)
[2m4:21:00 pm[22m [31m[1m[vite][22m[39m [31mws proxy socket error:[39m
Error: write ECONNABORTED
    at afterWriteDispatched (node:internal/stream_base_commons:159:15)
    at writeGeneric (node:internal/stream_base_commons:150:3)
    at Socket._writeGeneric (node:net:1025:11)
    at Socket._write (node:net:1037:8)
    at writeOrBuffer (node:internal/streams/writable:570:12)
    at _write (node:internal/streams/writable:499:10)
    at Writable.write (node:internal/streams/writable:508:10)
    at writeChunk (file:///C:/Users/NAKULSHARMA/Downloads/developmentsync-main/frontend/node_modules/vite/dist/node/chunks/config.js:21692:13)
    at IncomingMessage.<anonymous> (file:///C:/Users/NAKULSHARMA/Downloads/developmentsync-main/frontend/node_modules/vite/dist/node/chunks/config.js:21705:6)
    at IncomingMessage.emit (node:events:521:24)
[2m4:21:03 pm[22m [31m[1m[vite][22m[39m [31mws proxy error:[39m
Error: write ECONNABORTED
    at afterWriteDispatched (node:internal/stream_base_commons:159:15)
    at writeGeneric (node:internal/stream_base_commons:150:3)
    at Socket._writeGeneric (node:net:1025:11)
    at Socket._write (node:net:1037:8)
    at writeOrBuffer (node:internal/streams/writable:570:12)
    at _write (node:internal/streams/writable:499:10)
    at Writable.write (node:internal/streams/writable:508:10)
    at writeChunk (file:///C:/Users/NAKULSHARMA/Downloads/developmentsync-main/frontend/node_modules/vite/dist/node/chunks/config.js:21694:13)
    at IncomingMessage.<anonymous> (file:///C:/Users/NAKULSHARMA/Downloads/developmentsync-main/frontend/node_modules/vite/dist/node/chunks/config.js:21702:6)
    at IncomingMessage.emit (node:events:509:28)
[2m4:21:03 pm[22m [31m[1m[vite][22m[39m [31mws proxy socket error:[39m
Error: write ECONNABORTED
    at afterWriteDispatched (node:internal/stream_base_commons:159:15)
    at writeGeneric (node:internal/stream_base_commons:150:3)
    at Socket._writeGeneric (node:net:1025:11)
    at Socket._write (node:net:1037:8)
    at writeOrBuffer (node:internal/streams/writable:570:12)
    at _write (node:internal/streams/writable:499:10)
    at Writable.write (node:internal/streams/writable:508:10)
    at writeChunk (file:///C:/Users/NAKULSHARMA/Downloads/developmentsync-main/frontend/node_modules/vite/dist/node/chunks/config.js:21694:13)
    at IncomingMessage.<anonymous> (file:///C:/Users/NAKULSHARMA/Downloads/developmentsync-main/frontend/node_modules/vite/dist/node/chunks/config.js:21702:6)
    at IncomingMessage.emit (node:events:509:28)
[2m4:21:06 pm[22m [31m[1m[vite][22m[39m [31mws proxy error:[39m
Error: write ECONNABORTED
    at afterWriteDispatched (node:internal/stream_base_commons:159:15)
    at writeGeneric (node:internal/stream_base_commons:150:3)
    at Socket._writeGeneric (node:net:1025:11)
    at Socket._write (node:net:1037:8)
    at writeOrBuffer (node:internal/streams/writable:570:12)
    at _write (node:internal/streams/writable:499:10)
    at Writable.write (node:internal/streams/writable:508:10)
    at writeChunk (file:///C:/Users/NAKULSHARMA/Downloads/developmentsync-main/frontend/node_modules/vite/dist/node/chunks/config.js:21692:13)
    at IncomingMessage.<anonymous> (file:///C:/Users/NAKULSHARMA/Downloads/developmentsync-main/frontend/node_modules/vite/dist/node/chunks/config.js:21705:6)
    at IncomingMessage.emit (node:events:521:24)
[2m4:21:06 pm[22m [31m[1m[vite][22m[39m [31mws proxy socket error:[39m
Error: write ECONNABORTED
    at afterWriteDispatched (node:internal/stream_base_commons:159:15)
    at writeGeneric (node:internal/stream_base_commons:150:3)
    at Socket._writeGeneric (node:net:1025:11)
    at Socket._write (node:net:1037:8)
    at writeOrBuffer (node:internal/streams/writable:570:12)
    at _write (node:internal/streams/writable:499:10)
    at Writable.write (node:internal/streams/writable:508:10)
    at writeChunk (file:///C:/Users/NAKULSHARMA/Downloads/developmentsync-main/frontend/node_modules/vite/dist/node/chunks/config.js:21692:13)
    at IncomingMessage.<anonymous> (file:///C:/Users/NAKULSHARMA/Downloads/developmentsync-main/frontend/node_modules/vite/dist/node/chunks/config.js:21705:6)
    at IncomingMessage.emit (node:events:521:24)
[2m4:21:09 pm[22m [31m[1m[vite][22m[39m [31mws proxy error:[39m
Error: write ECONNABORTED
    at afterWriteDispatched (node:internal/stream_base_commons:159:15)
    at writeGeneric (node:internal/stream_base_commons:150:3)
    at Socket._writeGeneric (node:net:1025:11)
    at Socket._write (node:net:1037:8)
    at writeOrBuffer (node:internal/streams/writable:570:12)
    at _write (node:internal/streams/writable:499:10)
    at Writable.write (node:internal/streams/writable:508:10)
    at writeChunk (file:///C:/Users/NAKULSHARMA/Downloads/developmentsync-main/frontend/node_modules/vite/dist/node/chunks/config.js:21692:13)
    at IncomingMessage.<anonymous> (file:///C:/Users/NAKULSHARMA/Downloads/developmentsync-main/frontend/node_modules/vite/dist/node/chunks/config.js:21705:6)
    at IncomingMessage.emit (node:events:521:24)
[2m4:21:09 pm[22m [31m[1m[vite][22m[39m [31mws proxy socket error:[39m
Error: write ECONNABORTED
    at afterWriteDispatched (node:internal/stream_base_commons:159:15)
    at writeGeneric (node:internal/stream_base_commons:150:3)
    at Socket._writeGeneric (node:net:1025:11)
    at Socket._write (node:net:1037:8)
    at writeOrBuffer (node:internal/streams/writable:570:12)
    at _write (node:internal/streams/writable:499:10)
    at Writable.write (node:internal/streams/writable:508:10)
    at writeChunk (file:///C:/Users/NAKULSHARMA/Downloads/developmentsync-main/frontend/node_modules/vite/dist/node/chunks/config.js:21692:13)
    at IncomingMessage.<anonymous> (file:///C:/Users/NAKULSHARMA/Downloads/developmentsync-main/frontend/node_modules/vite/dist/node/chunks/config.js:21705:6)
    at IncomingMessage.emit (node:events:521:24)
[2m4:21:15 pm[22m [31m[1m[vite][22m[39m [31mws proxy error:[39m
Error: write ECONNABORTED
    at afterWriteDispatched (node:internal/stream_base_commons:159:15)
    at writeGeneric (node:internal/stream_base_commons:150:3)
    at Socket._writeGeneric (node:net:1025:11)
    at Socket._write (node:net:1037:8)
    at writeOrBuffer (node:internal/streams/writable:570:12)
    at _write (node:internal/streams/writable:499:10)
    at Writable.write (node:internal/streams/writable:508:10)
    at writeChunk (file:///C:/Users/NAKULSHARMA/Downloads/developmentsync-main/frontend/node_modules/vite/dist/node/chunks/config.js:21692:13)
    at IncomingMessage.<anonymous> (file:///C:/Users/NAKULSHARMA/Downloads/developmentsync-main/frontend/node_modules/vite/dist/node/chunks/config.js:21705:6)
    at IncomingMessage.emit (node:events:521:24)
[2m4:21:15 pm[22m [31m[1m[vite][22m[39m [31mws proxy socket error:[39m
Error: write ECONNABORTED
    at afterWriteDispatched (node:internal/stream_base_commons:159:15)
    at writeGeneric (node:internal/stream_base_commons:150:3)
    at Socket._writeGeneric (node:net:1025:11)
    at Socket._write (node:net:1037:8)
    at writeOrBuffer (node:internal/streams/writable:570:12)
    at _write (node:internal/streams/writable:499:10)
    at Writable.write (node:internal/streams/writable:508:10)
    at writeChunk (file:///C:/Users/NAKULSHARMA/Downloads/developmentsync-main/frontend/node_modules/vite/dist/node/chunks/config.js:21692:13)
    at IncomingMessage.<anonymous> (file:///C:/Users/NAKULSHARMA/Downloads/developmentsync-main/frontend/node_modules/vite/dist/node/chunks/config.js:21705:6)
    at IncomingMessage.emit (node:events:521:24)
[2m4:21:18 pm[22m [31m[1m[vite][22m[39m [31mws proxy error:[39m
Error: write ECONNABORTED
    at afterWriteDispatched (node:internal/stream_base_commons:159:15)
    at writeGeneric (node:internal/stream_base_commons:150:3)
    at Socket._writeGeneric (node:net:1025:11)
    at Socket._write (node:net:1037:8)
    at writeOrBuffer (node:internal/streams/writable:570:12)
    at _write (node:internal/streams/writable:499:10)
    at Writable.write (node:internal/streams/writable:508:10)
    at writeChunk (file:///C:/Users/NAKULSHARMA/Downloads/developmentsync-main/frontend/node_modules/vite/dist/node/chunks/config.js:21692:13)
    at IncomingMessage.<anonymous> (file:///C:/Users/NAKULSHARMA/Downloads/developmentsync-main/frontend/node_modules/vite/dist/node/chunks/config.js:21705:6)
    at IncomingMessage.emit (node:events:521:24)
[2m4:21:18 pm[22m [31m[1m[vite][22m[39m [31mws proxy socket error:[39m
Error: write ECONNABORTED
    at afterWriteDispatched (node:internal/stream_base_commons:159:15)
    at writeGeneric (node:internal/stream_base_commons:150:3)
    at Socket._writeGeneric (node:net:1025:11)
    at Socket._write (node:net:1037:8)
    at writeOrBuffer (node:internal/streams/writable:570:12)
    at _write (node:internal/streams/writable:499:10)
    at Writable.write (node:internal/streams/writable:508:10)
    at writeChunk (file:///C:/Users/NAKULSHARMA/Downloads/developmentsync-main/frontend/node_modules/vite/dist/node/chunks/config.js:21692:13)
    at IncomingMessage.<anonymous> (file:///C:/Users/NAKULSHARMA/Downloads/developmentsync-main/frontend/node_modules/vite/dist/node/chunks/config.js:21705:6)
    at IncomingMessage.emit (node:events:521:24)
[2m4:21:21 pm[22m [31m[1m[vite][22m[39m [31mws proxy error:[39m
Error: write ECONNABORTED
    at afterWriteDispatched (node:internal/stream_base_commons:159:15)
    at writeGeneric (node:internal/stream_base_commons:150:3)
    at Socket._writeGeneric (node:net:1025:11)
    at Socket._write (node:net:1037:8)
    at writeOrBuffer (node:internal/streams/writable:570:12)
    at _write (node:internal/streams/writable:499:10)
    at Writable.write (node:internal/streams/writable:508:10)
    at writeChunk (file:///C:/Users/NAKULSHARMA/Downloads/developmentsync-main/frontend/node_modules/vite/dist/node/chunks/config.js:21692:13)
    at IncomingMessage.<anonymous> (file:///C:/Users/NAKULSHARMA/Downloads/developmentsync-main/frontend/node_modules/vite/dist/node/chunks/config.js:21705:6)
    at IncomingMessage.emit (node:events:521:24)
[2m4:21:21 pm[22m [31m[1m[vite][22m[39m [31mws proxy socket error:[39m
Error: write ECONNABORTED
    at afterWriteDispatched (node:internal/stream_base_commons:159:15)
    at writeGeneric (node:internal/stream_base_commons:150:3)
    at Socket._writeGeneric (node:net:1025:11)
    at Socket._write (node:net:1037:8)
    at writeOrBuffer (node:internal/streams/writable:570:12)
    at _write (node:internal/streams/writable:499:10)
    at Writable.write (node:internal/streams/writable:508:10)
    at writeChunk (file:///C:/Users/NAKULSHARMA/Downloads/developmentsync-main/frontend/node_modules/vite/dist/node/chunks/config.js:21692:13)
    at IncomingMessage.<anonymous> (file:///C:/Users/NAKULSHARMA/Downloads/developmentsync-main/frontend/node_modules/vite/dist/node/chunks/config.js:21705:6)
    at IncomingMessage.emit (node:events:521:24)
[2m4:21:25 pm[22m [31m[1m[vite][22m[39m [31mws proxy error:[39m
Error: write ECONNABORTED
    at afterWriteDispatched (node:internal/stream_base_commons:159:15)
    at writeGeneric (node:internal/stream_base_commons:150:3)
    at Socket._writeGeneric (node:net:1025:11)
    at Socket._write (node:net:1037:8)
    at writeOrBuffer (node:internal/streams/writable:570:12)
    at _write (node:internal/streams/writable:499:10)
    at Writable.write (node:internal/streams/writable:508:10)
    at writeChunk (file:///C:/Users/NAKULSHARMA/Downloads/developmentsync-main/frontend/node_modules/vite/dist/node/chunks/config.js:21694:13)
    at IncomingMessage.<anonymous> (file:///C:/Users/NAKULSHARMA/Downloads/developmentsync-main/frontend/node_modules/vite/dist/node/chunks/config.js:21702:6)
    at IncomingMessage.emit (node:events:509:28)
[2m4:21:25 pm[22m [31m[1m[vite][22m[39m [31mws proxy socket error:[39m
Error: write ECONNABORTED
    at afterWriteDispatched (node:internal/stream_base_commons:159:15)
    at writeGeneric (node:internal/stream_base_commons:150:3)
    at Socket._writeGeneric (node:net:1025:11)
    at Socket._write (node:net:1037:8)
    at writeOrBuffer (node:internal/streams/writable:570:12)
    at _write (node:internal/streams/writable:499:10)
    at Writable.write (node:internal/streams/writable:508:10)
    at writeChunk (file:///C:/Users/NAKULSHARMA/Downloads/developmentsync-main/frontend/node_modules/vite/dist/node/chunks/config.js:21694:13)
    at IncomingMessage.<anonymous> (file:///C:/Users/NAKULSHARMA/Downloads/developmentsync-main/frontend/node_modules/vite/dist/node/chunks/config.js:21702:6)
    at IncomingMessage.emit (node:events:509:28)
[2m4:21:29 pm[22m [31m[1m[vite][22m[39m [31mws proxy error:[39m
Error: write ECONNABORTED
    at afterWriteDispatched (node:internal/stream_base_commons:159:15)
    at writeGeneric (node:internal/stream_base_commons:150:3)
    at Socket._writeGeneric (node:net:1025:11)
    at Socket._write (node:net:1037:8)
    at writeOrBuffer (node:internal/streams/writable:570:12)
    at _write (node:internal/streams/writable:499:10)
    at Writable.write (node:internal/streams/writable:508:10)
    at writeChunk (file:///C:/Users/NAKULSHARMA/Downloads/developmentsync-main/frontend/node_modules/vite/dist/node/chunks/config.js:21692:13)
    at IncomingMessage.<anonymous> (file:///C:/Users/NAKULSHARMA/Downloads/developmentsync-main/frontend/node_modules/vite/dist/node/chunks/config.js:21705:6)
    at IncomingMessage.emit (node:events:521:24)
[2m4:21:29 pm[22m [31m[1m[vite][22m[39m [31mws proxy socket error:[39m
Error: write ECONNABORTED
    at afterWriteDispatched (node:internal/stream_base_commons:159:15)
    at writeGeneric (node:internal/stream_base_commons:150:3)
    at Socket._writeGeneric (node:net:1025:11)
    at Socket._write (node:net:1037:8)
    at writeOrBuffer (node:internal/streams/writable:570:12)
    at _write (node:internal/streams/writable:499:10)
    at Writable.write (node:internal/streams/writable:508:10)
    at writeChunk (file:///C:/Users/NAKULSHARMA/Downloads/developmentsync-main/frontend/node_modules/vite/dist/node/chunks/config.js:21692:13)
    at IncomingMessage.<anonymous> (file:///C:/Users/NAKULSHARMA/Downloads/developmentsync-main/frontend/node_modules/vite/dist/node/chunks/config.js:21705:6)
    at IncomingMessage.emit (node:events:521:24)
[2m4:21:33 pm[22m [31m[1m[vite][22m[39m [31mws proxy error:[39m
Error: write ECONNABORTED
    at afterWriteDispatched (node:internal/stream_base_commons:159:15)
    at writeGeneric (node:internal/stream_base_commons:150:3)
    at Socket._writeGeneric (node:net:1025:11)
    at Socket._write (node:net:1037:8)
    at writeOrBuffer (node:internal/streams/writable:570:12)
    at _write (node:internal/streams/writable:499:10)
    at Writable.write (node:internal/streams/writable:508:10)
    at writeChunk (file:///C:/Users/NAKULSHARMA/Downloads/developmentsync-main/frontend/node_modules/vite/dist/node/chunks/config.js:21693:13)
    at IncomingMessage.<anonymous> (file:///C:/Users/NAKULSHARMA/Downloads/developmentsync-main/frontend/node_modules/vite/dist/node/chunks/config.js:21702:6)
    at IncomingMessage.emit (node:events:509:28)
[2m4:21:33 pm[22m [31m[1m[vite][22m[39m [31mws proxy socket error:[39m
Error: write ECONNABORTED
    at afterWriteDispatched (node:internal/stream_base_commons:159:15)
    at writeGeneric (node:internal/stream_base_commons:150:3)
    at Socket._writeGeneric (node:net:1025:11)
    at Socket._write (node:net:1037:8)
    at writeOrBuffer (node:internal/streams/writable:570:12)
    at _write (node:internal/streams/writable:499:10)
    at Writable.write (node:internal/streams/writable:508:10)
    at writeChunk (file:///C:/Users/NAKULSHARMA/Downloads/developmentsync-main/frontend/node_modules/vite/dist/node/chunks/config.js:21693:13)
    at IncomingMessage.<anonymous> (file:///C:/Users/NAKULSHARMA/Downloads/developmentsync-main/frontend/node_modules/vite/dist/node/chunks/config.js:21702:6)
    at IncomingMessage.emit (node:events:509:28)
[2m4:21:39 pm[22m [31m[1m[vite][22m[39m [31mws proxy error:[39m
Error: write ECONNABORTED
    at afterWriteDispatched (node:internal/stream_base_commons:159:15)
    at writeGeneric (node:internal/stream_base_commons:150:3)
    at Socket._writeGeneric (node:net:1025:11)
    at Socket._write (node:net:1037:8)
    at writeOrBuffer (node:internal/streams/writable:570:12)
    at _write (node:internal/streams/writable:499:10)
    at Writable.write (node:internal/streams/writable:508:10)
    at writeChunk (file:///C:/Users/NAKULSHARMA/Downloads/developmentsync-main/frontend/node_modules/vite/dist/node/chunks/config.js:21692:13)
    at IncomingMessage.<anonymous> (file:///C:/Users/NAKULSHARMA/Downloads/developmentsync-main/frontend/node_modules/vite/dist/node/chunks/config.js:21705:6)
    at IncomingMessage.emit (node:events:521:24)
[2m4:21:39 pm[22m [31m[1m[vite][22m[39m [31mws proxy socket error:[39m
Error: write ECONNABORTED
    at afterWriteDispatched (node:internal/stream_base_commons:159:15)
    at writeGeneric (node:internal/stream_base_commons:150:3)
    at Socket._writeGeneric (node:net:1025:11)
    at Socket._write (node:net:1037:8)
    at writeOrBuffer (node:internal/streams/writable:570:12)
    at _write (node:internal/streams/writable:499:10)
    at Writable.write (node:internal/streams/writable:508:10)
    at writeChunk (file:///C:/Users/NAKULSHARMA/Downloads/developmentsync-main/frontend/node_modules/vite/dist/node/chunks/config.js:21692:13)
    at IncomingMessage.<anonymous> (file:///C:/Users/NAKULSHARMA/Downloads/developmentsync-main/frontend/node_modules/vite/dist/node/chunks/config.js:21705:6)
    at IncomingMessage.emit (node:events:521:24)
[2m4:21:43 pm[22m [31m[1m[vite][22m[39m [31mws proxy error:[39m
Error: write ECONNABORTED
    at afterWriteDispatched (node:internal/stream_base_commons:159:15)
    at writeGeneric (node:internal/stream_base_commons:150:3)
    at Socket._writeGeneric (node:net:1025:11)
    at Socket._write (node:net:1037:8)
    at writeOrBuffer (node:internal/streams/writable:570:12)
    at _write (node:internal/streams/writable:499:10)
    at Writable.write (node:internal/streams/writable:508:10)
    at writeChunk (file:///C:/Users/NAKULSHARMA/Downloads/developmentsync-main/frontend/node_modules/vite/dist/node/chunks/config.js:21692:13)
    at IncomingMessage.<anonymous> (file:///C:/Users/NAKULSHARMA/Downloads/developmentsync-main/frontend/node_modules/vite/dist/node/chunks/config.js:21705:6)
    at IncomingMessage.emit (node:events:521:24)
[2m4:21:43 pm[22m [31m[1m[vite][22m[39m [31mws proxy socket error:[39m
Error: write ECONNABORTED
    at afterWriteDispatched (node:internal/stream_base_commons:159:15)
    at writeGeneric (node:internal/stream_base_commons:150:3)
    at Socket._writeGeneric (node:net:1025:11)
    at Socket._write (node:net:1037:8)
    at writeOrBuffer (node:internal/streams/writable:570:12)
    at _write (node:internal/streams/writable:499:10)
    at Writable.write (node:internal/streams/writable:508:10)
    at writeChunk (file:///C:/Users/NAKULSHARMA/Downloads/developmentsync-main/frontend/node_modules/vite/dist/node/chunks/config.js:21692:13)
    at IncomingMessage.<anonymous> (file:///C:/Users/NAKULSHARMA/Downloads/developmentsync-main/frontend/node_modules/vite/dist/node/chunks/config.js:21705:6)
    at IncomingMessage.emit (node:events:521:24)
[2m4:21:50 pm[22m [31m[1m[vite][22m[39m [31mws proxy error:[39m
Error: write ECONNABORTED
    at afterWriteDispatched (node:internal/stream_base_commons:159:15)
    at writeGeneric (node:internal/stream_base_commons:150:3)
    at Socket._writeGeneric (node:net:1025:11)
    at Socket._write (node:net:1037:8)
    at writeOrBuffer (node:internal/streams/writable:570:12)
    at _write (node:internal/streams/writable:499:10)
    at Writable.write (node:internal/streams/writable:508:10)
    at writeChunk (file:///C:/Users/NAKULSHARMA/Downloads/developmentsync-main/frontend/node_modules/vite/dist/node/chunks/config.js:21692:13)
    at IncomingMessage.<anonymous> (file:///C:/Users/NAKULSHARMA/Downloads/developmentsync-main/frontend/node_modules/vite/dist/node/chunks/config.js:21705:6)
    at IncomingMessage.emit (node:events:521:24)
[2m4:21:50 pm[22m [31m[1m[vite][22m[39m [31mws proxy socket error:[39m
Error: write ECONNABORTED
    at afterWriteDispatched (node:internal/stream_base_commons:159:15)
    at writeGeneric (node:internal/stream_base_commons:150:3)
    at Socket._writeGeneric (node:net:1025:11)
    at Socket._write (node:net:1037:8)
    at writeOrBuffer (node:internal/streams/writable:570:12)
    at _write (node:internal/streams/writable:499:10)
    at Writable.write (node:internal/streams/writable:508:10)
    at writeChunk (file:///C:/Users/NAKULSHARMA/Downloads/developmentsync-main/frontend/node_modules/vite/dist/node/chunks/config.js:21692:13)
    at IncomingMessage.<anonymous> (file:///C:/Users/NAKULSHARMA/Downloads/developmentsync-main/frontend/node_modules/vite/dist/node/chunks/config.js:21705:6)
    at IncomingMessage.emit (node:events:521:24)
